Area [-],Diameter [-],Perimeter [-],Area [mym^2],Diameter [mym],Perimeter [mym],Volume [mym^3] ,Irregularity [-],Diameter Ratio [-]
14422.5,135.51124430814914,425.72112959729304,73299.7509696,305.49654916829144,959.7457145641374,14928547.317405283,1.157567814290179,1.2837367890869478
6004.5,87.43664475700268,274.69032082314015,30516.786597119994,197.11717194018684,619.261859263687,4010255.1138176615,1.0783348676313655,1.1436852395001254
18871.0,155.0074303015738,486.97020428725614,95908.44864256,349.44875087186796,1097.8256285451903,22343391.717467528,1.1398399705498614,1.2069558686416555
19637.5,158.12413338809722,496.76161580729877,99804.046432,356.47504631012634,1119.8993866759743,23718434.7158568,1.0826732539570423,1.105876436613509
