Area [-],Diameter [-],Perimeter [-],Area [mym^2],Diameter [mym],Perimeter [mym],Volume [mym^3] ,Irregularity [-],Diameter Ratio [-]
12661.0,126.96647540154801,398.8769463736924,64347.24541696,286.23322214524984,899.2281879048522,12278879.594578415,1.1326522853363779,1.1490131840977764
14804.5,137.29411800959178,431.32219252002363,75241.19696511999,309.5158596408237,972.3727508171412,15525562.50604243,1.1247272839920752,1.1918874021044334
9830.0,111.87468312691058,351.46468263418825,49959.19930880001,252.21028564130722,792.3419805305141,8400149.285388965,1.3470649041673703,1.3999067179992408
17316.0,148.48372286763987,466.4753729386402,88005.44203776002,334.74170483280733,1051.6220807528705,19639394.46818973,1.1054627202755736,1.1524484921612257
7721.5,99.15300875249605,311.49836387816606,39243.12893823999,223.53054293162708,702.2419115269375,5848025.278600421,1.086658746112154,1.1598236044158874
