Area [-],Diameter [-],Perimeter [-],Area [mym^2],Diameter [mym],Perimeter [mym],Volume [mym^3] ,Irregularity [-],Diameter Ratio [-]
24754.0,177.53245249918174,557.7346485452083,125807.73343744002,400.22916091415533,1257.3569916803176,33567949.06011889,1.0816418082552903,1.0887598531320384
8927.5,106.61541181097208,334.94219450480034,45372.40608639999,240.35378438665543,755.0936832916218,7270286.33972957,1.1706211012210113,1.2336719443152453
57513.5,270.607580374471,850.1387865101476,292301.97451136005,610.0577291962074,1916.5528803084767,118880719.20664535,1.112311795332864,1.0343113307651841
13811.5,132.6097582084731,416.60584218205787,70194.45384063997,298.9554389051817,939.1962106152312,13990009.171092028,1.193120481535189,1.3601833181013387
14527.5,136.0036304152947,427.2680061742312,73833.3945024,306.6065844082404,963.2329931191869,15091869.935764678,1.1087824220006925,1.2140988897520182
12428.5,125.79530071406074,395.1975925794121,63165.60616575999,283.5929259297785,890.9334527110266,11942212.713783957,1.1005715141834636,1.1860500597309236
12987.0,128.5906760518645,403.9795232046825,66004.08152831999,289.8948200913233,910.7314371126361,12756160.893296907,1.1762622266389786,1.19484993303072
