Area [-],Diameter [-],Perimeter [-],Area [mym^2],Diameter [mym],Perimeter [mym],Volume [mym^3] ,Irregularity [-],Diameter Ratio [-]
81049.0,321.23946186799685,1009.2035334476374,411916.90180864005,724.2022428352121,2275.1484458043537,198874096.10103264,1.23016256251221,1.1829783159800895
14044.5,133.72364333218337,420.105215503649,71378.63425151998,301.4665815280742,947.0851978314263,14345515.241298959,1.1403356715300497,1.3011909910932205
8579.5,104.51678656586859,328.3491688521451,43603.75894912,235.62264363409415,740.230366260276,6849355.30398363,1.1481743330389536,1.3135469332598737
17009.0,147.16158267836204,462.32174703298915,86445.16999424,331.76107199009937,1042.2581465111707,19119428.177103624,1.1556855258268968,1.2053621086228663
14057.5,133.78551827501568,420.2996013694923,71444.70440320001,301.60607239919534,947.5234213273834,14365437.792513767,1.0742036578398173,1.099638391625124
20679.5,162.26508301341605,509.77079272908577,105099.82320512002,365.81040314544515,1149.227275128451,25631072.464786645,1.0968541770292408,1.1677444253518026
19940.5,159.33936469620906,500.5793775572752,101343.98919808,359.2146637711337,1128.5061487651212,24269498.003342476,1.0999255896363092,1.051744527343138
