Area [-],Diameter [-],Perimeter [-],Area [mym^2],Diameter [mym],Perimeter [mym],Volume [mym^3] ,Irregularity [-],Diameter Ratio [-]
5905.5,86.7128371778568,272.4164122498828,30013.636980479998,195.48542013376036,614.1355597761358,3911485.6232475326,1.0607940261388524,1.068249832789146
7221.0,95.88567542929763,301.2337335131768,36699.428098560005,216.1646666878086,679.1013288321058,5288746.428372281,1.0828498588294195,1.1656806813671539
9734.0,111.32705748582451,349.7442659432349,49471.29665024,250.97571839604277,788.4634731424286,8277396.144518486,1.1314839107568502,1.2991122377581303
