Area [-],Diameter [-],Perimeter [-],Area [mym^2],Diameter [mym],Perimeter [mym],Volume [mym^3] ,Irregularity [-],Diameter Ratio [-]
2490.0,56.30600737390776,176.89053911884133,12654.975206399999,126.93626302373765,398.7820313895159,1070916.8409056459,1.2076528532658775,1.280944903614304
11043.0,118.57649131472225,372.5190340027853,56124.052692479985,267.3188420199098,839.8069102558792,10002011.183478769,1.0768885121302052,1.1593985913050755
19338.5,156.91571921213293,492.9652707095956,98284.43294335999,353.75079739183246,1111.3409062877122,23178797.683278456,1.0733904694152834,1.0794737402085113
21032.0,163.64221370071337,514.0971763793322,106891.34077952002,368.9150065668882,1158.9806744295663,26289213.123746738,1.0795329531360218,1.045103535100417
12586.0,126.5898610080474,397.6937773618347,63966.071464959976,285.384182656542,896.56085168452,12169936.681851707,1.0916238961679596,1.1656352313976441
14385.5,135.33730997322093,425.1746987684755,73111.70515327998,305.1044316036292,958.513840903651,14871136.829575747,1.0926701027865973,1.2048328574203915
