Area [-],Diameter [-],Perimeter [-],Area [mym^2],Diameter [mym],Perimeter [mym],Volume [mym^3] ,Irregularity [-],Diameter Ratio [-]
11588.0,121.46727890420146,381.60071105698177,58893.91674368,273.8358335616318,860.2806430068597,10751509.855476638,1.082333761228419,1.160806443282586
1334.5,41.220603737076374,129.4983458769351,6782.35518592,92.92772906486498,291.9410709449625,420179.2434259038,1.1246445522636097,1.204269239365668
15383.0,139.95086250774236,439.6686015178786,78181.31871487999,315.5052244374544,991.1888952619056,16444409.671969578,1.1008061382434189,1.1953271355464363
14252.5,134.71023202169133,423.20467528272195,72435.75667840002,303.69074706970093,954.0726199573685,14665379.373481587,1.1174707069032206,1.2599878907570112
25028.5,178.51407772331015,560.8185151379085,127202.83010175999,402.4421368194304,1264.309260526901,34127852.50375417,1.063802372631644,1.058740029976474
17862.0,150.8065142759406,473.7726373627792,90780.38840832,339.9782057836805,1068.0730336706495,20575569.047604173,1.214230346820495,1.2042524586722017
