Area [-],Diameter [-],Perimeter [-],Area [mym^2],Diameter [mym],Perimeter [mym],Volume [mym^3] ,Irregularity [-],Diameter Ratio [-]
32071.5,202.07598090563306,634.8404170800882,162997.60535424002,455.5600913536592,1431.1842362653506,49503469.32373685,1.0976387828360785,1.1290598096209137
10286.5,114.44290531491347,359.5329905928045,52279.278096639995,258.00008574194095,810.5311739924184,8992038.820973264,1.0859463710970116,1.1883654965396735
11947.5,123.33705631611028,387.47479003808263,60721.01055359999,278.051059759039,873.5231666618535,11255694.222712182,1.127605818200428,1.0778347555309586
16687.5,145.76414134747967,457.9315556140663,84811.20432000002,328.6106802537582,1032.360898976351,18579911.69649045,1.245470364463344,1.365044246987683
