Area [-],Diameter [-],Perimeter [-],Area [mym^2],Diameter [mym],Perimeter [mym],Volume [mym^3] ,Irregularity [-],Diameter Ratio [-]
8821.5,105.98057672932921,332.94780127607004,44833.68023424,238.9226121785998,750.5975231967724,7141186.663429786,1.0887364929833787,1.2077684793781378
17310.0,148.45799580812638,466.39454899747415,87974.9481216,334.6837057498401,1051.4398712599057,19629187.76699135,1.1419887155614736,1.2631388091257574
12098.0,124.11144996415922,389.9076194337798,61485.89961728001,279.79685279920056,879.0077372515133,11469040.802961677,1.1319667960682718,1.2253628353504613
8946.0,106.72582146416472,335.2890566601558,45466.42899455999,240.60269190881294,755.8756493346551,7292896.805048025,1.0619158703667142,1.0025689990676467
12786.0,127.59169572892975,400.8411339610699,64982.53533695998,287.6427188512992,903.6562524018359,12461168.761449197,1.0806312814929564,1.1490641093091585
