Area [-],Diameter [-],Perimeter [-],Area [mym^2],Diameter [mym],Perimeter [mym],Volume [mym^3] ,Irregularity [-],Diameter Ratio [-]
13547.0,131.33383460680363,412.5974099685112,68850.18036992001,296.0789967375781,930.1596010330117,13590061.552751474,1.0650714920008242,1.063927360778828
17786.5,150.48745848884542,472.7702940459557,90396.67329664,339.2589264172531,1065.8133508972026,20445252.222872842,1.0684770800834251,1.0730301811219465
7316.5,96.51765190396428,303.2191461632311,37184.78959744,217.58939445229706,683.5772431103882,5394010.56756203,1.0844815425281056,1.185500161238709
42465.0,232.5255196041473,730.5004641605385,215820.69162240002,524.2055313955897,1646.8402464035182,75422933.5587226,1.0981249711798837,1.0643931302472565
18097.0,151.79530968074158,476.87902974240535,91974.73345791998,342.2073461442638,1075.0760846512785,20982952.96597388,1.0626582754329372,1.0342875569093999
