Area [-],Diameter [-],Perimeter [-],Area [mym^2],Diameter [mym],Perimeter [mym],Volume [mym^3] ,Irregularity [-],Diameter Ratio [-]
8282.0,102.68870390406444,322.60607779166634,42091.76893952001,231.50141408132288,727.2831417735326,6496202.687122124,1.1103042703389991,1.2173075874061416
15727.0,141.50702569148254,444.5574323437037,79929.63657471996,319.0134387188782,1002.2102754756454,16999085.479501087,1.0897920973194621,1.138363017376244
6773.5,92.86704504970332,291.75042648874035,34425.090184960005,209.35946636005116,657.7221614762161,4804812.340346574,1.0786391497720824,1.141416742002158
11475.5,120.87621931384336,379.743842590079,58322.15581568001,272.5033488211285,856.0945187350741,10595321.846826972,1.1518398979127458,1.285204257675485
11286.0,119.87402346580784,376.59535147643237,57359.05629696001,270.2439985013172,848.9965603684692,10333960.482635088,1.0945193672556464,1.167892725649046
37684.5,219.0465604011445,688.1550649503484,191524.66392192,493.81856576834014,1551.3767784240654,63052289.89812393,1.1814081225328854,1.1645033086518384
