Area [-],Diameter [-],Perimeter [-],Area [mym^2],Diameter [mym],Perimeter [mym],Volume [mym^3] ,Irregularity [-],Diameter Ratio [-]
9062.5,107.41849642478903,337.46515922777866,46058.5192,242.16425834004437,760.7814549631041,7435818.094872463,1.1164906419774134,1.2155368099574089
9723.5,111.26699741267558,349.55558165865614,49417.932296959996,250.84031896713583,788.0381032912744,8264006.600043845,1.0782801003046076,1.1220844483128247
9108.0,107.68781627207352,338.31125248147356,46289.76473088,242.77141300376255,762.688887594234,7491887.7275516465,1.1001434421096714,1.234211118055121
11892.5,123.05283940552904,386.58189627977464,60441.48298879999,277.41032115582465,871.5102269731238,11178060.804704877,1.1063331825963822,1.1773669130652744
12175.0,124.50578884995913,391.14647158043357,61877.23820800001,280.6858503833479,881.8006055309295,11578710.150523646,1.134948293068187,1.2930874414382303
18434.5,153.2042244437808,481.30526601150353,93690.01624192,345.3836035860594,1085.0545916963335,21572663.619780507,1.0790350126474917,1.0965755063865659
5993.0,87.35287397445965,274.4271471481175,30458.339924480006,196.92831908802185,618.668560530716,3998739.789026289,1.0805565511223774,1.1493610837101873
17218.0,148.06295445265852,465.15348997727216,87507.37474048,333.79312451807334,1048.6420278047622,19472906.688665826,1.121324220179498,1.1424630083168015
