Area [-],Diameter [-],Perimeter [-],Area [mym^2],Diameter [mym],Perimeter [mym],Volume [mym^3] ,Irregularity [-],Diameter Ratio [-]
10998.0,118.3346462917658,371.7592554553581,55895.34832127999,266.7736266001568,838.0940654985592,9940936.521164564,1.1824530740306576,1.3656188312243214
41560.0,230.03442237889823,722.6744514183182,211221.19260159996,518.5896018109881,1629.1972832774563,73024742.7768705,1.218261134186735,1.1567891257642722
8766.0,105.64666511134385,331.89878699005897,44551.611509760005,238.16984182701358,748.2326253903889,7073900.177612066,1.0977233285339292,1.1979691645748418
17322.0,148.50944547032182,466.556182878257,88035.93595392,334.7996938682935,1051.8042586807426,19649602.937854074,1.0886813612164614,1.1269271708180875
