Area [-],Diameter [-],Perimeter [-],Area [mym^2],Diameter [mym],Perimeter [mym],Volume [mym^3] ,Irregularity [-],Diameter Ratio [-]
28749.0,191.32266899557717,601.0578913816969,146111.59928064,431.3178249836292,1355.0249103308975,42013691.47107015,1.075170437828454,1.0775799197812763
15142.0,138.85025454200593,436.2109396182386,76956.47974912,313.02401383949814,983.3939422753571,16059484.121351732,1.0896187153515997,1.173926547975381
16240.0,143.79641931042318,451.7497745181429,82536.86640640002,324.174647693418,1018.4246916737014,17837573.059342287,1.1512416496417508,1.008370032406569
