Area [-],Diameter [-],Perimeter [-],Area [mym^2],Diameter [mym],Perimeter [mym],Volume [mym^3] ,Irregularity [-],Diameter Ratio [-]
13760.5,132.36469603080803,415.8359566450326,69935.25555327999,298.4029707318536,937.4605806605613,13912592.010660075,1.1304707855695888,1.2103758317508249
13011.5,128.7119121772401,404.3603977255121,66128.59835263998,290.16813481237006,911.5900806323945,12792274.694494607,1.1112493615239036,1.2017499569046188
11272.0,119.79965003394106,376.36170044925746,57287.90382591999,270.0763310365167,848.4698174928059,10314737.918718198,1.1093174826673176,1.1538537669071427
6032.5,87.6402735824967,275.33003964537124,30659.0915392,197.57623276438056,620.704041376525,4038338.537528953,1.0806007925361474,1.1638484891764553
6948.0,94.05566626641858,295.48459017107393,35311.95491328,212.03909403101406,666.1404600816692,4991676.618850605,1.0900996404758014,1.15888818108258
