Area [-],Diameter [-],Perimeter [-],Area [mym^2],Diameter [mym],Perimeter [mym],Volume [mym^3] ,Irregularity [-],Diameter Ratio [-]
12019.5,123.70813517285065,388.6405686483207,61086.93754751999,278.8876199336745,876.1512979607742,11357593.747776577,1.0745278620808667,1.088103616621736
11131.0,119.04801288743587,374.00036271163157,56571.29679616001,268.3818402534354,843.1464176971022,10121805.826451132,1.1010387313331655,1.2295131199577356
18441.0,153.23123194852,481.390112589984,93723.05131776,345.44448930474346,1085.24586982286,21584074.399030574,1.1904442744580157,1.203549094265348
13402.5,130.63151609896067,410.39101130379163,68115.78522240001,294.49568989349694,925.1854958832679,13373203.441138638,1.1994827070121894,1.246144429347854
10816.5,117.35414579650728,368.67892230261276,54972.907357439995,264.563186283646,831.1497624390103,9695871.686506676,1.1600564984138142,1.2263213512956566
35998.0,214.08894677534474,672.5802624041993,182953.33232128,482.64212161033714,1516.2649435640267,58867322.97814909,1.168603711143715,1.0551082964727594
17023.0,147.22213410362818,462.5119749457696,86516.32246528001,331.8975791232194,1042.686996317743,19143038.653913494,1.0776289663577177,1.0078055026089467
7908.5,100.34647447488145,315.24774702392324,40193.522658559996,226.22109205617272,710.6945208907325,6061748.392935976,1.1041804544607132,1.2317949196786302
