Area [-],Diameter [-],Perimeter [-],Area [mym^2],Diameter [mym],Perimeter [mym],Volume [mym^3] ,Irregularity [-],Diameter Ratio [-]
18833.0,154.85128461203453,486.4796581361099,95715.32050687999,349.0967360293706,1096.719741302046,22275937.31797126,1.1513277718565997,1.2085231187506145
25190.0,179.08909551359835,562.6249868035613,128023.6246784,403.7384569258561,1268.3817702499487,34458707.118474774,1.1295783412308813,1.0723648072096421
17723.0,150.21858890077914,471.92561532331297,90073.94601727999,338.6527868179165,1063.9091071848768,20335861.892292287,1.094025275503041,1.14355601546187
11982.0,123.51500404815894,388.0338293258097,60896.35057152001,278.45222512616954,874.7834648321054,11304482.879135355,1.127920046225724,1.0149503383809926
