Area [-],Diameter [-],Perimeter [-],Area [mym^2],Diameter [mym],Perimeter [mym],Volume [mym^3] ,Irregularity [-],Diameter Ratio [-]
11598.0,121.51967840575624,381.765328946118,58944.73993728,273.95396299793686,860.6517575761285,10765430.069133744,1.1049923289959658,1.2149471268174936
1355.0,41.53600345623234,130.48920331757978,6886.542732799999,93.6387661917302,294.1748599591519,429898.24321734527,1.2797606501241652,1.2381922554124818
20015.5,159.6387362379402,501.51988099347165,101725.16315007997,359.8895669748124,1130.6264197116825,24406549.944349617,1.0856158494838437,1.052376158563404
14417.0,135.4854033335209,425.63994778123936,73271.79821311998,305.4382932750895,959.5626982780259,14920008.660941413,1.0919074907298487,1.14935420755589
