Area [-],Diameter [-],Perimeter [-],Area [mym^2],Diameter [mym],Perimeter [mym],Volume [mym^3] ,Irregularity [-],Diameter Ratio [-]
10429.0,115.23287383400195,362.01474988894,53003.50860543999,259.780990771374,816.1260521496264,9179535.986586832,1.1060099523509963,1.2046968377349925
10570.5,116.01197613877214,364.46237196600094,53722.65679488,261.5373990072479,821.6439713601526,9366989.28392798,1.0869414955612202,1.1673346941828355
11432.0,120.6468999826037,379.0234146637303,58101.07492351999,271.98637132078176,854.4703860179136,10535133.692190045,1.1117700058735664,1.2659674339642535
7747.0,99.3165985777972,312.01229647153417,39372.72808192001,223.899339833786,703.4005211654267,5877018.549998038,1.0754816172102344,1.1036798010054645
16795.0,146.23289012334763,459.4041733247123,85357.55365120001,329.6674274940749,1035.6807683432314,18759736.75291906,1.126340963091559,1.2068762400954138
32908.0,204.6943256129606,643.066189577194,167248.96549888002,461.46288766185836,1449.7284177828262,51452793.718381114,1.0929933873680224,1.073398351311358
9598.0,110.5466107592996,347.292420240666,48780.10121728001,249.21627929576502,782.9360321905574,8104530.219360895,1.109210339472468,1.223963145388515
16963.0,146.9624523384887,461.6961606201362,86211.38330367998,331.3121525518889,1040.847824502035,19041919.317878794,1.0808920685614838,1.0891898221427354
