Area [-],Diameter [-],Perimeter [-],Area [mym^2],Diameter [mym],Perimeter [mym],Volume [mym^3] ,Irregularity [-],Diameter Ratio [-]
8573.0,104.47718706499784,328.2247633511238,43570.72387328,235.53337051933113,739.9499064987734,6841572.966560484,1.117329047260289,1.2704496114200308
12712.0,127.22193636583822,399.67950066238546,64606.44370432,286.8091333431457,901.0374662932818,12353145.418145834,1.084838911412657,1.1949822369028587
3703.0,68.66444519658124,215.7157165923986,18819.828590080007,154.79712525117276,486.3095114859034,1942170.2423094779,1.0660582073602705,1.048597834638728
12515.0,126.23229738209062,396.570458101338,63605.2267904,284.5780912181851,894.0284407436562,12067102.687674535,1.087942206024303,1.1489759381898927
19204.0,156.36908971115125,491.2479834850761,97600.86098944,352.51847584481936,1107.4694539687555,22937404.50475965,1.0736853010346485,1.1383323924747908
31787.5,201.17927832723973,632.0233428473526,161554.22665599998,453.5385650609292,1424.8334241150717,48847381.4247269,1.1070064067938354,1.2216178921412337
4393.5,74.79290033013787,234.96882621783473,22329.170108159993,168.6131145042628,529.7137218254866,2509993.9441548954,1.0704477827906258,1.0457239933534033
