Area [-],Diameter [-],Perimeter [-],Area [mym^2],Diameter [mym],Perimeter [mym],Volume [mym^3] ,Irregularity [-],Diameter Ratio [-]
13354.0,130.39494192794965,409.6477916261143,67869.29273343999,293.9623570823697,923.5099814419121,13300678.176956913,1.0991739130822487,1.1729523380321358
4478.0,75.5087192403901,237.2176376475838,22758.62609408,170.22685665553544,534.783442312713,2582752.921195923,1.0712004724081081,1.1134627872464764
