Area [-],Diameter [-],Perimeter [-],Area [mym^2],Diameter [mym],Perimeter [mym],Volume [mym^3] ,Irregularity [-],Diameter Ratio [-]
25471.0,180.08521439571138,565.7543865657098,129451.75641856002,405.9841073336917,1275.436689073736,35036903.848245054,1.0920167563212597,1.167452683455182
11486.0,120.93150710558469,379.91753431044674,58375.52016895999,272.6279896188301,856.4860893494711,10609867.137744687,1.0590009800977958,1.0336429520460961
