Area [-],Diameter [-],Perimeter [-],Area [mym^2],Diameter [mym],Perimeter [mym],Volume [mym^3] ,Irregularity [-],Diameter Ratio [-]
33992.5,208.03988854162083,653.5765854959953,172760.7408448,469.00512472823,1473.423054342172,54017115.20537122,1.116618987510296,1.04005851350605
11859.5,122.8819937207509,386.0451687315781,60273.76644992002,277.02516664406085,870.3002283884698,11131566.796702864,1.0969891698714187,1.1932691046201047
