Area [-],Diameter [-],Perimeter [-],Area [mym^2],Diameter [mym],Perimeter [mym],Volume [mym^3] ,Irregularity [-],Diameter Ratio [-]
11786.0,122.50061744435669,384.84703982340466,59900.21597696,276.1653919665577,867.5991665778834,11028244.416105745,1.078400740918217,1.1673410549539043
8740.0,105.48987449506859,331.40621474181677,44419.471206400005,237.81637306168264,747.1221705139518,7042451.690415929,1.0883205292918472,1.191300961398749
12463.0,125.96977592277575,395.7457226133447,63340.94618368,283.98626284030564,892.1691570595243,11991972.394314801,1.0793836644566597,1.0716856405520647
9950.0,112.55546841497693,353.6034326938495,50569.077632,253.745047994724,797.1635786650144,8554435.353853842,1.0689655710187769,1.1113177710013873
