Area [-],Diameter [-],Perimeter [-],Area [mym^2],Diameter [mym],Perimeter [mym],Volume [mym^3] ,Irregularity [-],Diameter Ratio [-]
13328.5,130.27038524546788,409.2564852674741,67739.69358975998,293.68155649738276,922.6278203869934,13262599.100064328,1.1430634495809013,1.3049781013518138
12114.0,124.19349356919533,390.16536702063524,61567.216727039995,279.98181190239393,879.5888034113201,11491800.595349355,1.0617912329601191,1.0874756775338226
7200.5,95.74947175763185,300.8058370588796,36595.24055168,215.85760913040525,678.1366790655381,5266240.754025131,1.0986901874618376,1.2070853988542065
8999.5,107.04447338767237,336.29013120209964,45738.33308032,241.32106080516857,758.1324717820133,7358415.372268637,1.0619396913076093,1.0276102681324228
