Area [-],Diameter [-],Perimeter [-],Area [mym^2],Diameter [mym],Perimeter [mym],Volume [mym^3] ,Irregularity [-],Diameter Ratio [-]
20462.0,161.40950270777398,507.08290792632454,103994.41874431999,363.88158290440566,1143.1677076291062,25227769.137271166,1.080438990571411,1.0489228885903603
6281.0,89.42716354934645,280.9437200379997,31922.047900160007,201.60459750564664,633.3595224536666,4290421.078978487,1.0775647951176763,1.1426189893135703
