Area [-],Diameter [-],Perimeter [-],Area [mym^2],Diameter [mym],Perimeter [mym],Volume [mym^3] ,Irregularity [-],Diameter Ratio [-]
23996.5,174.79500203162942,549.13469426678,121957.87652224,394.05785258010536,1237.9692547550287,32038972.61838903,1.1036562013546474,1.1771199522684896
11117.5,118.97579854152345,373.7734946530293,56502.68548480001,268.21904023201046,842.6349663457892,10103397.380842803,1.0752217475560701,1.1416346072321704
10095.5,113.3754374804077,356.1794414859777,51308.55509887999,255.5935862558311,802.9709328859881,8742758.40221843,1.1064378082363473,1.2579330809951852
11367.5,120.30607019089669,377.95266629397906,57773.2653248,271.2180046383575,852.0564908931464,10446099.828556444,1.0914509765644134,1.2072674922849052
15085.0,138.58866668068472,435.38913711484366,76666.7875456,312.43429016493565,981.5412707117035,15968888.89735698,1.0870817925902798,1.1837242533633157
