Area [-],Diameter [-],Perimeter [-],Area [mym^2],Diameter [mym],Perimeter [mym],Volume [mym^3] ,Irregularity [-],Diameter Ratio [-]
12728.0,127.30197533969829,399.93095051466514,64687.76081408,286.9895732058158,901.6043348402611,12376475.245115144,1.104662903207734,1.197937673365892
14463.5,135.7037219654532,426.32581599145965,73508.12606336,305.9304707989177,961.1089195711467,14992250.409406615,1.0774511337761183,1.1204748853048874
11775.0,122.44343853084388,384.6674069687725,59844.310463999995,276.0364878239344,867.1942022704008,11012808.85115179,1.064045448702044,1.0163941155076586
7598.0,98.3568709389322,308.9972231718288,38615.46249728,221.73572984472875,696.6033399185709,5708285.173417422,1.0935588079964729,1.197018410891312
12089.0,124.06527659382935,389.76256151276,61440.15874304,279.6927595531289,878.6807186743662,11456245.030815437,1.0816530781618818,1.1278877176751971
