Area [-],Diameter [-],Perimeter [-],Area [mym^2],Diameter [mym],Perimeter [mym],Volume [mym^3] ,Irregularity [-],Diameter Ratio [-]
11916.0,123.17435778222755,386.9636575192868,60560.91749375999,277.68427218425376,872.3708695114801,11211209.531376923,1.0698417985754818,1.147312566266785
11988.0,123.54592531639857,388.130971354951,60926.844487680006,278.5219340332889,875.0024618226014,11312975.040836042,1.0605872240996803,1.0525607884241301
10281.0,114.41230597895581,359.43685994375517,52251.325340159994,257.931102598958,810.3144570572016,8984827.971496226,1.0683097315168717,1.0780199215622273
49781.0,251.76007979117963,790.9276171391501,253002.94006016,567.5679238812354,1783.0672200785,95730902.28386246,1.06960456602532,1.044645363228925
11944.0,123.3189893013918,387.41803083737074,60703.22243584001,278.0103294810577,873.3952087197687,11250748.579966543,1.0792787052830832,1.1222682629744607
