Area [-],Diameter [-],Perimeter [-],Area [mym^2],Diameter [mym],Perimeter [mym],Volume [mym^3] ,Irregularity [-],Diameter Ratio [-]
7095.0,95.0454342401358,298.59403796606244,36059.0558592,214.27042695096216,673.1503991906911,5150926.196266252,1.0679288832293647,1.0855254746022955
9965.5,112.64310313134251,353.8787452749831,50647.85358208,253.94261169929857,797.7842433479218,8574432.14373138,1.091426204922724,1.1910545255696035
21719.5,166.2952984659379,522.4320879871125,110385.43533952,374.89612086161037,1177.7708991581462,27588714.338937443,1.0651296971090545,1.0282912480236222
10414.0,115.14997446318425,361.7543138345919,52927.27381503999,259.59410242980255,815.5389251087039,9159738.760047797,1.1031747036806299,1.0768565132391348
