Area [-],Diameter [-],Perimeter [-],Area [mym^2],Diameter [mym],Perimeter [mym],Volume [mym^3] ,Irregularity [-],Diameter Ratio [-]
10939.0,118.01680973428296,370.7607424613277,55595.49147904,266.0570958649675,835.8430178048172,9861050.004065951,1.0950185627760398,1.214715061247791
23038.0,171.26848113885018,538.0558021372938,117086.47341568001,386.10766387942385,1212.9930003383151,30138656.48160565,1.1014502488668043,1.0930255215557425
