Area [-],Diameter [-],Perimeter [-],Area [mym^2],Diameter [mym],Perimeter [mym],Volume [mym^3] ,Irregularity [-],Diameter Ratio [-]
5496.5,83.65620812370605,262.8137288686137,27934.96836224,188.59455559408292,592.4872703614027,3512255.2958742795,1.0622683769387253,1.0424408628624093
14626.0,136.46392043795493,428.71404992794123,74334.00295936,307.6442622353256,966.4929541575507,15245619.666287214,1.07168341953818,1.0698798593169596
15124.5,138.76999493531363,435.9587966274741,76867.53916032,312.843076582171,982.8255111169775,16031651.626810012,1.0685195909123895,1.0802524820989161
9925.0,112.41397814105011,353.1589278887266,50442.01964800001,253.42607232118337,796.1614870323452,8522215.2795604,1.0712826756295577,1.0701556441236302
