Area [-],Diameter [-],Perimeter [-],Area [mym^2],Diameter [mym],Perimeter [mym],Volume [mym^3] ,Irregularity [-],Diameter Ratio [-]
6284.0,89.44851759037577,281.0108057364219,31937.29485824,201.65273805574313,633.5107604521895,4293495.302838468,1.0844247121520856,1.1899226935353795
9206.5,108.268554384938,340.1356950705082,46790.37318784001,244.08062900540423,766.8019109669538,7613749.146057061,1.1073067671167527,1.232071426860334
30114.5,195.81361615047882,615.1666179711959,153051.50636672002,441.44221624963944,1386.831623554264,45042264.11391378,1.0929399642771227,1.1556153332629362
