Area [-],Diameter [-],Perimeter [-],Area [mym^2],Diameter [mym],Perimeter [mym],Volume [mym^3] ,Irregularity [-],Diameter Ratio [-]
16350.5,144.28479883962925,453.28406405926034,83098.46269568,325.2756505040602,1021.8835940151966,18019937.672816463,1.1311181174025982,1.2848740016700622
2718.0,58.82741777938389,184.81178352537003,13813.744020479997,132.62053064184303,416.6396847795941,1221324.0414310955,1.0983874718357671,1.2305319174339602
