Area [-],Diameter [-],Perimeter [-],Area [mym^2],Diameter [mym],Perimeter [mym],Volume [mym^3] ,Irregularity [-],Diameter Ratio [-]
6512.5,91.06026869654924,286.0742711709917,33098.60483199999,205.2862697495006,644.9258369278837,4529792.746582716,1.1008289083945566,1.242441808929396
8963.5,106.83015800434646,335.61683956829165,45555.36958335999,240.83790820499866,756.6146031227568,7314306.611974695,1.0739435687659251,1.0842286288685516
