Area [-],Diameter [-],Perimeter [-],Area [mym^2],Diameter [mym],Perimeter [mym],Volume [mym^3] ,Irregularity [-],Diameter Ratio [-]
11645.5,121.7682681087866,382.54629653091627,59186.15010687999,274.5143836244485,862.4123708992976,10831633.01046283,1.090069598718506,1.1902054821411097
