Area [-],Diameter [-],Perimeter [-],Area [mym^2],Diameter [mym],Perimeter [mym],Volume [mym^3] ,Irregularity [-],Diameter Ratio [-]
20681.5,162.27292948745415,509.79544315428046,105109.98784383999,365.8280922365166,1149.28284704701,25634790.88527696,1.1374266051754711,1.0197365157363518
10417.5,115.1693229869767,361.8150990147961,52945.0619328,259.63772174184027,815.6759592189563,9164356.838475218,1.0753032808581588,1.0082761562550453
