Area [-],Diameter [-],Perimeter [-],Area [mym^2],Diameter [mym],Perimeter [mym],Volume [mym^3] ,Irregularity [-],Diameter Ratio [-]
9883.5,112.17871028136302,352.41981210910785,50231.10339456001,252.8956844583048,794.4952244187728,8468819.516042087,1.0665955124980193,1.042748230193923
