Area [-],Diameter [-],Perimeter [-],Area [mym^2],Diameter [mym],Perimeter [mym],Volume [mym^3] ,Irregularity [-],Diameter Ratio [-]
65073.0,287.842868410095,904.2850407853679,330721.76771328,648.9129625437181,2038.6201959465334,143073094.70967993,1.1333991131661236,1.136610908741233
