Area [-],Diameter [-],Perimeter [-],Area [mym^2],Diameter [mym],Perimeter [mym],Volume [mym^3] ,Irregularity [-],Diameter Ratio [-]
13444.5,130.8360388394264,411.03353844273084,68329.24263552,294.9567659596029,926.6340090652924,13436114.952161325,1.1128145664582558,1.0835649672833887
19430.0,157.2865040434309,494.13012561166386,98749.46516479999,354.58669471551065,1113.966955178935,23343497.638473924,1.1609717865313056,1.0943372557485531
