Area [-],Diameter [-],Perimeter [-],Area [mym^2],Diameter [mym],Perimeter [mym],Volume [mym^3] ,Irregularity [-],Diameter Ratio [-]
14802.5,137.2848438865057,431.293057003068,75231.03232639999,309.4949520577385,972.3070677077164,15522416.495408894,1.0981051321310822,1.108916042097931
14643.0,136.5432043477704,428.96312767656536,74420.40238847997,307.82299988161355,967.0544750340489,15272207.677079136,1.0889108248383272,1.054770722424048
14140.5,134.17989336084437,421.5385672418905,71866.53691007999,302.49515159268753,950.316545990118,14492852.651370747,1.1155148603246487,1.062541469357056
