Area [-],Diameter [-],Perimeter [-],Area [mym^2],Diameter [mym],Perimeter [mym],Volume [mym^3] ,Irregularity [-],Diameter Ratio [-]
11649.0,121.78656517292829,382.6037784532061,59203.938224640006,274.55563252584955,862.5419581449078,10836516.471524905,1.0933845004938048,1.0901439940407898
