Area [-],Diameter [-],Perimeter [-],Area [mym^2],Diameter [mym],Perimeter [mym],Volume [mym^3] ,Irregularity [-],Diameter Ratio [-]
10875.5,117.67377222120172,369.683058330326,55272.76419968001,265.28375209547715,833.4134866998869,9775310.850386452,1.085037112412485,1.058741169319461
12366.0,125.47860459136061,394.20266236691697,62847.96120575999,282.8789661907633,888.6904820399775,11852244.19538839,1.0666472267034786,1.0301060629678391
2719.0,58.838238604965966,184.84577815152443,13818.826339839998,132.64492511103526,416.71632226479664,1221998.1233136521,1.4441015383599958,1.4697024074482727
