Area [-],Diameter [-],Perimeter [-],Area [mym^2],Diameter [mym],Perimeter [mym],Volume [mym^3] ,Irregularity [-],Diameter Ratio [-]
23106.0,171.52105678502178,538.8492919317822,117432.07113216001,386.67707041615313,1214.7818437310098,30272192.82552329,1.0918775160596081,1.1373214074039186
35855.0,213.66329557619218,671.2430397239499,182226.56065280002,481.68253354696765,1513.2503087536727,58516900.94319392,1.1317741488039714,1.1260951182230419
