Area [-],Diameter [-],Perimeter [-],Area [mym^2],Diameter [mym],Perimeter [mym],Volume [mym^3] ,Irregularity [-],Diameter Ratio [-]
21394.5,165.04642813413577,518.5086461274367,108733.68154752003,372.0806675855957,1168.9258918296932,26971800.546160538,1.142117977223992,1.026370706017664
