Area [-],Diameter [-],Perimeter [-],Area [mym^2],Diameter [mym],Perimeter [mym],Volume [mym^3] ,Irregularity [-],Diameter Ratio [-]
21960.5,167.21536120272128,525.3225503218329,111610.27430527999,376.97031029541483,1184.28715744554,28049173.158011843,1.0969582798589264,1.04277316262019
