Area [-],Diameter [-],Perimeter [-],Area [mym^2],Diameter [mym],Perimeter [mym],Volume [mym^3] ,Irregularity [-],Diameter Ratio [-]
14102.5,133.99948014685592,420.97178241421386,71673.4087744,302.088428043072,949.0387862746038,14434471.592764681,1.061496212421481,1.0184487525174684
