Area [-],Diameter [-],Perimeter [-],Area [mym^2],Diameter [mym],Perimeter [mym],Volume [mym^3] ,Irregularity [-],Diameter Ratio [-]
24799.0,177.69374628806526,558.2413679274343,126036.43780864001,400.5927816318143,1258.499339855608,33659524.80581885,1.08076546011441,1.0115199447775356
19644.0,158.15030071668386,496.8438228945506,99837.08150783999,356.5340379356921,1120.084714333475,23730211.870470002,1.0785524957400277,1.056188021711735
25876.0,181.5112846617727,570.2345184370707,131510.09575936003,409.19904014150035,1285.5366983645324,35875869.96909794,1.1077392095477312,1.0519347841838609
