Area [-],Diameter [-],Perimeter [-],Area [mym^2],Diameter [mym],Perimeter [mym],Volume [mym^3] ,Irregularity [-],Diameter Ratio [-]
1053.0,36.61586050615398,115.03211837100199,5351.68228608,82.54679592507352,259.32840765558683,294509.48368325114,1.0625327726754723,1.0041974606060067
21938.0,167.1296775931791,525.0533673235622,111495.92211967999,376.777145166063,1183.6803112942387,28006076.82260715,1.1040232684634737,1.030245332798555
