Area [-],Diameter [-],Perimeter [-],Area [mym^2],Diameter [mym],Perimeter [mym],Volume [mym^3] ,Irregularity [-],Diameter Ratio [-]
1119.0,37.7459276023076,118.58232885834175,5687.115363839999,85.09441918664226,267.33200217824566,322627.8524889296,1.0644536744615845,1.0798874243739753
20519.0,161.6341616689393,507.78869486828467,104284.11094784,364.38805406645673,1144.7588337110608,25333256.172222596,1.0936202291920616,1.1152646210382626
