Area [-],Diameter [-],Perimeter [-],Area [mym^2],Diameter [mym],Perimeter [mym],Volume [mym^3] ,Irregularity [-],Diameter Ratio [-]
11123.0,119.00522449073071,373.86593899888373,56530.63824127997,268.2853780919033,842.8433728790834,10110895.769558936,1.0587959978971602,1.0167620834951214
