Area [-],Diameter [-],Perimeter [-],Area [mym^2],Diameter [mym],Perimeter [mym],Volume [mym^3] ,Irregularity [-],Diameter Ratio [-]
2204.5,52.97977516344012,166.44087244230246,11203.97302912,119.4376051284594,375.22430283392663,892117.1376812957,1.515301782810994,1.596347848297618
5489.0,83.59911399680806,262.6343623789878,27896.850967039998,188.46584259440408,592.0829065471902,3505069.0154891405,1.4980741113498552,1.4857219656989389
1365.5,41.69662574280879,130.99381311309114,6939.907086080001,94.00087307458814,295.3124522821527,434904.88343202736,1.2007930728340896,1.1032067746616976
20216.0,160.43631333450057,504.02554334069714,102744.16818175999,361.6876247812981,1136.2751849072677,24774196.099860664,1.3678101403181417,1.365820257233032
10619.0,116.27781699680594,365.29753565262394,53969.14928383999,262.1367106375993,823.5267643752754,9431530.179450246,1.5130147846873478,1.0755989540402129
