Area [-],Diameter [-],Perimeter [-],Area [mym^2],Diameter [mym],Perimeter [mym],Volume [mym^3] ,Irregularity [-],Diameter Ratio [-]
3319.5,65.01168101770922,204.2402194827583,16870.759115520003,146.56233368632365,460.4391508019303,1648411.8846869525,1.330119969120133,1.3813295932843748
18806.0,154.74024324101816,486.1308113806803,95578.09788416,348.84640436255137,1095.9333011766057,22228050.521800797,1.1009091399931823,1.0143228092453547
16948.0,146.89746016923348,461.49198169866315,86135.14851327999,331.16563420551995,1040.3875235414662,19016667.38985801,1.0652143350423908,1.0138204067700916
15761.5,141.66215120611176,445.0447735208472,80104.97659264003,319.36315367905837,1003.3089374253979,17055051.966675114,1.0713553014295758,1.004395668587589
