Area [-],Diameter [-],Perimeter [-],Area [mym^2],Diameter [mym],Perimeter [mym],Volume [mym^3] ,Irregularity [-],Diameter Ratio [-]
31128.0,199.0813917685833,625.4326378466128,158202.43703808,448.8090896030942,1409.975338761404,47335127.826701015,1.0799104624380205,1.035874375530026
