Area [-],Diameter [-],Perimeter [-],Area [mym^2],Diameter [mym],Perimeter [mym],Volume [mym^3] ,Irregularity [-],Diameter Ratio [-]
21060.5,163.7530501453176,514.4453793394507,107036.18688128,369.16487624760396,1159.7656631828577,26342667.122695427,1.091051414311072,1.0347568804767038
25574.0,180.448962637797,566.8971353708021,129975.23531264001,406.8041413706495,1278.0129019799363,35249642.667204425,1.1167248232774403,1.0485041839189826
