Area [-],Diameter [-],Perimeter [-],Area [mym^2],Diameter [mym],Perimeter [mym],Volume [mym^3] ,Irregularity [-],Diameter Ratio [-]
23846.5,174.24783156047326,547.4157075343345,121195.52861824003,392.82431146993093,1234.0939710654038,31739033.388462964,1.095015151822631,1.0190695738473048
