Area [-],Diameter [-],Perimeter [-],Area [mym^2],Diameter [mym],Perimeter [mym],Volume [mym^3] ,Irregularity [-],Diameter Ratio [-]
20941.0,163.2878112606665,512.9837882772666,106428.84971776,368.11604170604653,1156.4706522922697,26118777.920952994,1.0856124412588481,1.0690036567109773
15060.0,138.4737792642042,435.0282076512386,76539.72956159999,312.17528797322194,980.7275913289521,15929208.078190004,1.090541470977935,1.0386336884045086
