Area [-],Diameter [-],Perimeter [-],Area [mym^2],Diameter [mym],Perimeter [mym],Volume [mym^3] ,Irregularity [-],Diameter Ratio [-]
31435.5,200.06229456977198,628.5142348807128,159765.25024128004,451.02043687809396,1416.922491115079,48038261.97450674,1.1529165323850503,1.2332907138917388
75548.5,310.1472839562269,974.3564288077099,383961.60416895995,699.1960369509179,2196.589133104101,178976287.98416924,1.2817677201234574,1.1399917278807015
