Area [-],Diameter [-],Perimeter [-],Area [mym^2],Diameter [mym],Perimeter [mym],Volume [mym^3] ,Irregularity [-],Diameter Ratio [-]
17503.0,149.2833271048698,468.98740373610104,88955.83575808001,336.5443326252185,1057.285202982666,19958388.25221439,1.1683797925243282,1.3718704058368907
1541.5,44.302356124807325,139.17995653841348,7834.395293439999,99.87523164776563,313.7672940201993,521641.3631683231,1.4329548859786934,1.231538531270097
