Area [-],Diameter [-],Perimeter [-],Area [mym^2],Diameter [mym],Perimeter [mym],Volume [mym^3] ,Irregularity [-],Diameter Ratio [-]
16343.0,144.25170321215194,453.18009107911166,83060.34530048,325.2010397214753,1021.6491973287493,18007540.434227232,1.1798853982730033,1.147745262604481
