Area [-],Diameter [-],Perimeter [-],Area [mym^2],Diameter [mym],Perimeter [mym],Volume [mym^3] ,Irregularity [-],Diameter Ratio [-]
17049.5,147.336681169226,462.87183516554205,86651.00392831999,332.1558140279031,1043.498265197198,19187756.497430768,1.137807276424652,1.0454405315695572
