Area [-],Diameter [-],Perimeter [-],Area [mym^2],Diameter [mym],Perimeter [mym],Volume [mym^3] ,Irregularity [-],Diameter Ratio [-]
11884.5,123.0114441,386.451849,60400.82443,277.3169995,871.2170483,11166783.6,1.248581959,1.043003578
4218,73.2838618,230.2280418,21437.22306,165.211138,519.0260975,2361112.012,1.084239619,1.086079737
