Area [-],Diameter [-],Perimeter [-],Area [mym^2],Diameter [mym],Perimeter [mym],Volume [mym^3] ,Irregularity [-],Diameter Ratio [-]
22175.5,168.0319122198953,527.8878209986681,112702.97296767999,378.81114290853196,1190.0703036593973,28462094.666050825,1.1824444915348664,1.076107245864918
5830.5,86.16045012404686,270.6810371396954,29632.463028479997,194.24011875965124,610.2233301277292,3837208.75852862,1.3254592787971033,1.1782626241548606
