Area [-],Diameter [-],Perimeter [-],Area [mym^2],Diameter [mym],Perimeter [mym],Volume [mym^3] ,Irregularity [-],Diameter Ratio [-]
4010.5,71.45856977410315,224.4937178383561,20382.64179328,161.09619969873816,506.09863749479007,2189044.0884787203,1.4128623119461057,1.049559209442508
3670.0,68.3578022553245,214.75236938087124,18652.1120512,154.10582940440355,484.13774153223613,1916266.131862698,1.1585154469938495,1.244725958848446
6001.5,87.41479924891482,274.62169113541734,30501.53963904,197.06792342675357,619.1071404956849,4007250.0519896154,1.0796394861672944,1.1255187251307965
4616.5,76.66753131717415,240.85815315489972,23462.527325440005,172.83928260143742,542.9906204724059,2703497.593963782,1.1255398638316196,1.2572888757060685
5028.0,80.01155185926841,251.3637035233964,25553.901742079997,180.3780425115347,566.6743332231448,3072908.5165123236,1.0652472728202929,1.0563895696476004
2350.0,54.700209598571305,171.8457766246935,11943.450496,123.31615251901916,387.40911882270905,981880.2419787274,1.064878935439573,1.0729366802854137
5526.5,83.8841960322615,263.5299740072388,28087.437943039993,189.1085315351303,594.101973401919,3541049.429328263,1.1520705395707005,1.2940897756017427
