Area [-],Diameter [-],Perimeter [-],Area [mym^2],Diameter [mym],Perimeter [mym],Volume [mym^3] ,Irregularity [-],Diameter Ratio [-]
4268.5,73.72125200172636,231.60214370206535,21693.880188159997,166.1971905126919,522.1238727619361,2403641.292394093,1.0645466948221518,1.0797974397284373
3581.5,67.52856750641898,212.14725158560827,18202.326787839997,152.23640258647094,478.2647639745953,1847371.165922743,1.0685664333576304,1.0994785012115122
3574.5,67.46254333076865,211.9398305204259,18166.750552319994,152.08755768488484,477.7971539252481,1841957.8150485873,1.1184144916919394,1.2086900599373405
3497.5,66.73196616098788,209.6446546509622,17775.4119616,150.44054451333108,472.62290944512915,1782761.7696345884,1.067830731338373,1.0914109822078062
4350.0,74.42171739215615,233.8027206267335,22108.089216,167.77631968887684,527.084853380908,2472809.229342551,1.0591081387711379,1.0335790853292985
3221.0,64.03986706413403,201.18717590555042,16370.150658559996,144.37147630938375,453.55636936147283,1575588.5453222247,1.0792789454707905,1.1103546489269975
3379.5,65.59659321513948,206.07777534520025,17175.69827712,147.88095974421043,464.58173673821943,1693305.830331658,1.0662133223602686,1.0499157351032524
3662.0,68.28325719252243,214.51817915921086,18611.45349632,153.93777501482256,483.60978309652495,1910003.8273435608,1.0588244033388543,1.025141489701308
3801.0,69.56711514457355,218.5515378696275,19317.895887360002,156.8321043819266,492.7025869732882,2019777.5094970893,1.0989010781466888,1.1910110337190598
