Area [-],Diameter [-],Perimeter [-],Area [mym^2],Diameter [mym],Perimeter [mym],Volume [mym^3] ,Irregularity [-],Diameter Ratio [-]
3692.5,68.56702574076397,215.4096643456863,18766.464236799995,154.57750282997827,485.6195473009152,1933915.4524484249,1.0949601802387328,1.181180421731463
5241.0,81.68872905093448,256.6327110675029,26636.435765759998,184.1590707724267,578.5527838305785,3270227.5062078624,1.0602999297313034,1.0347005005151602
5422.5,83.0911633768984,261.03858844309326,27558.8767296,187.32071871687972,588.4853937861094,3441565.7306790426,1.06368945713184,1.081822897195046
4855.5,78.62706028754721,247.01419497272008,24677.201652480002,177.25684471224642,556.8688011465001,2916135.267497625,1.0997910239996445,1.1983323715646754
4212.5,73.23606749544157,230.0778916214855,21409.270304,165.10339056172347,518.6875988714769,2356495.4110952136,1.0620328811432767,1.0427583812868257
2682.0,58.43653359825261,183.5837846535235,13630.78052352,131.73932134390068,413.87128412290343,1197139.8503707892,1.0738262283112008,1.1253392568606286
