Area [-],Diameter [-],Perimeter [-],Area [mym^2],Diameter [mym],Perimeter [mym],Volume [mym^3] ,Irregularity [-],Diameter Ratio [-]
2680,58.41474112,183.5153216,13620.61588,131.6901924,413.7169409,1195801.017,1.36287065,1.224828021
2948.5,61.27109268,192.4888146,14985.21863,138.1295513,433.9467837,1379934.351,1.356112969,1.55027877
2486.5,56.26642096,176.7661747,12637.18709,126.8470194,398.5016643,1068659.677,1.348726144,1.473601661
1030,36.21376439,113.7688962,5234.788941,81.64031043,256.4805995,284913.1961,1.304113304,1.181435146
2656.5,58.1580678,182.7089586,13501.18138,131.1115481,411.8990762,1180107.194,1.104066659,1.005552909
