Area [-],Diameter [-],Perimeter [-],Area [mym^2],Diameter [mym],Perimeter [mym],Volume [mym^3] ,Irregularity [-],Diameter Ratio [-]
1766.5,47.42549584110497,148.99158932726866,8977.91714944,106.91603782418704,335.8866389793945,639922.219687963,1.2501848370730189,1.482018644373507
1995.0,50.39953265404997,158.33480153032227,10139.227123199998,113.62070641529026,356.94997656995855,768017.4321620367,1.1831769876778113,1.128739045461512
2017.5,50.682943694138274,159.22516357180993,10253.5793088,114.25962826406533,358.9572087562883,781046.7734663999,1.0849560658762964,1.0184647123963624
2739.5,59.059628620589706,185.5412953981861,13923.013886719998,133.14402676225743,418.2842963456707,1235844.0890298197,1.1224834093208427,1.1702836222912762
