Area [-],Diameter [-],Perimeter [-],Area [mym^2],Diameter [mym],Perimeter [mym],Volume [mym^3] ,Irregularity [-],Diameter Ratio [-]
1682.5,46.28418233065062,145.4060471873825,8551.002323199999,104.34306064621876,327.8033927792351,594825.1693304101,1.5054012310574223,1.6090228140107816
1614.0,45.332202959955,142.4153157900361,8202.863447040001,102.19691835292255,321.06108791705736,558871.5773048799,1.135279857153139,1.0606865857587977
2758.5,59.26408089350536,186.18360115678766,14019.57795456,133.60494396631847,419.73231044786206,1248723.2847002817,1.24980626933681,1.2816383064888877
1001.0,35.700319106135424,112.15586023464638,5087.40167936,80.4827993928717,252.8441713129868,272965.5525272596,1.086722081014384,1.1487906214656949
1959.0,49.94272988269848,156.89971329970498,9956.26362624,112.59089024755545,353.7147136628549,747323.0568118108,1.1803460582732654,1.2470703345427094
1334.0,41.21288090726863,129.47408389154617,6779.814026239998,92.91031871734639,291.88637472510163,419943.12134819577,1.142176452517144,1.1587378441614231
3519.5,66.94151609946853,210.3029751982532,17887.222987519996,150.91295389464184,474.10702728694196,1799609.1053458552,1.3934019599320053,1.3691876137634877
1545.0,44.352622206762774,139.33787209220944,7852.183411200001,99.988551502926,314.123298844677,523418.9636141283,1.2261764136682567,1.3771957106300683
