Area [-],Diameter [-],Perimeter [-],Area [mym^2],Diameter [mym],Perimeter [mym],Volume [mym^3] ,Irregularity [-],Diameter Ratio [-]
1483.0,43.45358724941183,136.5134704748753,7537.079610880001,97.96176709507404,307.75596783855895,492230.4249453719,1.0893480063995777,1.0125746292809361
2484.0,56.23812789489124,176.67728944623354,12624.48129024,126.78323552624282,398.3012813275889,1067048.389878096,1.2298084214236822,1.1187084042392612
1123.0,37.813331098140345,118.79408318567617,5707.444641280001,85.2463736276476,267.8093811337884,324359.3055664467,1.1270110955180672,1.2154955835917878
1249.0,39.87826715611172,125.28127113553171,6347.816880640001,89.90156547673826,282.4340976479427,380452.449952801,1.1033205077392532,1.073065296207265
1325.5,41.08137067511816,129.06093231235036,6736.614311679999,92.61384204998637,290.9549658049627,415935.8225424061,1.0766489520369413,1.012916253371998
2839.5,60.1278944191088,188.89735138289493,14431.245822720002,135.55232517843888,425.85018895759833,1304125.9509942196,1.375694275195904,1.1287203261445424
