Area [-],Diameter [-],Perimeter [-],Area [mym^2],Diameter [mym],Perimeter [mym],Volume [mym^3] ,Irregularity [-],Diameter Ratio [-]
2188.5,52.78716457296133,165.8357684262507,11122.655919359999,119.00338381328402,373.86015634013955,882422.4609297956,1.2034842424387868,1.3090414402158426
2280.5,53.88527425715247,169.2855817429414,11590.229300479998,121.47896228532451,381.63741548128706,938646.0187141817,1.1040186678324253,1.0586117209691677
1792.5,47.773233969847375,150.08404087789887,9110.057452799998,107.69997866162392,338.34946175513517,654101.995515152,1.1988208668196663,1.2465460596124858
