Area [-],Diameter [-],Perimeter [-],Area [mym^2],Diameter [mym],Perimeter [mym],Volume [mym^3] ,Irregularity [-],Diameter Ratio [-]
1093.5,37.31336814290423,117.22340323843936,5557.516220159999,84.11925714136329,264.26844026073763,311662.7573272909,1.0618019342162255,1.0233265850041193
1485.0,43.482878514786904,136.60549169899198,7547.2442495999985,98.02780132373559,307.9634204862075,493226.50656099635,1.4006617972637678,1.5952450043750845
1406.0,42.31045733500926,132.92222193368946,7145.74102016,95.38469501604487,299.6598571273095,454396.2185810686,1.2038949009871567,1.4574271591819388
2852.0,60.26009609670967,189.31267520203806,14494.774814719998,135.85036064042228,426.7864949754746,1312746.9239876147,1.0748367941224828,1.0912848996593945
1171.5,38.621239320576485,121.33220172205634,5953.937130240001,87.06772192430763,273.5313155622038,345597.16160703107,1.097436015326335,1.0874845224768173
4110.5,72.34397797076055,227.27530972440317,20890.873729280007,163.09226393728258,512.3694582426945,2271426.594757451,1.0905936293637957,1.186899143531592
3459.0,66.36366163224365,208.48759184917546,17579.742666239996,149.61023878373007,470.0144270647811,1753406.332035129,1.5102922658909732,1.7154264424306138
