Area [-],Diameter [-],Perimeter [-],Area [mym^2],Diameter [mym],Perimeter [mym],Volume [mym^3] ,Irregularity [-],Diameter Ratio [-]
1654.5,45.897438128552736,144.19105444325334,8408.697381119999,103.47118451700929,325.06431313687034,580038.5855130402,1.074638909614083,1.0090902892865399
1842.0,48.42837227702548,152.14221857081486,9361.632261120001,109.17692246132624,342.989417546045,681382.7996558325,1.0835441591346364,1.109682319748018
2092.0,51.61024246780827,162.13835858685442,10632.21210112,116.35013061942696,365.5247155982046,824706.1778258426,1.202645378745679,1.3746221037883413
2290.5,54.003288577788396,169.65633466566962,11641.052494080002,121.74501376976616,382.47324087028557,944826.7307908935,1.0990926844048796,1.0694250226250945
2874.0,60.49206932787849,190.04144060090752,14606.585840639998,136.37332109276926,428.4294236906859,1327965.7472764638,1.2670601551160754,1.3779856028853428
2576.5,57.275664003223454,179.93680526200416,13094.595831040002,129.12225692886696,405.6495337826622,1127202.5115168116,1.2460382989348453,1.2997401730885711
1036.5,36.32785141070135,114.12731111256096,5267.824016639998,81.89750822028512,257.2886101721574,287614.4404705264,1.143179796510811,1.1888449537670236
2951.0,61.29706270706179,192.5704018871382,14997.924431360001,138.1880981668001,434.13071401436434,1381689.7690793502,1.0835091986091223,1.0797843141005552
2177.0,52.648290465013666,165.3994825489485,11064.209246719998,118.6903060243268,372.8765934583494,875476.2542735887,1.280677372648628,1.471388755757913
