Area [-],Diameter [-],Perimeter [-],Area [mym^2],Diameter [mym],Perimeter [mym],Volume [mym^3] ,Irregularity [-],Diameter Ratio [-]
2020.5,50.72061218,159.3435026,10268.82627,114.3445481,359.2239923,782789.5327,1.1209128,1.20558126
1556.5,44.51738258,139.8554821,7910.630084,100.3599873,315.2901987,529273.8231,1.079352166,1.119043484
1154.5,38.33999288,120.44864,5867.537701,86.43367996,271.539414,338101.9172,1.056852642,0.995925109
1607,45.23379211,142.106149,8167.287212,101.9750609,320.3641023,555239.7407,1.131920142,1.203331265
1666.5,46.06358324,144.7130147,8469.685213,103.8457421,326.2410204,586360.4974,1.124655632,1.212702769
2091,51.59790585,162.099602,10627.12978,116.3223189,365.4373427,824114.92,1.122916917,1.205629146
