Area [-],Diameter [-],Perimeter [-],Area [mym^2],Diameter [mym],Perimeter [mym],Volume [mym^3] ,Irregularity [-],Diameter Ratio [-]
2042.0,50.989755347022424,160.18904080654653,10378.096133119998,114.95130445432736,361.13017359427846,795317.1255030363,1.2693633253274397,1.4155184786973793
1613.0,45.31815735064498,142.37119020701255,8197.781127680002,102.16525393129405,320.9616112026891,558352.2603883982,1.2373747830540605,1.1039728215554618
2507.5,56.5035234160085,177.51105406567115,12743.915795199999,127.38154318904955,400.180920285649,1082226.4401759196,1.160062290570695,1.1246936889418861
1235.0,39.65414023463283,124.57715564554192,6276.664409599999,89.39629374495624,280.8467396873097,374073.6901994092,1.312753555315943,1.418361937857222
1301.5,40.70775438995394,127.88718213561695,6614.638647040001,91.77156149671217,288.30886340653484,404690.4782502402,1.0918968334884729,1.1645113052331046
3884.5,70.32708590240135,220.9390564193624,19742.26955392,158.5453824583736,498.0850087918106,2086697.118015034,1.1761840984957872,1.1955015664107171
