Area [-],Diameter [-],Perimeter [-],Area [mym^2],Diameter [mym],Perimeter [mym],Volume [mym^3] ,Irregularity [-],Diameter Ratio [-]
2092,51.61024247,162.1383586,10632.2121,116.3501306,365.5247156,824706.1778,1.071191548,1.027567515
4895,78.94623216,248.016903,24877.95327,177.9763858,559.129306,2951792.139,1.157494528,1.219232341
1571.5,44.73137539,140.5277603,7986.864874,100.8424127,316.8057829,536943.1491,1.095327212,1.059125676
3804.5,69.59913683,218.652137,19335.68401,156.9042941,492.9293776,2022567.9,1.08878888,1.146189336
3744.5,69.04813883,216.9211257,19030.74484,155.6621242,489.0269857,1974910.778,1.077455544,1.10373553
1807,47.96606986,150.6898527,9183.751084,108.1347079,339.7152039,662054.8271,1.075217623,1.016329911
1621,45.43040064,142.7238129,8238.439683,102.4182952,321.7565638,562511.2982,1.06756909,1.033612456
2538,56.84612533,178.5873697,12898.92654,128.1539049,402.6073663,1102031.87,1.062120125,1.03788956
