Area [-],Diameter [-],Perimeter [-],Area [mym^2],Diameter [mym],Perimeter [mym],Volume [mym^3] ,Irregularity [-],Diameter Ratio [-]
4393.5,74.79290033013787,234.96882621783473,22329.170108159993,168.6131145042628,529.7137218254866,2509993.9441548954,1.1215183873178622,1.2050204713998347
3501.0,66.76534764470117,209.74952567496177,17793.200079359995,150.5157997302143,472.8593306816338,1785438.493136388,1.074997562808913,1.058312925248455
