Area [-],Diameter [-],Perimeter [-],Area [mym^2],Diameter [mym],Perimeter [mym],Volume [mym^3] ,Irregularity [-],Diameter Ratio [-]
3463.5,66.40681563808218,208.62316415689077,17602.613103360003,149.70752517449247,470.32006127529456,1756829.0962054124,1.0938773346032606,1.1448569762279808
2188.0,52.78113416629597,165.81682334497265,11120.11475968,118.98978886449764,373.81744654890633,882120.0716022047,1.06655530315075,1.0235277756240702
2419.5,55.50318079611948,174.36838503995503,12296.67169152,125.12637078677176,393.0960872340747,1025758.6010108878,1.068238521482435,1.0810191261001552
