Area [-],Diameter [-],Perimeter [-],Area [mym^2],Diameter [mym],Perimeter [mym],Volume [mym^3] ,Irregularity [-],Diameter Ratio [-]
3542.5,67.15989195,210.9890232,18004.11633,151.4052604,475.6536539,1817278.615,1.06820592,1.115985687
2257,53.60691795,168.4110996,11470.7948,120.8514358,379.665983,924174.6808,1.088634264,1.203398038
1889.5,49.04881364,154.0913926,9603.042431,110.5756455,347.3836355,707908.4102,1.065113941,1.039780501
2725,58.90312181,185.0496148,13849.32026,132.7911978,417.1758515,1226045.217,1.059307178,0.984667675
2820.5,59.92638931,188.2643044,14334.68175,135.0980521,424.4230479,1291058.388,1.068154972,1.051289769
2732.5,58.98412546,185.3040952,13887.43765,132.9738124,417.7495523,1231110.353,1.070721945,1.072246879
2269.5,53.75515926,168.8768134,11534.32379,121.185631,380.7158882,931862.8711,1.109913167,1.231509642
7492,97.66837087,306.8342364,38076.73665,220.1835753,691.7271026,5589248.007,1.102386047,1.194737181
3323,65.04594536,204.3478641,16888.54723,146.6395792,460.6818248,1651019.64,1.066639532,1.071665751
