Area [-],Diameter [-],Perimeter [-],Area [mym^2],Diameter [mym],Perimeter [mym],Volume [mym^3] ,Irregularity [-],Diameter Ratio [-]
3428.5,66.07043044452266,207.5663789040278,17424.731925760003,148.94917839413188,467.93764460124027,1730266.3360533013,1.0761845191286121,1.0702318363123056
4836.0,78.46901578546304,246.51768352603222,24578.09642496,176.90054918674787,555.749465741087,2898585.8370268457,1.0671778357104533,1.0362978965264553
2742.5,59.09195758676627,185.64285984082454,13938.2608448,133.21690918360588,418.51326322515484,1237874.6860927541,1.080624225718624,1.1169032588417886
2795.5,59.66021410711788,187.42809035051567,14207.623770879996,134.49798668308654,422.5378868862025,1273931.195156081,1.0648389670965417,1.0056953515498963
4226.5,73.35766446543377,230.45989976911176,21480.42277503999,165.37751877087388,519.5487980394855,2368252.680456989,1.095241130725729,1.1697023565415945
2371.0,54.94407120488134,172.61189045556972,12050.179202559999,123.86591412428449,389.13624584303636,995070.9748576904,1.0621405804393413,1.0681745308617763
1868.0,48.76896010338219,153.21220678399922,9493.77256448,109.9447436570648,345.4015989738478,695860.2606268189,1.068330277347232,1.0514490377316617
2286.5,53.956113824449496,169.50813080714522,11620.72321664,121.63866300583894,382.13913009162815,942352.8234886677,1.0793188306179509,1.0749476915388607
2407.5,55.36537007868641,173.93543990248136,12235.683859200002,124.81569030539065,392.120055716154,1018136.8848297163,1.0843688427236464,1.0950403044426178
