Area [-],Diameter [-],Perimeter [-],Area [mym^2],Diameter [mym],Perimeter [mym],Volume [mym^3] ,Irregularity [-],Diameter Ratio [-]
2020.0,50.71433604381535,159.32378554693435,10266.2851072,114.33039917717733,359.1795421370088,782498.9829152579,1.0775618893134868,1.1055622573175432
3058.5,62.40355076093423,196.04653662846871,15544.27376256,140.68256483545014,441.9673121752199,1457872.200947556,1.065534979763294,1.0764634313551313
2876.0,60.513113708173435,190.10755347144146,14616.750479359998,136.4207635437062,428.57846854601763,1329352.1739480828,1.068537674301851,1.0999934030814138
