Area [-],Diameter [-],Perimeter [-],Area [mym^2],Diameter [mym],Perimeter [mym],Volume [mym^3] ,Irregularity [-],Diameter Ratio [-]
3623.0,67.91867836299153,213.3728209867022,18413.243041279995,153.1158685015281,481.0276876324215,1879573.1334635366,1.0880791636064069,1.1694431397237322
2103.0,51.745751154834416,162.56407168251334,10688.11761408,116.65562140345871,366.4844432010581,831219.3346025035,1.0662755412385283,1.1247300399368547
2696.5,58.59428668717084,184.07938059875013,13704.47415424,132.09495990755795,414.9885556218223,1206861.3093056646,1.0714811601649807,1.0837972995633496
2864.5,60.392008377713964,189.72708985495942,14558.303806720003,136.14774368671837,427.72075136902055,1321386.8101271274,1.0614178703844934,1.0889011155528328
1716.0,46.74268989655537,146.84649118804418,8721.260021760001,105.37672010279442,331.0507297343268,612678.5175044629,1.3222414715167468,1.407375637898447
