Area [-],Diameter [-],Perimeter [-],Area [mym^2],Diameter [mym],Perimeter [mym],Volume [mym^3] ,Irregularity [-],Diameter Ratio [-]
3872.5,70.21837463931301,220.5975299138816,19681.281721599997,158.30030378686726,497.31507143785467,2077035.2502961317,1.101075077920873,1.1753467325149078
2012.0,50.61381198849922,159.00797991324416,10225.62655232,114.10377774687264,358.4675899164176,777855.0796322938,1.0671240491144571,1.0198558745047293
2356.5,54.77580658619653,172.08327156565042,11976.48557184,123.48657836792145,387.9445274176023,985956.816092867,1.0648192971883035,1.1009490850784611
3249.5,64.32256136548754,202.07528624589432,16514.99676032,145.00878234235512,455.55852531274417,1596546.380401295,1.0699386093227965,1.1322932294095505
2379.0,55.0366866455908,172.90285044371151,12090.83775744,124.0747063738199,389.79218604030325,1000111.4297119087,1.1836230652032775,1.3643634217626646
11164.0,119.22435270289101,374.5543505804008,56739.013335039985,268.7793807333975,844.3953279484555,10166851.245077353,1.1047499094242554,1.1016209284151812
3110.5,62.931801212890164,197.70608436758897,15808.554369280002,141.8734526543396,445.70859659829256,1495209.4598957328,1.0607810588443378,1.0786636742712608
