Area [-],Diameter [-],Perimeter [-],Area [mym^2],Diameter [mym],Perimeter [mym],Volume [mym^3] ,Irregularity [-],Diameter Ratio [-]
2365.5,54.8803074250776,172.41157063337317,12022.226446080002,123.72216505909495,388.6846448358765,991610.5898264842,1.0687625265023455,1.1115098085643376
2762.5,59.30703366659714,186.3185412731841,14039.907231999998,133.70177669797658,420.0365194462662,1251440.3610621134,1.0845190928500572,1.1175914942831455
2184.5,52.73890201240412,165.68414712056074,11102.32664192,118.89458069676384,373.5183412685921,880004.3138997257,1.0638738158823373,1.0769302644295293
4666.5,77.08159530981852,242.15897355230734,23716.643293440004,173.77274846645489,545.9231899763216,2747537.526333056,1.0839673527569522,1.1499863717449705
3487.0,66.63172136821555,209.329726346428,17722.047608320005,150.21455265250515,471.91293507538734,1774739.6357134588,1.0708776269289557,1.095574277551566
3039.0,62.20430030512488,195.42057286027367,15445.16853504,140.23337460787354,440.556139456201,1443952.0700373373,1.0951988425849106,1.1790699873162105
