Area [-],Diameter [-],Perimeter [-],Area [mym^2],Diameter [mym],Perimeter [mym],Volume [mym^3] ,Irregularity [-],Diameter Ratio [-]
1804.5,47.93287764,150.5855762,9171.045285,108.0598793,339.4801231,660681.3646,1.072072125,1.073961188
3092,62.74437562,197.1172695,15714.53146,141.4509204,444.3811724,1481889.959,1.07634669,1.10976542
4043.5,71.75196234,225.4154378,20550.35833,161.7576239,508.1765629,2216118.089,1.123164925,1.160339733
2692,58.54537432,183.9257179,13681.60372,131.9846919,414.6421384,1203841.501,1.049309199,1.05077958
1510.5,43.85462726,137.7733748,7676.843393,98.8658717,310.5962962,505985.2093,1.102708562,1.182574119
2487.5,56.27773421,176.8017163,12642.26941,126.872524,398.5817893,1069304.419,1.062907555,1.08391002
3127.5,63.10353933,198.2456156,15894.9538,142.2606191,446.9249158,1507483.978,1.077354137,1.093962015
