Area [-],Diameter [-],Perimeter [-],Area [mym^2],Diameter [mym],Perimeter [mym],Volume [mym^3] ,Irregularity [-],Diameter Ratio [-]
3331.5,65.1290837,204.6090509,16931.74695,146.8270063,461.2706443,1657358.477,1.127771748,1.23163659
2933.5,61.11504074,191.998563,14908.98384,137.7777478,432.8415604,1369417.478,1.072528235,1.134993614
1958,49.92998126,156.8596623,9951.181307,112.5621498,353.6244227,746750.907,1.059332388,1.019661704
1956,49.90447424,156.7795297,9941.016668,112.5046467,353.4437717,745607.0456,1.062062546,1.105198045
6061,87.84705391,275.9796592,30803.93764,198.0423983,622.1685437,4066990.459,1.072204509,1.063515945
1726.5,46.88547828,147.2950741,8774.624375,105.6986222,332.0620151,618310.4714,1.070230014,1.02377115
2998,61.7832676,194.0978596,15236.79344,139.2841985,437.5742147,1414829.708,1.068946506,1.030046043
3813.5,69.68141075,218.9106081,19381.42488,157.0897724,493.5120749,2029749.082,1.060744168,1.004623325
1705.5,46.59946398,146.3965337,8667.895668,105.0538316,330.0363456,607063.7679,1.074454834,1.035303065
