Area [-],Diameter [-],Perimeter [-],Area [mym^2],Diameter [mym],Perimeter [mym],Volume [mym^3] ,Irregularity [-],Diameter Ratio [-]
1382.5,41.95537713567073,131.80670458801234,7026.306515199999,94.58420221465609,297.145034823215,443051.7308372215,1.0746009443174083,1.0701924006058319
3565.5,67.37756003858571,211.67284763402608,18121.009678079998,151.89597135098762,477.1952677061484,1835005.577941739,1.10417028980267,1.19859478864678
4961.5,79.48067690453769,249.69591066563953,25215.927504640003,179.18123801358976,562.9144610046178,3012147.4052948835,1.0633808873440045,1.0018823476560492
3784.5,69.41595678984929,218.07665989289706,19234.03761792,156.49133298703623,491.6320220625471,2006640.1237007333,1.092965594040172,1.1758080750279618
2121.0,51.96673045693062,163.25829863457417,10779.599362559999,117.15379714210438,368.04950844178404,841913.9979963413,1.076093777993876,1.0757209194157933
