Area [-],Diameter [-],Perimeter [-],Area [mym^2],Diameter [mym],Perimeter [mym],Volume [mym^3] ,Irregularity [-],Diameter Ratio [-]
2082.5,51.49292526076739,161.76979571107512,10583.9300672,116.08565070787401,364.69382745104775,819094.9392650299,1.0784957446913497,1.0875280383937822
2726.5,58.91933145174359,185.1005388432197,13856.943735039999,132.82774082481075,417.29065476815447,1227057.6873745853,1.0990708078075042,1.1464846629939527
2900.5,60.770315940468336,190.91557811490603,14741.267303679999,137.0006002561918,430.4000793022441,1346374.9794274226,1.0688809021122347,1.0588511321466194
3245.5,64.28295996948157,201.95087479113005,16494.667482879995,144.91950495519924,455.2780521291236,1593599.364013061,1.0739960530668895,1.050500025678538
2074.5,51.393924111251664,161.45877442705955,10543.271512320001,115.86246251640576,363.9926610683631,814379.6002643098,1.0639356405925544,1.0312503066563217
1945.0,49.7639519583191,156.33806588585068,9885.111155199997,112.18785329483457,352.44853573306176,739326.2667218066,1.0791401054665481,1.0851228223439509
