Area [-],Diameter [-],Perimeter [-],Area [mym^2],Diameter [mym],Perimeter [mym],Volume [mym^3] ,Irregularity [-],Diameter Ratio [-]
1919.0,49.430220375260085,155.28961719624158,9752.97085184,111.43548881398634,350.08491300720704,724551.3828422342,1.077966264747709,1.1126796437979791
2454.5,55.90318830399977,175.6250456880925,12474.552869119998,126.02814771253708,395.9291029992358,1048096.5277582057,1.1222513971881882,1.2130632300268926
3758.0,69.17249604513879,217.31180540587704,19099.35615488,155.9424750841609,489.9077341070092,1985600.580870593,1.1039742392178256,1.1857947628692846
3036.0,62.173589713124606,195.3240926900582,15429.92157696,140.16414064926812,440.3386345604672,1441814.4654134659,1.0664770183153747,1.0547516728001158
2927.0,61.047294349871244,191.7857314510892,14875.948766720001,137.62502038234973,432.36175298333546,1364868.5014844204,1.0688748642605344,1.081128995197462
2786.5,59.564099853892955,187.12613851867897,14161.882896639996,134.28130671061626,421.85716667650985,1267784.0938956973,1.0868589780032096,1.1706063306044494
