Area [-],Diameter [-],Perimeter [-],Area [mym^2],Diameter [mym],Perimeter [mym],Volume [mym^3] ,Irregularity [-],Diameter Ratio [-]
27750.0,187.9691393990002,590.5224674374948,141034.36224,423.757627861106,1331.2738505910881,39842924.52648423,1.127980013607039,1.095210464285991
6011.0,87.48395797746615,274.8389596889658,30549.82167296,197.2238348643997,619.5969507228045,4016768.656509815,1.0931885046391048,1.1686534145475032
