Area [-],Diameter [-],Perimeter [-],Area [mym^2],Diameter [mym],Perimeter [mym],Volume [mym^3] ,Irregularity [-],Diameter Ratio [-]
19148.0,156.14093250198326,490.53120647289035,97316.25110527998,352.00411823247106,1105.853551872484,22837147.440002546,1.0598146220176616,1.037059642991053
6263.5,89.3024965409629,280.552067080317,31833.10731136,201.32354820194678,632.4765800258666,4272502.742810886,1.1003071023001374,1.2131220044750421
8004.0,100.95052905289918,317.14544044859105,40678.88415744001,227.58287269685593,714.9726809473037,6171878.209768545,1.1148307498874384,1.1589835248777223
4329.5,74.24614878181148,233.25115557027374,22003.90166912,167.3805178137158,525.8414051176251,2455349.636866261,1.2581416081236065,1.3891334627538856
