Area [-],Diameter [-],Perimeter [-],Area [mym^2],Diameter [mym],Perimeter [mym],Volume [mym^3] ,Irregularity [-],Diameter Ratio [-]
5955.5,87.07914852977297,273.56721330198917,30267.75294848,196.31123244552018,616.7299256680044,3961266.5897817574,1.0764901903019606,1.0565101009060116
7065.0,94.84427965646597,297.9620922037694,35906.5862784,213.8169440575369,671.7257406641777,5118291.033057183,1.079884012373827,0.980770238482191
