Area [-],Diameter [-],Perimeter [-],Area [mym^2],Diameter [mym],Perimeter [mym],Volume [mym^3] ,Irregularity [-],Diameter Ratio [-]
6491.0,90.9098338183276,285.6016660627269,32989.33496575999,204.94712936003774,643.8603959718115,4507379.66715282,1.0669932928732138,1.0654528104519088
