Area [-],Diameter [-],Perimeter [-],Area [mym^2],Diameter [mym],Perimeter [mym],Volume [mym^3] ,Irregularity [-],Diameter Ratio [-]
11103.0,118.89818613080062,373.52966807367505,56428.991854079984,268.0440708132769,842.085283705293,10083637.792304559,1.343593797419445,1.3582684185564853
3883.5,70.31803304970215,220.91061604382855,19737.18723456,158.52497370724853,498.0208928092071,2085891.3916091102,1.0767477324400079,1.0776967691238568
5373.5,82.71488798054675,259.8564844221883,27309.843080959996,186.47244346334458,585.8204584813814,3395022.1132714166,1.079412823318736,1.0880749789707338
8012.0,101.00096649249512,317.3038943382915,40719.54271231999,227.696578860681,715.3298993962444,6181133.712244425,1.0884281122779311,1.1615778744532284
8583.0,104.53810316081837,328.4161369102389,43621.54706688,235.6706997657489,740.3813390504425,6853547.014744108,1.0931842030157843,1.2071607765485635
5738.0,85.47425640326077,268.5252959875344,29162.348487680003,192.69316363551107,605.3634272742975,3746256.792754881,1.07781783743168,1.1112913424987372
6176.5,88.68012205706944,278.5968199739355,31390.945527040007,199.92046716545735,628.0686709492403,4183794.9963541743,1.070903415746272,1.1177946646664667
