Area [-],Diameter [-],Perimeter [-],Area [mym^2],Diameter [mym],Perimeter [mym],Volume [mym^3] ,Irregularity [-],Diameter Ratio [-]
4737.0,77.66167473992861,243.98134682843974,24074.94680832,175.08047953369507,550.0315482900346,2810035.4879659116,1.078271808027415,1.1589193335632997
20782.5,162.66868425870578,511.0387434362677,105623.3020992,366.7202817928263,1152.085743202722,25822804.739804965,1.4851468852973315,1.5082725370560353
