Area [-],Diameter [-],Perimeter [-],Area [mym^2],Diameter [mym],Perimeter [mym],Volume [mym^3] ,Irregularity [-],Diameter Ratio [-]
1008.0,35.82492792865108,112.54733039603403,5122.97791488,80.76371752235099,253.72670164481912,275833.82746040734,2.2130974328151867,1.2477640575609434
7030.0,94.60905876018529,297.22312396404317,35728.70510079999,213.2866620689617,670.0598106645389,5080304.167330611,1.105823068726589,1.1186148752639795
7484.0,97.61621152655925,306.67037300310585,38036.07809024001,220.06598726547517,691.3576888982018,5580298.051090251,1.095797964234062,1.065649878772332
1708.5,46.640430553115884,146.5252339859338,8683.14262656,105.14618663894444,330.3264874978891,608666.2234832345,1.2552368965928242,1.1007463349000357
