Area [-],Diameter [-],Perimeter [-],Area [mym^2],Diameter [mym],Perimeter [mym],Volume [mym^3] ,Irregularity [-],Diameter Ratio [-]
29907.5,195.13946726422844,613.048716782726,151999.46625919998,439.9224150004766,1382.0570271149775,44578648.18368714,1.0738790628661299,1.0617138828897468
6056.0,87.8108118793816,275.8658015060206,30778.52604416,197.9606943008779,621.9118629151728,4061958.9235063773,1.0671562573826299,1.1187410978713512
5714.0,85.29531498632689,267.9631349466719,29040.372823039997,192.28975810517534,604.0960914237772,3722777.5102843135,1.068993283034829,1.0199856816748538
5258.5,81.82499707295963,257.0608096844163,26725.37635456,184.4662734012802,579.5178893525482,3286620.3875815826,1.0951566650529525,1.161314915218941
