Area [-],Diameter [-],Perimeter [-],Area [mym^2],Diameter [mym],Perimeter [mym],Volume [mym^3] ,Irregularity [-],Diameter Ratio [-]
1455.5,43.048811335065096,135.24182943601352,7397.315828479999,97.04924027377075,304.8891802805489,478602.5874794153,1.9077465999591954,2.244677522117899
10176.5,113.82935573479007,357.6054677392757,51720.22296704001,256.61689956851075,806.1857664714231,8848188.841862593,1.1141707338613833,1.172037398452176
