Area [-],Diameter [-],Perimeter [-],Area [mym^2],Diameter [mym],Perimeter [mym],Volume [mym^3] ,Irregularity [-],Diameter Ratio [-]
4755.0,77.8090870992309,244.44445641347212,24166.428556800005,175.41280595650613,551.0755825385315,2826067.362063819,1.0668842363319602,1.0538614840118146
4849.0,78.57441410803395,246.84880212192164,24644.16657664,177.13815916515173,556.4959395036602,2910281.534363579,1.0766286786882697,1.126935467131012
4893.5,78.93413527848087,247.9788995083384,24870.329788159994,177.94911457180726,559.043631051598,2950435.4432746093,1.0768520158377373,1.1148535382003568
28331.5,189.92837113413114,596.6775754632621,143989.73094784,428.17451988478524,1345.149926124378,41101822.61128719,1.1922177877383269,1.0393696900444447
