Area [-],Diameter [-],Perimeter [-],Area [mym^2],Diameter [mym],Perimeter [mym],Volume [mym^3] ,Irregularity [-],Diameter Ratio [-]
8255.5,102.52428522823817,322.08954128757756,41957.08747648,231.13074861854014,726.1186618787149,6465048.692194931,1.0880003896526014,1.1270515603440907
6783.5,92.9355715090351,291.96570870995356,34475.913378560006,209.51395240996874,658.2074937157194,4815456.583257217,1.1568045309896238,1.1728556230893534
