Area [-],Diameter [-],Perimeter [-],Area [mym^2],Diameter [mym],Perimeter [mym],Volume [mym^3] ,Irregularity [-],Diameter Ratio [-]
2341.0,54.59536403601515,171.51639457560557,11897.709621760001,123.07978868279255,386.6665599312453,976245.0573702991,1.1360593998744488,1.3148312622092997
8706.5,105.2875115872566,330.7704729172756,44249.213507839995,237.36016612231128,745.688954144706,7002000.4460016815,1.3724703006434362,1.3970802976981946
5282.0,82.00762937246223,257.6345659748419,26844.81085952,184.87799965727885,580.8113655336836,3308676.6219240366,1.075469849789963,1.0881462894400773
5022.5,79.96777859508387,251.2261857582106,25525.948985599996,180.27936006475707,566.3643131733099,3067867.832113068,1.0887474099258294,1.154696336434674
13985.5,133.44246570298984,419.2218699294208,71078.77740928001,300.8326946808203,945.0937835688862,14255213.42843461,1.4846531185470506,1.4564325085309398
4249.5,73.55699453724353,231.0861136583488,21597.31612032,165.8268884847618,520.9605346313815,2387610.487902969,1.081263607498859,1.1126078275151328
4227.0,73.36200348678827,230.4735312067228,21482.963934720003,165.38730066061547,519.5795287524359,2368672.943568464,1.1097348069653132,1.1568539752529383
5134.0,80.85055239557937,253.9995014446288,26092.627594239995,182.26948532059413,572.6164760567711,3170593.201509371,1.0843381670063128,1.1028012035164707
