Area [-],Diameter [-],Perimeter [-],Area [mym^2],Diameter [mym],Perimeter [mym],Volume [mym^3] ,Irregularity [-],Diameter Ratio [-]
8854.0,106.17562304542946,333.56055734984034,44998.85561344,239.36232459361617,751.9789204894801,7180687.122456995,1.111271038708735,1.1131534236461347
8346.5,103.08779685361424,323.85986527007145,42419.578538240006,232.40112922678793,730.1096802648491,6572238.635740931,1.0933444941728434,1.1149126744807056
2146.5,52.27818553444665,164.2367636180218,10909.198506240002,117.85594146885653,370.2553599004683,857142.573749039,1.0854270499567988,1.0925837802704237
6475.0,90.7977205229304,285.2494517575374,32908.01785599999,204.6943811468943,643.0663640421922,4490724.233203244,1.106770311512233,1.118397578262811
6388.5,90.1891946495842,283.33771134431356,32468.397231359995,203.3225204180226,638.7565364546206,4401037.572675775,1.1321355380097038,1.267548724130064
