Area [-],Diameter [-],Perimeter [-],Area [mym^2],Diameter [mym],Perimeter [mym],Volume [mym^3] ,Irregularity [-],Diameter Ratio [-]
8215.5,102.27560549696946,321.30829087072715,41753.79470208,230.57012503236794,724.3574109389672,6418118.443356272,1.0751760654220552,1.0265166297782724
5711.0,85.27292090683018,267.89278187104117,29025.125864960002,192.23927289235795,603.9374874500752,3719846.0612593885,1.0765199206220164,1.0958668727571885
10369.0,114.90091748701967,360.971878267948,52698.569443839995,259.03262838273713,813.7750023672619,9100432.636698715,1.0841910472664464,1.1603699831087575
8665.0,105.03628256526497,329.9812136674181,44038.2972544,236.79379541513333,743.9096480918273,6951997.0336594805,1.129995230212892,1.2568884499394635
11394.5,120.44886048645215,378.4012552375,57910.48794752001,271.5399110806577,853.0677898074199,10483339.165271388,1.2598209191671466,1.4301965831003505
6320.0,89.70436958546796,281.8145884846098,32120.2583552,202.22953079347897,635.3228082797044,4330443.184091613,1.0676423783521583,1.0548603180787934
6525.0,91.14761669619747,286.3486830049924,33162.133824000004,205.4831870799076,645.5444709664548,4542840.632350615,1.1205820614807898,1.1568756346163327
