Area [-],Diameter [-],Perimeter [-],Area [mym^2],Diameter [mym],Perimeter [mym],Volume [mym^3] ,Irregularity [-],Diameter Ratio [-]
10206.0,113.99422263240831,358.12341237365325,51870.151388160004,256.9885755025013,807.353420855164,8886690.877561552,1.525612142427882,1.5255897424630105
4899.5,78.98251166827964,248.13087841913745,24900.823704319995,178.0581743049696,559.3862523081034,2955863.471654086,1.1709598516834556,1.3369525574873342
2279.0,53.86754980924449,169.22989874760475,11582.605821439998,121.43900428996076,381.5118837366001,937720.0786925176,1.8972900790334486,1.584736978656381
9447.5,109.67648152126986,344.5588286187981,48015.212153600005,247.25465994155078,776.7734232382185,7914656.63537319,1.1461579122381125,1.058772723471218
7568.5,98.16574501488836,308.39678337294214,38465.53407616,221.30485556156432,695.2497084359608,5675072.975215347,1.1271360081833792,1.186750093676938
5697.0,85.1683373464354,267.56422292601866,28953.97339392,192.00349971380396,603.1967841644165,3706176.1481686705,1.3155342350875718,1.3242416846257064
5274.0,81.94550237159602,257.43938824533103,26804.15230464,184.73794054652606,580.3713568602742,3301162.5965697425,1.0886049054244071,1.109672780686551
22182.5,168.0584309134408,527.9711319314933,112738.54920319999,378.8709266512609,1190.2581198263586,28475572.40395677,1.895429574120714,1.3536518117587075
8648.0,104.9331958098565,329.65735707394447,43951.89782527999,236.5613966337405,743.1795457875003,6931548.222834464,1.1658561016276439,1.1078508299186416
