Area [-],Diameter [-],Perimeter [-],Area [mym^2],Diameter [mym],Perimeter [mym],Volume [mym^3] ,Irregularity [-],Diameter Ratio [-]
20641.5,162.11592784995207,509.30220796330235,104906.69506944,365.47414774493194,1148.170897632469,25560456.648827363,1.0767655195269747,1.0073128211551425
