Area [-],Diameter [-],Perimeter [-],Area [mym^2],Diameter [mym],Perimeter [mym],Volume [mym^3] ,Irregularity [-],Diameter Ratio [-]
6410.5,90.34435290334842,283.8251553744831,32580.208257279995,203.67230918530868,639.8554302762346,4423790.832998985,1.0827822790361603,1.0174515871220169
5903.0,86.69448098103861,272.35874455681096,30000.93118208,195.44403792365344,614.0055537288746,3909002.0877969065,1.0930643150996213,1.158527789272234
