Area [-],Diameter [-],Perimeter [-],Area [mym^2],Diameter [mym],Perimeter [mym],Volume [mym^3] ,Irregularity [-],Diameter Ratio [-]
1594.0,45.050458758017655,141.53019027503822,8101.217059840002,101.561754224075,319.06566095604614,548515.8772982358,1.7409141879637586,2.342759809433045
5524.5,83.86901611971734,263.4822849055079,28077.27330432001,189.0743099402908,593.9944630909771,3539127.383346169,1.0962238598270104,1.1349191806166108
8833.5,106.05263560335527,333.17418090533624,44894.66806655999,239.08506170420412,751.10787343299,7155762.989922172,1.0917630344009799,1.1039739374418798
5893.5,86.6246919584519,272.13949587615133,29952.64914816,195.28670555113396,613.5112795031955,3899569.4497820963,1.4303766244845328,1.1961507245418452
