Area [-],Diameter [-],Perimeter [-],Area [mym^2],Diameter [mym],Perimeter [mym],Volume [mym^3] ,Irregularity [-],Diameter Ratio [-]
7706.0,99.0534397773705,311.18555871738613,39164.352988160004,223.30607463410405,701.5367235724754,5830425.287580301,1.1013848571090397,1.1912761461410448
