Area [-],Diameter [-],Perimeter [-],Area [mym^2],Diameter [mym],Perimeter [mym],Volume [mym^3] ,Irregularity [-],Diameter Ratio [-]
6724.5,92.53053181826851,290.69323899302896,34176.05653631999,208.60083093110453,655.3388379858844,4752769.194283172,1.0956306469703379,1.1082817947165655
5184.0,81.24330003087691,255.2333545303943,26346.743562240004,183.1548955896089,575.398074453321,3217023.3775121793,1.094998846898859,1.1160228616209453
4396.0,74.81417672243526,235.03566797557113,22341.87590656,168.66108000305806,529.8644098841276,2512136.613129807,1.108988282798256,1.2142516674025545
5969.5,87.18143989575162,273.8885711058734,30338.905419519997,196.54183810098246,617.454394701081,3975242.8247495457,1.0948430731751961,1.2502659381578136
4116.5,72.39675811735148,227.44112344518862,20921.367645439997,163.21125149975717,512.7432686948332,2276401.7309991936,1.1104029595273321,1.2080996967309865
