Area [-],Diameter [-],Perimeter [-],Area [mym^2],Diameter [mym],Perimeter [mym],Volume [mym^3] ,Irregularity [-],Diameter Ratio [-]
18640.0,154.0557857201846,483.98052466153524,94734.43287039998,347.3033633275841,1091.085694796965,21934391.4392141,1.4150715947233123,1.3450345710636082
