Area [-],Diameter [-],Perimeter [-],Area [mym^2],Diameter [mym],Perimeter [mym],Volume [mym^3] ,Irregularity [-],Diameter Ratio [-]
23282.0,172.17306142519524,540.8976249194576,118326.55933951998,388.14694967696016,1219.399605618425,30618728.715603005,1.0774383278847421,1.0204168526872788
