Area [-],Diameter [-],Perimeter [-],Area [mym^2],Diameter [mym],Perimeter [mym],Volume [mym^3] ,Irregularity [-],Diameter Ratio [-]
43639.5,235.7191912264891,740.5336794672658,221789.87571072002,531.405344700997,1669.459126991004,78573550.23549764,1.133339748519815,1.277840320294453
19789.5,158.73491730094077,498.6804500608189,100576.55897471998,357.85199756324084,1124.22520661711,23994348.358093765,1.1009095862565905,1.1780646828036727
1414.0,42.430657740076576,133.29984264320746,7186.39957504,95.65567480922863,300.5111652548469,458279.9338661367,1.2077654742835067,1.3869827357545708
