Area [-],Diameter [-],Perimeter [-],Area [mym^2],Diameter [mym],Perimeter [mym],Volume [mym^3] ,Irregularity [-],Diameter Ratio [-]
3437.0,66.1522812551068,207.8235208092493,17467.931640320003,149.13370286151277,468.5173453123716,1736704.884568467,1.3355730290675145,1.6960017037236497
74043.5,307.0425251176098,964.6025412491424,376312.7135321601,692.1966686251395,2174.599968992067,173654937.77883175,1.0676616914826589,0.9820055249323983
95769.5,349.1955248560814,1097.0300955542973,486731.18394752004,787.22639123555,2473.144647417608,255445088.96054187,1.1264294848651852,1.1118551775683223
