Area [-],Diameter [-],Perimeter [-],Area [mym^2],Diameter [mym],Perimeter [mym],Volume [mym^3] ,Irregularity [-],Diameter Ratio [-]
18851.0,154.9252679771849,486.71208373255405,95806.80225535999,349.2635241277656,1097.2437215666698,22307880.927412663,1.1464976917734768,1.0066170029701866
19148.0,156.14093250198326,490.53120647289035,97316.25110527998,352.00411823247106,1105.853551872484,22837147.440002546,1.1673909623117888,1.3123617736219073
36473.0,215.496788642257,677.003128070707,185367.43401728,485.8159603151042,1526.2358519226018,60036305.31216773,1.7906179551184134,1.400091868721742
30057.5,195.62821272985437,614.5841559470117,152761.8141632,441.0242427781837,1385.5185211669432,44914442.277831264,1.0857922995097353,1.0255763485805356
