Area [-],Diameter [-],Perimeter [-],Area [mym^2],Diameter [mym],Perimeter [mym],Volume [mym^3] ,Irregularity [-],Diameter Ratio [-]
21207.5,164.3235456195215,516.237643730116,107783.2878272,370.45100124464926,1163.8061440251734,26618951.262017637,1.0843293718343523,1.105985019965526
97590.0,352.4988612332025,1107.4078328489968,495983.5463424001,794.6734327641317,2496.5402183747783,262763298.24429524,1.1246313171854023,1.1346611587854636
