Area [-],Diameter [-],Perimeter [-],Area [mym^2],Diameter [mym],Perimeter [mym],Volume [mym^3] ,Irregularity [-],Diameter Ratio [-]
150407.5,437.6125875986133,1374.8004903182234,764418.9491392,986.5538174823138,3099.3502253734027,502760288.2860642,1.4983927641682515,1.3873675799253595
15811.5,141.8866697811321,445.7501194267255,80359.09256063998,319.8693083545842,1004.8990692356099,17136271.571582615,1.122599938273485,1.0324543971555071
