Area [-],Diameter [-],Perimeter [-],Area [mym^2],Diameter [mym],Perimeter [mym],Volume [mym^3] ,Irregularity [-],Diameter Ratio [-]
42574.0,232.82375389456038,731.4373948163488,216374.66443264004,524.877870779897,1648.952462873977,75713515.43874587,1.0744882900073338,1.087794260788422
27810.0,188.1722395548421,591.1605253950306,141339.3014016,424.215496852436,1332.7122884505568,39972214.64590397,1.0722917095423408,1.0755419142382037
27958.5,188.67397226824386,592.7367652015192,142094.02582656,425.34660308152894,1336.265763470305,40292807.46900423,1.0598263562656576,1.0196946854345705
