Area [-],Diameter [-],Perimeter [-],Area [mym^2],Diameter [mym],Perimeter [mym],Volume [mym^3] ,Irregularity [-],Diameter Ratio [-]
1282.5,40.40952506678155,126.95026708485351,6518.074579200001,91.09923331055232,286.19668211609377,395861.06455074734,1.0722694293795938,1.014913976461822
70855.0,300.3587653826836,943.604890767539,360107.7382528,677.1288006787219,2127.2628657463397,162559547.27883038,1.0695521332960383,1.0021348956355558
198159.0,502.29859142264684,1578.0175647218884,1007107.3220582398,1132.381944503215,3557.482797909025,760286765.1171569,1.148626319907418,1.0497401924343879
