Area [-],Diameter [-],Perimeter [-],Area [mym^2],Diameter [mym],Perimeter [mym],Volume [mym^3] ,Irregularity [-],Diameter Ratio [-]
163381.0,456.09554926394054,1432.8664269025971,830354.41935616,1028.2218062606275,3230.254072809215,569192347.2712569,1.0652915364134299,1.0195232133933991
284319.5,601.6700347693319,1890.2021611164485,1445002.4992755195,1356.4049263839818,4261.271752020922,1306672339.1029873,1.0879975197817147,1.006634482688534
