Area [-],Diameter [-],Perimeter [-],Area [mym^2],Diameter [mym],Perimeter [mym],Volume [mym^3] ,Irregularity [-],Diameter Ratio [-]
2170.0,52.56357876015772,165.13335287929996,11028.6330112,118.49933195689955,372.27663073109386,871257.0961500063,1.1294487951152763,1.313004733507245
24217.0,175.59624726870285,551.6518804172937,123078.52794112,395.8641798425637,1243.6439992127468,32481587.01309435,1.0806750363805018,0.9990869156644333
26838.5,184.85626719528517,580.7430909907398,136401.82814335998,416.7399687650509,1309.2272243295238,37896062.39997312,1.1089189791719203,1.2032850566032645
