Area [-],Diameter [-],Perimeter [-],Area [mym^2],Diameter [mym],Perimeter [mym],Volume [mym^3] ,Irregularity [-],Diameter Ratio [-]
41580.5,230.09114909066022,722.852663639252,211325.38014847995,518.7174865099844,1629.5990449083295,73078780.01759098,1.1980607728225052,1.034256168688398
36338.0,215.09760244267332,675.7490476386804,184681.32090368,484.91603494676275,1523.4086529966412,59703289.24089547,1.200496880822479,1.1364100244697988
36158.0,214.56419892082187,674.073311053033,183766.50341887996,483.7135300471008,1519.6308724379576,59260229.382106036,1.1197717004768284,1.2076802200373866
