Area [-],Diameter [-],Perimeter [-],Area [mym^2],Diameter [mym],Perimeter [mym],Volume [mym^3] ,Irregularity [-],Diameter Ratio [-]
146534.5,431.9415702013349,1356.9844637245537,744735.12625792,973.7690758618894,3059.1857750206336,483466690.4387083,1.0567812231674656,0.9978200032100354
307693.0,625.9128495551089,1966.3632099497836,1563794.09083648,1411.0579280370375,4432.969220510792,1471069366.461524,1.0862560137032378,1.0354785401692008
