Area [-],Diameter [-],Perimeter [-],Area [mym^2],Diameter [mym],Perimeter [mym],Volume [mym^3] ,Irregularity [-],Diameter Ratio [-]
4802.5,78.19675769231496,245.66235950071783,24407.8387264,176.28677054155486,553.8212232584183,2868519.3766507693,1.1791142730217459,1.1032046769513555
26350.0,183.16621414379765,575.4336327400096,133919.11513599998,412.9299131657774,1297.2575816490776,36866139.05623082,1.0957370426858326,1.0037209314005406
8316.0,102.89927139692298,323.2675950803156,42264.56779775999,231.97611743722317,728.7744663490635,6536246.895257768,1.1223467119553951,1.0374564921756209
