Area [-],Diameter [-],Perimeter [-],Area [mym^2],Diameter [mym],Perimeter [mym],Volume [mym^3] ,Irregularity [-],Diameter Ratio [-]
203645.0,509.20415069752937,1599.7120190087883,1034988.9260672,1147.9498373325102,3606.390775653412,792076912.879861,1.0621633889863895,0.9997507665498776
