Area [-],Diameter [-],Perimeter [-],Area [mym^2],Diameter [mym],Perimeter [mym],Volume [mym^3] ,Irregularity [-],Diameter Ratio [-]
4169.5,72.86132226204285,228.90059474927224,21190.730571519995,164.25856490754938,516.0335008027594,2320505.9953469387,1.0566377302865728,1.0190071479061886
1545.5,44.35979842591932,139.3604168495922,7854.724570880001,100.00472957139252,314.1741237457207,523673.07104575104,1.0915932506921748,1.2097807529535454
