Area [-],Diameter [-],Perimeter [-],Area [mym^2],Diameter [mym],Perimeter [mym],Volume [mym^3] ,Irregularity [-],Diameter Ratio [-]
5290.0,82.06970934302747,257.8295959543047,26885.4694144,185.01795274292112,581.2510411193845,3316196.33972314,1.0799799391854834,1.0823273855405589
3782.5,69.39761219206864,218.01902863927629,19223.872979199998,156.44997692579952,491.5020981643844,2005049.6560135605,1.0688818277708636,1.035595557492862
2475.5,56.14182480995693,176.37474438208588,12581.28157568,126.5661298515669,397.61922373497436,1061576.0784044273,1.0721231861578668,1.0402856361232637
