Area [-],Diameter [-],Perimeter [-],Area [mym^2],Diameter [mym],Perimeter [mym],Volume [mym^3] ,Irregularity [-],Diameter Ratio [-]
1944.0,49.75115752387231,156.2978709845858,9880.02883584,112.15900952181774,352.35792034765024,738756.1655165415,1.0931230938330647,1.1048149804519178
4689.5,77.2713196796557,242.75501023879477,23833.536638720005,174.2004630858158,547.2668950823389,2767875.412958522,1.2020601738606695,1.14139805888124
1964.5,50.01278922068062,157.11981120122502,9984.21638272,112.74883201910238,354.2109023720417,750472.4905184448,1.132408947164352,1.2215970956604425
