Area [-],Diameter [-],Perimeter [-],Area [mym^2],Diameter [mym],Perimeter [mym],Volume [mym^3] ,Irregularity [-],Diameter Ratio [-]
2708.5,58.72452049114738,184.48852216057188,13765.461986559998,132.38855899524265,415.91092435879324,1214926.4508696457,1.061984115253068,1.0387483710351564
1529.0,44.12236693447059,138.614503820326,7770.866301439998,99.4694640170705,312.49253741254296,515309.27063503437,1.0728363397040603,1.0652193720659455
2899.0,60.75460015659091,190.8662055237313,14733.643824639998,136.96517059301854,430.28877373269984,1345330.6932657275,1.0505247164770652,1.0369585156946424
