Area [-],Diameter [-],Perimeter [-],Area [mym^2],Diameter [mym],Perimeter [mym],Volume [mym^3] ,Irregularity [-],Diameter Ratio [-]
5635.5,84.70738724783695,266.1161054825903,28641.410753279997,190.9643338115236,599.9321481999515,3646325.2826148816,1.1590187142735344,1.2207511346864455
2949.5,61.28148200881211,192.5214536799792,14990.300952319996,138.152973040666,434.0203651761451,1380636.4288915563,1.1283811966613617,1.1443399215344126
13098.5,129.14150446976188,405.71000171573735,66570.76013695999,291.1366076766312,914.6326278679583,12920790.184486158,1.1483310446889037,1.049880483414594
5449.5,83.29777247342373,261.6876700629021,27696.09935232,187.78649826408648,589.9486833898065,3467302.341964271,1.126126545827022,1.0857729330600723
4670.5,77.11462438270433,242.26273744504027,23736.972570879996,173.84720920836864,546.1571152960987,2751070.957668722,1.1902378763120842,1.1064848584640563
2479.5,56.18716446992886,176.51718312476996,12601.610853119999,126.66834358100762,397.9403376364814,1064150.1154781058,1.0778952080482305,1.0903344687701946
1373.5,41.81859053930137,131.3769768217488,6980.56564096,94.275830511801,296.1762565469505,438732.4154957643,1.1579265570486121,1.3065473815850877
2157.0,52.405893733374555,164.63797075757688,10962.562859520001,118.1438468325196,371.1598412758813,863439.5649113328,1.0792239393436172,1.0837735156069086
