Area [-],Diameter [-],Perimeter [-],Area [mym^2],Diameter [mym],Perimeter [mym],Volume [mym^3] ,Irregularity [-],Diameter Ratio [-]
2628.5,57.85075750010863,181.74351476694588,13358.876437759998,130.4187477082449,409.7225796906028,1161498.6238678922,1.080694194023486,1.0899964008602618
1014.5,35.94024927756933,112.90962309859768,5156.01299072,81.02369797135229,254.54345431347858,278506.1595309774,1.1939742463189424,1.3491357070488514
1836.0,48.34943437242838,151.89422782964283,9331.13834496,108.99896484920254,342.43034721914677,678056.2803102273,1.0666921813221935,1.0822047982013665
1697.5,46.49004331239043,146.05277853527707,8627.237113599998,104.80715364345299,329.2613839299286,602797.44378905,1.085978461117547,1.099119682460004
2591.0,57.43660557874923,180.44241813333312,13168.289461760001,129.48508361673225,406.78938743978614,1136731.3746968852,1.1047185887960957,1.1423841840695619
