Area [-],Diameter [-],Perimeter [-],Area [mym^2],Diameter [mym],Perimeter [mym],Volume [mym^3] ,Irregularity [-],Diameter Ratio [-]
1466,43.2038097,135.7287712,7450.680182,97.39866859,305.9869417,483790.8865,1.0661754,1.041574813
3013.5,61.94277495,194.5989667,15315.56939,139.6437918,438.7039106,1425816.123,1.06847371,1.081643502
6548,91.30811869,286.8529149,33279.02717,205.8450228,646.6812113,4566881.404,1.121790535,1.20034824
1055,36.65061691,115.1413088,5361.846925,82.62515076,259.5745666,295348.9403,1.283119985,1.484045156
4256.5,73.61755308,231.2763639,21632.89236,165.9634117,521.3894349,2393512.413,1.149555451,1.302689146
