Area [-],Diameter [-],Perimeter [-],Area [mym^2],Diameter [mym],Perimeter [mym],Volume [mym^3] ,Irregularity [-],Diameter Ratio [-]
1577.5,44.81668642,140.7957728,8017.35879,101.0347379,317.4099902,540021.1625,1.102990951,1.093342768
5415,83.03368072,260.8580014,27520.75933,187.1911298,588.0782783,3434428.022,1.117164711,1.135672095
7728.5,99.19794263,311.6395278,39278.70517,223.6318419,702.5601515,5855979.456,1.159230269,1.051144635
4167,72.83947544,228.8319609,21178.02477,164.2093134,515.8787728,2318419.272,1.112575908,1.134473161
