Area [-],Diameter [-],Perimeter [-],Area [mym^2],Diameter [mym],Perimeter [mym],Volume [mym^3] ,Irregularity [-],Diameter Ratio [-]
4559.5,76.19275362,239.366595,23172.83512,171.7689438,539.6280518,2653582.275,1.058542541,1.063093223
5375.5,82.73027966,259.9048388,27320.00772,186.5071425,585.9294686,3396917.715,1.243997034,1.324116554
1002.5,35.72705758,112.2398616,5095.025158,80.54307862,253.0335441,273579.3413,1.075099746,0.979649665
2059,51.20156465,160.8544594,10464.49556,115.4288073,362.6302932,805269.4948,1.107625622,1.066648178
5829.5,86.15306104,270.6578236,29627.38071,194.2234608,610.1709976,3836221.611,1.075075898,1.09160589
1499.5,43.69465296,137.2708007,7620.93788,98.50522563,309.4632932,500468.137,1.093640378,1.160094839
