Area [-],Diameter [-],Perimeter [-],Area [mym^2],Diameter [mym],Perimeter [mym],Volume [mym^3] ,Irregularity [-],Diameter Ratio [-]
3477.5,66.54089356791452,209.04438239626057,17673.765574399997,150.0097904595065,471.2696556741298,1767491.9136307884,1.1299425894004005,1.011559971033716
1598.0,45.106948383666904,141.70765766798195,8121.54633728,101.68910443613866,319.46574344669847,550581.8491164036,1.0728028937578085,1.0905968695925878
