Area [-],Diameter [-],Perimeter [-],Area [mym^2],Diameter [mym],Perimeter [mym],Volume [mym^3] ,Irregularity [-],Diameter Ratio [-]
2124.0,52.00346904791531,163.37371632211494,10794.846320640001,117.23662062162028,368.3097060765759,843700.8685077102,1.0804043050282135,1.0577614917883276
1798.0,47.84647010421796,150.3141189796148,9138.010209279999,107.86508220294895,338.86814982764355,657114.8149302492,1.0701111338184146,1.0788422505383175
2118.0,51.929965874715094,163.1427992931736,10764.35240448,117.07091506795771,367.7891267265306,840128.3907376295,1.096296085791605,1.050738594120766
1228.0,39.54160038408638,124.22360127782912,6241.088174080001,89.14258390588434,280.04968672073795,370897.81748129934,1.0871832837446278,1.1516174390389777
2703.5,58.67029153832042,184.31815688075883,13740.050389760003,132.26630524398956,415.5268528719827,1211563.799279863,1.077220497165712,1.0942506487411021
1001.5,35.70923415661929,112.18386769175287,5089.942839040001,80.50289748268253,252.9073113242877,273170.09770930087,1.146947858074824,1.1920679329071162
1111.5,37.61922053914905,118.1842668795649,5648.997968640001,84.80877078345762,266.4346112532911,319389.7159190717,1.195560687568597,1.4626466855580396
10284.5,114.4317792303728,359.49803696734824,52269.11345791999,257.97500309695243,810.4523745391899,8989416.47078791,1.0812793874104378,1.0522929647293717
1197.0,39.039310125154486,122.64560989039896,6083.53627392,88.01022074614828,276.49226293691544,356942.2469232664,1.1039691410408439,1.1486877902829868
