Area [-],Diameter [-],Perimeter [-],Area [mym^2],Diameter [mym],Perimeter [mym],Volume [mym^3] ,Irregularity [-],Diameter Ratio [-]
3785.0,69.42054218185415,218.09106532673334,19236.578777599996,156.50167029477197,491.6644976725876,2007037.806300908,1.1354081099637545,1.3026925665702536
2962.0,61.41120037505823,192.9289759464137,15053.829944320001,138.44541012553128,434.93908337359505,1389422.4404009243,1.0822321332605898,1.1654651942973127
4258.5,73.63484637897122,231.33069243238896,21643.05699456,166.0023976767527,521.5119130195776,2395199.569434382,1.1003783973289945,1.041860831395385
2586.5,57.386706495995206,180.2856555415322,13145.419024639998,129.37259112457158,406.43598185283014,1133771.2804239437,1.116215195723328,1.1357599125592197
