Area [-],Diameter [-],Perimeter [-],Area [mym^2],Diameter [mym],Perimeter [mym],Volume [mym^3] ,Irregularity [-],Diameter Ratio [-]
2031.5,50.858491278541514,159.77666257332658,10324.73177984,114.65538273834399,360.20050810530745,789190.7159255325,1.0958762693165178,1.1343347061133449
3593.5,67.64160187344625,212.5023595226643,18263.31462016,152.49122726349722,479.06531930789447,1856663.5068850468,1.0683955619634589,1.049673915083728
1104.0,37.492085263260826,117.78485963082235,5610.880573439999,84.5221570174952,265.5341875517259,316162.4858898061,1.1027075146945735,1.0258262517368744
3404.0,65.83393813435814,206.82341639978443,17300.21510144,148.41603013009697,466.262709931674,1711752.8305016516,1.0668608306810645,1.108850572648668
4110.0,72.33957788694595,227.26148645341604,20888.3325696,163.08234438833094,512.3382950605811,2271012.1638756646,1.064700904257821,1.0144487746011688
1909.0,49.301260540674065,154.88447792729798,9702.14765824,111.14476176289561,349.1715670393006,718895.2600423469,1.1494010736015503,1.2416015316457123
18324.0,152.7443662389128,479.8605788533972,93128.41995263999,344.346899249005,1081.7976889670988,21378988.428433836,1.1884671849555333,1.153383829584392
1435.5,42.752021782218975,134.30943755712994,7295.669441279997,96.38015790583445,302.78719602879374,468771.8485195581,1.054576743033384,1.0058003857465323
