Area [-],Diameter [-],Perimeter [-],Area [mym^2],Diameter [mym],Perimeter [mym],Volume [mym^3] ,Irregularity [-],Diameter Ratio [-]
6297.5,89.54454775679918,281.31249340178067,32005.9061696,201.86922846292805,634.1908851249743,4307338.389809347,1.0657405442174952,1.0159283030964226
2043.5,51.00847978195689,160.24786535377928,10385.71961216,114.99351682044362,361.26278765356,796193.6152755547,1.1145869012442964,1.0934432055079253
1911.5,49.3335321030358,154.9858620305335,9714.853456640001,111.2175147730839,349.4001273616347,720307.9052214697,1.0727883411430492,1.0334218374892052
1377.5,41.879439739240624,131.5681402212548,7000.894918400001,94.41300894814407,296.6072153147968,440650.3697172771,1.0928310178858518,1.0992722797317842
1781.0,47.61973991081141,149.6018250696618,9051.610780160001,107.35394165493324,337.26235443704553,647817.3970509743,1.0987000391514947,1.095032374347612
24417.5,176.32165659263424,553.9308210202021,124097.53297279998,397.4995426224346,1248.7816429079435,32885808.398173664,1.3355386576873542,1.069545129966122
17596.0,149.67940081774753,470.23170600275773,89428.49145855999,337.43724120353005,1060.0903580126171,20117668.961846624,1.2993271938410882,1.0817025169139307
2370.5,54.93827755576892,172.59368917008067,12047.63804288,123.85285292172546,389.09521286502985,994756.2283860006,1.080046217833406,1.0220125604356056
