Area [-],Diameter [-],Perimeter [-],Area [mym^2],Diameter [mym],Perimeter [mym],Volume [mym^3] ,Irregularity [-],Diameter Ratio [-]
13644.5,131.80560294668405,414.07951391927577,69345.70650752001,297.14255128300454,933.5008561796154,13737040.10144463,1.43264147027044,1.114576711156662
14406.0,135.4337065927635,425.4775376802614,73215.89270016,305.32174814272605,959.1965609463812,14902936.234028736,1.3523319399749545,1.1948991461035225
1819.5,48.13168760438001,151.21015618279915,9247.28007552,108.5080765353143,340.8881760985024,668936.3827853408,1.472741233758409,1.8518589150712947
3052.5,62.34231075524939,195.85414547650345,15513.7798464,140.54450536663424,441.5335855622294,1453584.3432527648,1.893126598720447,1.462794675708453
2006.5,50.544585728949286,158.79049920480657,10197.673795839999,113.94771406734327,357.97730140731596,774667.7452269435,1.191743770780158,1.335616572314033
2710.0,58.740779414579535,184.53960107498162,13773.085465600001,132.4252131122281,416.0260766634386,1215935.8519966744,1.1280317036719338,1.0463725124358996
