Area [-],Diameter [-],Perimeter [-],Area [mym^2],Diameter [mym],Perimeter [mym],Volume [mym^3] ,Irregularity [-],Diameter Ratio [-]
1515.5,43.92715026092791,138.0012125528661,7702.2549900799995,99.02936754823588,311.1099335791813,508499.62690857745,1.3012982336291128,1.607230574726328
17324.0,148.51801868120904,466.583116414598,88046.10059264,334.8190213149177,1051.8649776450698,19653006.154015012,2.9590043858961965,1.7639956435306277
1168.0,38.563503319209346,121.15081872431368,5936.14901248,86.93756188282555,273.1224057320928,344049.5480787692,1.1449421338549757,1.1651594062827235
1181.5,38.78572575193862,121.84895108643883,6004.76032384,87.43854013517043,274.6962753292677,350031.6510521085,1.535470360938741,1.7830280350883085
7020.0,94.54174529825882,297.01165248656724,35677.881907200004,213.13491060039468,669.5830693657173,5069468.113801674,1.9273341025858157,1.9296611474571925
3827.5,69.80919966217802,219.3120688116815,19452.577350400003,157.37785971841413,494.41712792905486,2040936.6596085678,2.1536242798458693,2.027043968752713
2649.5,58.08139266388,182.46807650310953,13465.605144320003,130.93869162145108,411.3560316686101,1175445.812992228,1.626001861034586,1.6694875792046184
