Area [-],Diameter [-],Perimeter [-],Area [mym^2],Diameter [mym],Perimeter [mym],Volume [mym^3] ,Irregularity [-],Diameter Ratio [-]
37542.5,218.63347321080514,686.8573132678863,190802.9745728,492.8873020064391,1548.4511270311227,62696242.23466039,1.1272811564052034,1.0327536153166517
1046.5,36.502673649547205,114.67653137380321,5318.64721024,82.29162747553922,258.52677232910196,291786.7565992573,1.1304807327583566,1.2156921746476814
1061.5,36.76334827972522,115.49546487694771,5394.882000639999,82.87929236181253,260.3729760185909,298082.6683923484,1.0950043486878576,1.0788207822142815
44948.0,239.22702827388903,751.5538745653676,228440.09059328007,539.3134125406555,1694.3030548201646,82133869.87930556,1.1061780162568173,1.0061536919618852
1485.0,43.482878514786904,136.60549169899198,7547.2442495999985,98.02780132373559,307.9634204862075,493226.50656099635,1.103254891396179,1.167466344102085
46508.0,243.3430186928381,764.4846398277838,236368.50879487995,548.5925013411342,1723.4541720277557,86446660.98537137,1.086570009528677,1.020299689426807
