Area [-],Diameter [-],Perimeter [-],Area [mym^2],Diameter [mym],Perimeter [mym],Volume [mym^3] ,Irregularity [-],Diameter Ratio [-]
2483.5,56.232467573011384,176.65950702059882,12621.940130560002,126.77047489659687,398.261192627238,1066726.2296450033,1.2777284015011958,1.5097853600074833
9033.5,107.24648911439989,336.92478232509643,45911.13193856,241.7764850595031,759.5632292736973,7400154.736805419,1.525060019275325,1.2942265562129642
3177.0,63.60095937659755,199.80830673878174,16146.528606719996,143.3820028186015,450.4478467119095,1543414.406799571,1.3293859930952117,1.385264823306239
1018.5,36.01103270266993,113.13199578688965,5176.34226816,81.18327212489909,255.044771301964,280154.9353117671,1.4946740020677416,1.3709728380385415
2455.5,55.914575041729435,175.6608181796924,12479.635188479999,126.05381797407483,396.0097485042985,1048737.1082876779,1.5359494086905359,1.9502538465129449
12202.0,124.64376809475256,391.5799461622245,62014.46083072,280.9969107928102,882.777830628119,11617247.945276035,1.8359621706314588,1.115576080927997
20339.5,160.9256217018932,505.56275091303786,103371.83462272,362.790721564748,1139.7406656583526,25001561.648165587,1.872911387194965,1.6604416888876363
