Area [-],Diameter [-],Perimeter [-],Area [mym^2],Diameter [mym],Perimeter [mym],Volume [mym^3] ,Irregularity [-],Diameter Ratio [-]
1349.5,41.451619577769236,130.22410354491868,6858.589976319999,93.44853117612297,293.5772190316647,427283.4394842559,1.1490930261311263,1.1940731367206243
33527.5,206.6120491067938,649.090895617037,170397.46234239996,465.7862035063559,1463.310515079048,52912524.71438915,1.0599394326253413,1.0163976443186769
63555.0,284.4657084178043,893.6753797635902,323006.8069248,641.2994930570981,2014.7017761390377,138096067.6899108,1.1169661926135828,1.0084814406867768
5979.5,87.25443173698346,274.11788173805934,30389.72861312,196.7063909078555,617.971352590281,3985235.890770683,1.7202316071968176,1.8364024581890777
2218.0,53.141747338816316,166.94972303855027,11272.58434048,119.8027552006275,376.37145561810775,900324.4414806349,1.1960561283496294,1.3875333489724095
3068.0,62.50039138475438,196.35077042083117,15592.555796480001,140.90088233779028,442.6531768367218,1464669.9130835056,1.3833526789859296,1.1940683282218327
2579.5,57.30899934254961,180.04153131913614,13109.84278912,129.19740811784385,405.88562820586054,1129171.8061244728,1.295465477201313,1.4682811146742896
1273.5,40.26748763233472,126.5040433242606,6472.333704959999,90.77902411833539,285.1907152702131,391701.4250029858,1.110383768002812,1.109149563255512
1022.5,36.08167726827155,113.35393223519974,5196.6715456,81.34253323359138,255.54510483103428,281806.9519346845,1.2331442045548728,1.3024729076499344
