Area [-],Diameter [-],Perimeter [-],Area [mym^2],Diameter [mym],Perimeter [mym],Volume [mym^3] ,Irregularity [-],Diameter Ratio [-]
25401.0,179.83758693837578,564.9764419649171,129095.99406335998,405.42585599387434,1273.682890765709,34892569.26567856,1.0843668012734466,1.0700877642932163
