Area [-],Diameter [-],Perimeter [-],Area [mym^2],Diameter [mym],Perimeter [mym],Volume [mym^3] ,Irregularity [-],Diameter Ratio [-]
7153.0,95.43313084820501,299.8120227817943,36353.83038208,215.14445018419337,675.8962241592772,5214216.566428018,1.088655195500866,1.0834982913929356
24112.0,175.21515888373997,550.4546559467259,122544.88440832,395.0050541875034,1240.9449763662988,32270565.804073185,1.0766403567775567,1.0719946442458932
19259.0,156.5928491089376,491.9509443653333,97880.38855423998,353.0229190311889,1109.0542089772075,23036013.65554985,1.0763857766586045,1.1054615653503213
