Area [-],Diameter [-],Perimeter [-],Area [mym^2],Diameter [mym],Perimeter [mym],Volume [mym^3] ,Irregularity [-],Diameter Ratio [-]
16573.5,145.2653971,456.3647044,84231.81991,327.4863112,1028.828589,18389845.33,1.066070189,1.07389649
73084,305.0466176,958.3322127,371436.2281,687.6970946,2160.46414,170290409.9,1.154476175,1.090559672
