Area [-],Diameter [-],Perimeter [-],Area [mym^2],Diameter [mym],Perimeter [mym],Volume [mym^3] ,Irregularity [-],Diameter Ratio [-]
21411.0,165.1100599367724,518.7085513311346,108817.53981696,372.22411912145964,1169.3765581209095,27003008.60222153,1.0885528987701085,1.030586427215517
10069.0,113.2265383023713,355.711660922133,51173.87363584,255.25790794886584,801.9163683828566,8708357.283949425,1.0631951306544047,1.0832988632864313
7703.0,99.03415680004025,311.1249794574661,39149.10603008,223.26260309001074,701.4001536889116,5827020.880614999,1.0785488512810317,1.1309229423353304
