Area [-],Diameter [-],Perimeter [-],Area [mym^2],Diameter [mym],Perimeter [mym],Volume [mym^3] ,Irregularity [-],Diameter Ratio [-]
21798.5,166.5974556105508,523.381342652858,110786.93856896,375.57730392842575,1179.9108988766034,27739373.132142752,1.0743902207248364,1.0804486739628236
8559.5,104.39489395157517,327.9662319105541,43502.112561919996,235.34784892443105,739.3670732191531,6825419.076744228,1.0842735768131035,1.1090778673420727
