Area [-],Diameter [-],Perimeter [-],Area [mym^2],Diameter [mym],Perimeter [mym],Volume [mym^3] ,Irregularity [-],Diameter Ratio [-]
14005.0,133.53546279552842,419.5140289121452,71177.8826368,301.0423473262393,945.7524267795402,14285037.91112923,1.082040144013681,1.0988069197500936
25400.5,179.8358169443604,564.9708813647214,129093.45290368001,405.4218657193661,1273.670354948628,34891539.01891005,1.0738311430347658,1.0213092537934993
