Area [-],Diameter [-],Perimeter [-],Area [mym^2],Diameter [mym],Perimeter [mym],Volume [mym^3] ,Irregularity [-],Diameter Ratio [-]
53346.5,260.62017069523677,818.7624136334737,271123.9497382399,587.5421128153417,1845.817985295303,106197825.50936401,1.1284867629086666,1.1253208462445246
29790.5,194.75739435880956,611.8483993499264,151404.83489408,439.0610698425003,1379.351031494474,44317312.52528126,1.1811875511956045,1.039627972288041
