Area [-],Diameter [-],Perimeter [-],Area [mym^2],Diameter [mym],Perimeter [mym],Volume [mym^3] ,Irregularity [-],Diameter Ratio [-]
21764.0,166.4655683666027,522.9670066561685,110611.59855103998,375.2799773256691,1178.9768198056663,27673545.464126866,1.0700251971735668,1.0072485083840899
