Area [-],Diameter [-],Perimeter [-],Area [mym^2],Diameter [mym],Perimeter [mym],Volume [mym^3] ,Irregularity [-],Diameter Ratio [-]
9485.5,109.89683208166369,345.2510803205457,48208.34028928,247.75141824490262,778.3340354746383,7962456.451934666,1.0637532927030096,1.0718132375918081
22586.0,169.5800352558885,532.7513929553975,114789.26506496003,382.30123148087506,1201.034740278648,29256051.596745867,1.064901934307075,1.055758437061056
