Area [-],Diameter [-],Perimeter [-],Area [mym^2],Diameter [mym],Perimeter [mym],Volume [mym^3] ,Irregularity [-],Diameter Ratio [-]
49883.5,252.01913584050814,791.7414657205885,253523.87779456007,568.1519398388416,1784.901960320495,96026721.97629647,1.151230930786153,1.278824714979219
