Area [-],Diameter [-],Perimeter [-],Area [mym^2],Diameter [mym],Perimeter [mym],Volume [mym^3] ,Irregularity [-],Diameter Ratio [-]
21390.0,165.0290697479845,518.4541131490256,108710.81111040001,372.04153483985624,1168.8029526831635,26963291.346132606,1.0683146900152523,1.0142822890396532
