Area [-],Diameter [-],Perimeter [-],Area [mym^2],Diameter [mym],Perimeter [mym],Volume [mym^3] ,Irregularity [-],Diameter Ratio [-]
16317.5,144.13912123783751,452.82640437567886,82930.7461568,324.9472349185809,1020.8518460245303,17965411.102257926,1.0872064691873067,1.12678089482606
55762.5,266.45641315850236,837.0975100806377,283402.8333119999,600.6993378245277,1887.1526267257896,113493262.87207557,1.1443155177660569,1.2559948294364658
