Area [-],Diameter [-],Perimeter [-],Area [mym^2],Diameter [mym],Perimeter [mym],Volume [mym^3] ,Irregularity [-],Diameter Ratio [-]
26744.5,184.5322601,579.7251926,135924.0901,416.0095271,1306.932474,37697144.3,1.079918414,1.063049772
24816.5,177.7564321,558.4383013,126125.3784,400.7341006,1258.943306,33695160.05,1.087261757,1.070031699
