Area [-],Diameter [-],Perimeter [-],Area [mym^2],Diameter [mym],Perimeter [mym],Volume [mym^3] ,Irregularity [-],Diameter Ratio [-]
43865.5,236.32877363871773,742.4487390952808,222938.47988608005,532.7795872911253,1673.776437416401,79184714.20334436,1.178713185967007,1.093333905169458
