Area [-],Diameter [-],Perimeter [-],Area [mym^2],Diameter [mym],Perimeter [mym],Volume [mym^3] ,Irregularity [-],Diameter Ratio [-]
96179.0,349.94128960881886,1099.3729846228036,488812.39372544014,788.9076432941213,2478.4264565336484,257085222.36459672,1.125832467955774,0.9989906424624972
