Area [-],Diameter [-],Perimeter [-],Area [mym^2],Diameter [mym],Perimeter [mym],Volume [mym^3] ,Irregularity [-],Diameter Ratio [-]
99016.0,355.0649049983635,1115.4692970904166,503230.9337497601,800.4583218283107,2514.713983360635,268543592.48095113,1.1112302984218956,0.9998172024397517
