Area [-],Diameter [-],Perimeter [-],Area [mym^2],Diameter [mym],Perimeter [mym],Volume [mym^3] ,Irregularity [-],Diameter Ratio [-]
99280.0,355.53793328041235,1116.9553592662414,504572.6660608,801.5247167873616,2518.064161929815,269618308.8420178,1.1246073499768894,1.0044101995497141
