Area [-],Diameter [-],Perimeter [-],Area [mym^2],Diameter [mym],Perimeter [mym],Volume [mym^3] ,Irregularity [-],Diameter Ratio [-]
133115.0,411.68833114070793,1293.35703668029,676532.9416064001,928.110173723612,2915.744103492046,418598070.6427081,1.1172468874350727,1.0420502756931893
