Area [-],Diameter [-],Perimeter [-],Area [mym^2],Diameter [mym],Perimeter [mym],Volume [mym^3] ,Irregularity [-],Diameter Ratio [-]
255749.5,570.6403218720576,1792.7194430353711,1299800.6351603197,1286.4515416283666,4041.5067123789404,1114753687.274349,1.125229919668793,1.00830526098168
