Area [-],Diameter [-],Perimeter [-],Area [mym^2],Diameter [mym],Perimeter [mym],Volume [mym^3] ,Irregularity [-],Diameter Ratio [-]
142252.0,425.58297865124536,1337.0083592236142,722970.0935987198,959.4342670713675,3014.1516450337153,462428187.91093713,1.1325247679005475,1.0171999500334665
