Area [-],Diameter [-],Perimeter [-],Area [mym^2],Diameter [mym],Perimeter [mym],Volume [mym^3] ,Irregularity [-],Diameter Ratio [-]
81268.5,321.67416424280884,1010.5691912348448,413032.47090815986,725.1822358689882,2278.227184719834,199682540.4931148,1.0790673430909918,1.0041216731232117
