Area [-],Diameter [-],Perimeter [-],Area [mym^2],Diameter [mym],Perimeter [mym],Volume [mym^3] ,Irregularity [-],Diameter Ratio [-]
251157.5,565.4941741139529,1776.5523430442217,1276462.6246592004,1274.8500661224955,4005.059602158894,1084865640.9664505,1.1364493014972048,1.024171406848977
