Area [-],Diameter [-],Perimeter [-],Area [mym^2],Diameter [mym],Perimeter [mym],Volume [mym^3] ,Irregularity [-],Diameter Ratio [-]
230673.0,541.9427880345804,1702.5634815554083,1172353.8537292797,1221.755821345158,3838.259112818512,954886763.6467849,1.1591277518185803,1.1169591242090786
