Area [-],Diameter [-],Perimeter [-],Area [mym^2],Diameter [mym],Perimeter [mym],Volume [mym^3] ,Irregularity [-],Diameter Ratio [-]
120462.5,391.63454732398105,1230.356216764983,612228.8959040002,882.9009234871829,2773.715055074978,360358305.05278677,1.1010332613807245,1.0030106685798437
