Area [-],Diameter [-],Perimeter [-],Area [mym^2],Diameter [mym],Perimeter [mym],Volume [mym^3] ,Irregularity [-],Diameter Ratio [-]
1868.0,48.76896010338219,153.21220678399922,9493.77256448,109.9447436570648,345.4015989738478,695860.2606268189,1.0953655604271126,1.1889273385376873
3932.5,70.76026080838756,222.2999155217281,19986.2208832,159.5219319664289,501.1529295521838,2125493.711997234,1.0662918034155051,1.0744209431083949
3148.5,63.31504328829492,198.91007485622706,16001.682504960003,142.73743358913208,448.4228727558783,1522692.7292440701,1.074469805865282,1.0736226303810792
5585.0,84.32699957514131,264.92108236453356,28384.7536256,190.10678784219857,597.2380880826045,3597422.8903033435,1.0799731110789468,1.081859404937965
