Area [-],Diameter [-],Perimeter [-],Area [mym^2],Diameter [mym],Perimeter [mym],Volume [mym^3] ,Irregularity [-],Diameter Ratio [-]
3665.5,68.31588066640684,214.62066882510072,18629.24161408,154.01132137434757,483.840835799307,1912742.7447909631,1.0687680963990716,1.045405328129653
7275.0,96.24353322664494,302.3579769403529,36973.873344,216.97142130614836,681.6358232143316,5348182.567094129,1.111426838571543,1.0844652215917072
5551.0,84.06992751766168,264.1134666773123,28211.95476736,189.52724459581648,595.4173992773328,3564622.7011463665,1.0838136521189172,1.1096381748174613
