Area [-],Diameter [-],Perimeter [-],Area [mym^2],Diameter [mym],Perimeter [mym],Volume [mym^3] ,Irregularity [-],Diameter Ratio [-]
4755.0,77.8090870992309,244.44445641347212,24166.428556800005,175.41280595650613,551.0755825385315,2826067.362063819,1.0784550738049747,1.1047203639646503
