Area [-],Diameter [-],Perimeter [-],Area [mym^2],Diameter [mym],Perimeter [mym],Volume [mym^3] ,Irregularity [-],Diameter Ratio [-]
3675.5,68.40900486539832,214.91322712452376,18680.06480768,154.22126056855396,484.50037922952635,1920575.4280951277,1.1029408519534052,1.1695186585801043
5902.0,86.68713741396085,272.33567406042835,29995.848862720002,195.42748258603334,613.9535436018296,3908008.820848334,1.3225990574025202,1.1780014849431997
