Area [-],Diameter [-],Perimeter [-],Area [mym^2],Diameter [mym],Perimeter [mym],Volume [mym^3] ,Irregularity [-],Diameter Ratio [-]
3454.0,66.31567980135054,208.3368524817359,17554.331069439995,149.50206854416464,469.67460023482533,1749605.871193585,1.0726869789899562,1.1015284332661088
