Area [-],Diameter [-],Perimeter [-],Area [mym^2],Diameter [mym],Perimeter [mym],Volume [mym^3] ,Irregularity [-],Diameter Ratio [-]
15720.5,141.4777801034817,444.46555461929034,79896.60149887999,318.94750746528916,1002.0031463337282,16988547.935343508,1.1979734449699797,1.2800785837828164
22253.5,168.32717014422818,528.8154011246664,113099.39387775997,379.476772373148,1192.1614402954478,28612395.297394488,1.3046400953102661,1.0553556780989488
1823.0,48.17795855006936,151.35552064585147,9265.06819328,108.61238975527637,341.21588574400755,670867.465145161,1.065015385297282,1.0378189841322782
