Area [-],Diameter [-],Perimeter [-],Area [mym^2],Diameter [mym],Perimeter [mym],Volume [mym^3] ,Irregularity [-],Diameter Ratio [-]
5848.5,86.29334549884828,271.0985402728676,29723.944776959994,194.53971809260355,611.1645491911527,3854991.8916732757,1.0819713314905355,1.1311906698092344
10043.0,113.08025799305217,355.2521077770112,51041.733332480006,254.92813361953682,800.880351772494,8674649.210103486,1.132528231032037,1.1857204419764085
3733.0,68.94202796913044,216.5877685914022,18972.298170880003,155.42290785360765,488.2754655124572,1965819.8335892344,1.1318140661767728,0.98408957379073
1134.5,38.00645028810297,119.40078501412997,5765.89131392,85.68174152949933,269.1771297358546,329354.4061643192,1.149879067830881,1.2516513199425132
