Area [-],Diameter [-],Perimeter [-],Area [mym^2],Diameter [mym],Perimeter [mym],Volume [mym^3] ,Irregularity [-],Diameter Ratio [-]
3193.5,63.765903789656605,200.32649489509873,16230.38687616,143.75385350340184,451.61605009151054,1555453.7715326936,1.0727210225068287,1.0327690752795897
4484.0,75.55928876446939,237.3765064929268,22789.120010239996,170.34086059061977,535.1415962376542,2587945.54309813,1.0809533366702073,1.1170662552633546
4627.5,76.75881703922987,241.1449357086876,23518.432838399996,173.0450771332398,543.6371430616653,2713166.016382565,1.092205079464208,1.140618918790521
8765.5,105.64365210165762,331.8893213409635,44549.070350079994,238.16304929797693,748.2112860310681,7073294.958643429,1.1261201572234532,1.2673843682762
