Area [-],Diameter [-],Perimeter [-],Area [mym^2],Diameter [mym],Perimeter [mym],Volume [mym^3] ,Irregularity [-],Diameter Ratio [-]
33870.0,207.66468977700558,652.3978638134441,172138.1567232,468.15927663328137,1470.7657441810284,53725383.28834649,1.3032906890297464,1.3401396400901433
1838.5,48.38234081765367,151.99760647621835,9343.844143359998,109.07314913931843,342.66340403998663,679441.6705221682,1.0589200794302343,1.012766211223103
