Area [-],Diameter [-],Perimeter [-],Area [mym^2],Diameter [mym],Perimeter [mym],Volume [mym^3] ,Irregularity [-],Diameter Ratio [-]
3625.5,67.94210748451458,213.4464257427591,18425.94883968,153.16868711308967,481.1936221944761,1881518.9283911623,1.1004843094546304,1.1682473085220733
2505.0,56.475349131825496,177.42254194146167,12731.2099968,127.3180270827874,399.9813785528312,1080608.3594461575,1.0652251151617858,1.0392119461876284
