Area [-],Diameter [-],Perimeter [-],Area [mym^2],Diameter [mym],Perimeter [mym],Volume [mym^3] ,Irregularity [-],Diameter Ratio [-]
1498.0,43.672792880846,137.20212527621442,7613.314401279997,98.45594427057922,309.3084712226978,499717.37227121444,1.4941091273855691,1.2618102382760783
4262.5,73.66942078931821,231.43931114593727,21663.386271999992,166.08034222743896,521.756783047401,2398575.070572641,1.0673924693156625,1.0185242035409798
3565.0,67.37283560145627,211.65800537704789,18118.468518399994,151.88532057992302,477.1618073220168,1834619.599556284,1.0786677100662447,1.1284415369137355
