Area [-],Diameter [-],Perimeter [-],Area [mym^2],Diameter [mym],Perimeter [mym],Volume [mym^3] ,Irregularity [-],Diameter Ratio [-]
33118.5,205.34795801836327,645.1196363401554,168318.79372415997,462.93643655659815,1454.357708165246,51947268.38144514,1.0564114251115952,1.0518731332146198
72788.5,304.42929655661493,956.39284159977,369934.40273536,686.3054061572327,2156.0920221025212,169258653.6805497,1.2830752810396833,1.0305514122736925
