Area [-],Diameter [-],Perimeter [-],Area [mym^2],Diameter [mym],Perimeter [mym],Volume [mym^3] ,Irregularity [-],Diameter Ratio [-]
110125.0,374.4536084269449,1176.3807053442792,559690.4195199999,844.1682148377046,2652.032662128143,314981908.2053095,1.1727428408562672,1.042131713212968
82848.0,324.7850824810443,1020.3424291180038,421059.9943372799,732.1954899452662,2300.2599722036275,205532152.5667571,1.214124261589696,1.045771085894917
111860.0,377.39180631549925,1185.6113262457545,568508.2436096,850.7920881576615,2672.842173888429,322454877.1436374,1.2354500929708496,1.0340482397266757
