Area [-],Diameter [-],Perimeter [-],Area [mym^2],Diameter [mym],Perimeter [mym],Volume [mym^3] ,Irregularity [-],Diameter Ratio [-]
129200.5,405.5899231977483,1274.1983230880944,656638.2024716798,914.3619228570037,2872.5526995698,400269979.62224776,1.44780848891663,1.1005840571759413
17843.0,150.7262856860392,473.52059181413716,90683.82434047999,339.7973384506068,1067.5048221857908,20542748.10094497,1.1313763731831878,1.0913079911718653
