Area [-],Diameter [-],Perimeter [-],Area [mym^2],Diameter [mym],Perimeter [mym],Volume [mym^3] ,Irregularity [-],Diameter Ratio [-]
8719.5,105.36608662334504,331.01732367340657,44315.28365951999,237.53730568366905,746.2454544893277,7017688.720726603,1.1986583900445844,1.2997436148975008
44222.0,237.2871659978229,745.4596174899023,224750.32673791997,534.9401870254919,1680.5641616692353,80151987.87948221,1.2138705529195664,1.0593932285087158
1078.0,37.04797199880859,116.38963666185744,5478.74027008,83.52094807411409,262.3887968904914,305059.72107260633,1.0945731274448078,1.0796812306294752
