Area [-],Diameter [-],Perimeter [-],Area [mym^2],Diameter [mym],Perimeter [mym],Volume [mym^3] ,Irregularity [-],Diameter Ratio [-]
110926.0,375.81294514597636,1180.6511875945432,563761.3573273597,847.232703537089,2661.660037313138,318424705.94546527,1.2546033240219943,1.0321789722590533
15549.0,140.70395048145252,442.0344971635933,79024.98372863999,317.2029859653866,996.5225704056047,16711307.203060463,1.0548366000823992,1.0305325437121524
