Area [-],Diameter [-],Perimeter [-],Area [mym^2],Diameter [mym],Perimeter [mym],Volume [mym^3] ,Irregularity [-],Diameter Ratio [-]
93515.0,345.060858437912,1084.0406579099317,475273.0949503998,777.9051992624287,2443.86125919215,246478274.4209747,1.3435652453131746,1.0116133653922974
