Area [-],Diameter [-],Perimeter [-],Area [mym^2],Diameter [mym],Perimeter [mym],Volume [mym^3] ,Irregularity [-],Diameter Ratio [-]
79164.0,317.481866126893,997.3986982722253,402336.7298150399,715.7311189964676,2248.5356253849045,191976611.895932,1.5055918091862845,1.091637862842714
