Area [-],Diameter [-],Perimeter [-],Area [mym^2],Diameter [mym],Perimeter [mym],Volume [mym^3] ,Irregularity [-],Diameter Ratio [-]
30811.0,198.0650994315634,622.2398613067314,156591.34180095998,446.51796015851653,1402.7775433298955,46613897.67963313,1.5986981705170096,1.176531281003233
14334.5,135.09719558157448,424.42035715965784,72852.50686591999,304.5631177191015,956.8132531807327,14792124.416491225,1.071385501464658,1.0444056006699152
