Area [-],Diameter [-],Perimeter [-],Area [mym^2],Diameter [mym],Perimeter [mym],Volume [mym^3] ,Irregularity [-],Diameter Ratio [-]
63114.5,283.47817772482495,890.5729605933318,320768.0452467201,639.0732038628454,2007.7076823616073,136662841.58176234,1.2544267042935442,1.040634034557956
91493.5,341.31091732645564,1072.2598704627862,464999.1863641601,769.4513320207616,2417.3026519713053,238529495.5576489,1.252290517589829,1.0217902541094028
5559.5,84.13426917110017,264.3156019430745,28255.154481920003,189.67229641932823,595.8730930204672,3572813.3575124275,1.1755560962089115,1.0591840739388731
