Area [-],Diameter [-],Perimeter [-],Area [mym^2],Diameter [mym],Perimeter [mym],Volume [mym^3] ,Irregularity [-],Diameter Ratio [-]
121020.5,392.5405537312314,1233.202519838106,615064.8301068799,884.943424331688,2780.1317607230258,362865051.2938468,1.2564975382132775,1.0300035816079371
