Area [-],Diameter [-],Perimeter [-],Area [mym^2],Diameter [mym],Perimeter [mym],Volume [mym^3] ,Irregularity [-],Diameter Ratio [-]
94038.5,346.02534145287336,1087.0706706642466,477933.68913535995,780.0795297713577,2450.6921199454778,248550858.32173455,1.2603004922917578,1.0491948440135725
