Area [-],Diameter [-],Perimeter [-],Area [mym^2],Diameter [mym],Perimeter [mym],Volume [mym^3] ,Irregularity [-],Diameter Ratio [-]
149094.0,435.6975747955735,1368.7843001646631,757743.32265984,982.2366126191408,3085.7873262912162,496188822.98944926,1.2741546213403316,1.0833093103152334
