Area [-],Diameter [-],Perimeter [-],Area [mym^2],Diameter [mym],Perimeter [mym],Volume [mym^3] ,Irregularity [-],Diameter Ratio [-]
110094.5,374.40175087443885,1176.217790038293,559535.40877952,844.0513071713349,2651.6653858623276,314851062.12600064,1.5039699060650225,1.0685005104268988
131146.0,408.6321981119912,1283.7559116088805,666525.8547865598,921.220427423673,2894.0993271310604,409344821.8902691,1.38267203919348,1.0531463741981548
