Area [-],Diameter [-],Perimeter [-],Area [mym^2],Diameter [mym],Perimeter [mym],Volume [mym^3] ,Irregularity [-],Diameter Ratio [-]
5935.0,86.92914757435041,273.09597140240226,30163.5654016,195.97307029161556,615.6675579295755,3940831.015129,1.113340372127618,1.2282775993345763
20418.0,161.23586767342604,506.53741737801124,103770.79669248,363.49014008297166,1141.9379537369887,25146440.950847417,1.1419505585528307,1.0151216900495745
