Area [-],Diameter [-],Perimeter [-],Area [mym^2],Diameter [mym],Perimeter [mym],Volume [mym^3] ,Irregularity [-],Diameter Ratio [-]
100455.5,357.6365684408449,1123.5484160688216,510546.93246848,806.2558798930407,2532.9275491855515,274420977.50937814,1.2918816174916217,1.0698384227127564
107035.0,369.1628294814202,1159.759233077251,543986.0526976,832.2406827829137,2614.5612150493553,301818215.94762176,1.3045716522580202,1.0728680873835426
