Area [-],Diameter [-],Perimeter [-],Area [mym^2],Diameter [mym],Perimeter [mym],Volume [mym^3] ,Irregularity [-],Diameter Ratio [-]
9685.0,111.04649922784623,348.86286618106635,49222.263001600004,250.34322785925653,786.4764455185959,8214973.468238535,1.635311800398245,1.4679950983259475
33065.0,205.1820302723125,644.5983589521354,168046.8896384,462.5623690459013,1453.1825404216943,51821444.921288945,1.1343656534959323,1.0481243124880144
33707.5,207.16592855525374,650.8309592232931,171312.27982719996,467.034869334964,1467.2333144729919,53339205.483047426,1.0757619333902724,1.010076265486684
3851.5,70.0277238424003,219.9985827708996,19574.553015040005,157.87050063030725,495.96480499871603,2060162.9893992369,1.234198219051949,1.4431962896316668
