Area [-],Diameter [-],Perimeter [-],Area [mym^2],Diameter [mym],Perimeter [mym],Volume [mym^3] ,Irregularity [-],Diameter Ratio [-]
1122.5,37.80491223326963,118.76763454164677,5704.903481599998,85.22739413868305,267.7497553106885,324142.70503297885,1.4644046810585694,1.5063381971638867
2113.0,51.86863366260383,162.95011846617643,10738.94080768,116.93264772897406,367.3547470701481,837155.188297833,1.2161176835025373,1.390772003205668
33148.5,205.44094297061028,645.411757183029,168471.26330496,463.1460618329438,1455.0162653934203,52017868.08780878,1.0850147965113763,1.0084761026616758
15330.5,139.71184216294054,438.91769695859074,77914.49694848,314.96637697213316,989.496056023447,16360297.878312713,1.0567596573140814,1.052725483221406
1083.5,37.142361889364935,116.68617124860239,5506.693026559999,83.73374064338431,263.05730446284923,307397.3371258053,1.169530500775755,1.200917073563434
1941.5,49.71915703331381,156.19733847853595,9867.32303744,112.08686761590266,352.1312798660115,737331.5540139227,1.1775096923710713,1.2994750243275381
