Area [-],Diameter [-],Perimeter [-],Area [mym^2],Diameter [mym],Perimeter [mym],Volume [mym^3] ,Irregularity [-],Diameter Ratio [-]
36586.5,215.83182944934939,678.0556898089212,185944.27726464006,486.57127631061326,1528.608747105232,60316762.87420696,1.1002362078057046,1.0837025628268484
1000.5,35.6914018288373,112.12784578179657,5084.860519680001,80.4626962829308,252.78101553048216,272761.05842405173,1.4871623181086044,1.4101130313960621
20340.5,160.9295776409221,505.57517886202913,103376.91694208,362.7996398336948,1139.7686832265586,25003405.489136275,1.0608032567248031,1.0091417576344976
12308.0,125.18399385145204,393.27711543075156,62553.18668288,282.21479573871346,886.6039290270862,11768956.535009725,1.069157497537731,1.089597338188718
