Area [-],Diameter [-],Perimeter [-],Area [mym^2],Diameter [mym],Perimeter [mym],Volume [mym^3] ,Irregularity [-],Diameter Ratio [-]
4823.5,78.36753756518101,246.19888029469482,24514.567432959997,176.67177668694407,555.03075573636,2887354.788728627,1.139869346902067,1.2847767671811605
1274.0,40.27539174226115,126.52887481793864,6474.874864640001,90.79684314375353,285.2466953895609,391932.1316401004,1.174186854507072,1.365598138733639
59570.0,275.4031221316738,865.204425264559,302753.76427519997,620.8687985336454,1950.5168563164218,125313577.25138794,1.44008704723205,1.1912307384588305
