Area [-],Diameter [-],Perimeter [-],Area [mym^2],Diameter [mym],Perimeter [mym],Volume [mym^3] ,Irregularity [-],Diameter Ratio [-]
1397.0,42.17482239435066,132.49611220054632,7100.00014592,95.07891960582414,298.69923534491164,450040.2287168449,1.1915991134380042,1.398938908345067
13733.0,132.2323661886453,415.4202301850434,69795.49177087996,298.10464633568193,936.5233669291619,13870906.926788779,1.055840038794264,1.0053216886717349
1611.0,45.29005306431366,142.28289798753968,8187.61648896,102.10189562818871,320.7625652231095,557314.1094662872,1.1479812108797154,1.317872423524234
35578.0,212.83636090336543,668.6451478307987,180818.75819007997,479.818292020547,1507.3936212697524,57840098.48002698,1.0627203747603364,1.0700284038472527
