Area [-],Diameter [-],Perimeter [-],Area [mym^2],Diameter [mym],Perimeter [mym],Volume [mym^3] ,Irregularity [-],Diameter Ratio [-]
103426.0,362.88575771691416,1140.039230535823,525643.9621273598,818.0896521970112,2570.1044413199593,286682590.7708205,1.2385486686993663,1.0818664683217736
28555.0,190.67604778763527,599.0264709451712,145125.62932479996,429.8600821324449,1350.445276098794,41589143.29405419,1.0591196173712973,1.016106929349375
