Area [-],Diameter [-],Perimeter [-],Area [mym^2],Diameter [mym],Perimeter [mym],Volume [mym^3] ,Irregularity [-],Diameter Ratio [-]
6219.5,88.98827646651183,279.564915602811,31609.485259519995,200.61517046610427,630.2511457349772,4227561.515789609,1.3459893929495272,1.527174934490898
14835.0,137.4354708441243,431.7662655465551,75396.2077056,309.8345254709938,973.3738690481538,15573565.49118471,1.3414337795661857,1.3211257122092535
63559.5,284.47577901043627,893.70701746342,323029.67736192,641.3221962011276,2014.7731001695342,138110734.7492588,1.0833393075282949,1.0804092050060443
15708.0,141.4215215895372,444.2888132851804,79833.07250688,318.82067827145266,1001.6047006701107,16968289.550091695,1.2671596182060556,1.094515880302484
23899.5,174.44136120598813,548.0236988469359,121464.89154431998,393.26060470277963,1235.464626680532,31844904.465917885,1.4804745321213109,1.4562289803035413
