Area [-],Diameter [-],Perimeter [-],Area [mym^2],Diameter [mym],Perimeter [mym],Volume [mym^3] ,Irregularity [-],Diameter Ratio [-]
3709.0,68.72005145096094,215.8904087926515,18850.32250624,154.92248399104633,486.7033375821535,1946892.5244660175,1.15531465807978,1.0808622418962563
13226.5,129.77096300189663,407.6875040160313,67221.29701503998,292.55565899147575,919.090709053741,13110647.230997825,1.0862730601416557,1.1492573132042232
25536.5,180.3166149696957,566.4813529089754,129784.64833664004,406.505776787682,1277.075561997994,35172139.524801336,1.0784877732152856,1.0235045208478726
35052.5,211.25867826394563,663.6887116411012,178147.99936639998,476.261564278239,1496.2198315236988,56563363.234186925,1.080793949552439,1.0253849782638547
