Area [-],Diameter [-],Perimeter [-],Area [mym^2],Diameter [mym],Perimeter [mym],Volume [mym^3] ,Irregularity [-],Diameter Ratio [-]
1251.5,39.9181574,125.40659,6360.522679,89.99149404,282.7166166,381595.2925,2.791642772,1.95465548
3248,64.3077137,202.0286409,16507.37328,144.9753098,455.4533681,1595441.037,1.183679116,1.254152145
2206,52.99779652,166.4974882,11211.59651,119.4782325,375.3519374,893027.8226,1.150402364,0.981172868
1917,49.40445534,155.2086739,9742.806213,111.3774041,349.9024345,723418.9765,1.152337738,1.28445929
1557,44.52453224,139.8779434,7913.171244,100.3761055,315.3408356,529528.8743,1.163233266,1.129885961
2085.5,51.53000165,161.8862746,10599.17703,116.1692357,364.9564175,820865.5296,1.225608296,1.298508398
