Area [-],Diameter [-],Perimeter [-],Area [mym^2],Diameter [mym],Perimeter [mym],Volume [mym^3] ,Irregularity [-],Diameter Ratio [-]
48594.5,248.74171153353606,781.4451335951084,246972.76813952,560.7633144812037,1761.6899091768123,92328845.3656767,1.1540418790784723,1.0647577713336127
15419.0,140.11452651410372,440.1827671579205,78364.28221184,315.87418857339543,992.348030280816,16502169.371201016,1.057392005679891,1.0420047345005576
3594.0,67.64630753986631,212.51714280971984,18265.85577984,152.50183571787463,479.09864675023243,1857051.024922367,1.1353400259635533,1.1776446892151147
