Area [-],Diameter [-],Perimeter [-],Area [mym^2],Diameter [mym],Perimeter [mym],Volume [mym^3] ,Irregularity [-],Diameter Ratio [-]
58656.0,273.2821595640405,858.5412248435433,298108.5243801599,616.0873005211729,1935.495337287284,122440584.03181534,1.06363645961379,1.071207215853627
29793.5,194.76720046267306,611.8792061337842,151420.08185216002,439.08317672305014,1379.420482308003,44324007.03954046,1.0607101314416167,1.0525386179655443
45485.5,240.6531473138285,756.0341596643858,231171.83724928,542.528455304295,1704.4034095473917,83611533.18180518,1.0590893312102925,1.048966620000518
49173.0,250.21792128714952,786.082783312218,249912.88988928,564.0912817497499,1772.1450266990644,93982454.92228538,1.067690982184465,1.1023190320972662
49634.0,251.38808954161902,789.7589753039234,252255.83911424002,566.7293090626259,1780.432633925165,95307184.93881744,1.0578362012956135,1.0097985104316096
40760.5,227.8110630833753,715.6895621892128,207157.87827328002,513.5772606151613,1613.4505489993614,70927717.09229347,1.0756345363149267,1.131067849820824
35604.5,212.91561091315756,668.8941190793586,180953.43965312,479.9969532426224,1507.954902052506,57904733.14151355,1.0586715457731222,1.0361725409617628
