Area [-],Diameter [-],Perimeter [-],Area [mym^2],Diameter [mym],Perimeter [mym],Volume [mym^3] ,Irregularity [-],Diameter Ratio [-]
20515.5,161.62037581943136,507.745385344747,104266.32283008,364.35697524732603,1144.6611967211975,25326774.67101944,1.0618397308846816,1.0658722762092103
19302.5,156.7695962623189,492.50621192393896,98101.46944639999,353.42137781377176,1110.306004161328,23114104.331534877,1.056465448879295,1.0206060601972575
