Area [-],Diameter [-],Perimeter [-],Area [mym^2],Diameter [mym],Perimeter [mym],Volume [mym^3] ,Irregularity [-],Diameter Ratio [-]
46699.5,243.84349513439912,766.0569329398868,237341.77295232003,549.7207754309894,1726.998749619681,86981135.64634345,1.0656708810803623,1.0853485418542568
63641.0,284.65810697482425,894.2798176568853,323443.88638976,641.7332363640438,2016.0644209256823,138376461.3300432,1.0611608577345208,1.068144207921738
