Area [-],Diameter [-],Perimeter [-],Area [mym^2],Diameter [mym],Perimeter [mym],Volume [mym^3] ,Irregularity [-],Diameter Ratio [-]
20087.0,159.92361531398424,502.414855005933,102088.54898431999,360.53179836384606,1132.6440491253754,24537445.43844832,1.0665929556752571,1.0846167119540882
2740.5,59.07040690859268,185.57515638859454,13928.096206080003,133.16832533473135,418.36063256244756,1236520.831243133,1.2234211854595618,1.2038603089460433
2032.0,50.86474962979618,159.79632376365183,10327.272939519999,114.6694915654125,360.24483229277666,789482.0914880008,1.0890387282703966,1.0320271959205745
29048.0,192.3150079829107,604.1754162541747,147631.21276928004,433.55495399667393,1362.0530584034116,42670829.10710559,1.1137923686200593,1.0610238582404878
24073.0,175.07340049364888,550.009308829831,122346.67395328,394.685474072882,1239.940985825971,32192303.340327095,1.0618261749062912,1.068123424076542
