Area [-],Diameter [-],Perimeter [-],Area [mym^2],Diameter [mym],Perimeter [mym],Volume [mym^3] ,Irregularity [-],Diameter Ratio [-]
31305.0,199.64659763675982,627.208284449842,159102.0075648,450.08328971231134,1413.978356463724,47739436.64306549,1.062324219625823,1.0468497959592475
