Area [-],Diameter [-],Perimeter [-],Area [mym^2],Diameter [mym],Perimeter [mym],Volume [mym^3] ,Irregularity [-],Diameter Ratio [-]
51802.5,256.8209327841936,806.8267557229007,263276.8486464001,578.977110868686,1818.9102381017074,101620846.12527005,1.0691871970386633,1.0885027553562228
