Area [-],Diameter [-],Perimeter [-],Area [mym^2],Diameter [mym],Perimeter [mym],Volume [mym^3] ,Irregularity [-],Diameter Ratio [-]
16935.0,146.84111035432136,461.31495353410406,86069.07836160003,331.0385991827821,1039.9884312472843,18994791.422518115,1.0714462263158289,1.0840594547020876
30327.5,196.50489126979932,617.3383228076626,154134.0403904,443.00062687863556,1391.7275149375946,45520984.34418943,1.0572538642163436,1.0218518626310493
