Area [-],Diameter [-],Perimeter [-],Area [mym^2],Diameter [mym],Perimeter [mym],Volume [mym^3] ,Irregularity [-],Diameter Ratio [-]
45633.5,241.0443460541484,757.2631467530684,231924.02051456,543.4103737444722,1707.1740380401175,84019945.77875845,1.0679348598946101,1.0482538942511237
58062.5,271.8960666618504,854.1866855648299,295092.16784,612.9624926824755,1925.6784639373523,120586953.84685455,1.0652970376736952,1.0625382225120716
49229.0,250.36035937777237,786.5302657713102,250197.49977343998,564.41239418125,1773.1538311548413,94143046.57686,1.0774355053503015,1.1226799447880722
38124.0,220.3201861007823,692.1562780917537,193758.34328064002,496.68982754560363,1560.3971133300497,64158532.073055305,1.0700850455683042,1.005638951910678
