Area [-],Diameter [-],Perimeter [-],Area [mym^2],Diameter [mym],Perimeter [mym],Volume [mym^3] ,Irregularity [-],Diameter Ratio [-]
39299.0,223.68960831595902,702.7416301697951,199730.06852864,504.285852987498,1584.2607310547862,67147365.3168111,1.064373816173144,1.097912280512686
29818.0,194.84726517175724,612.130736835655,151544.59867647997,439.2636746032095,1379.9875331223004,44378691.52059952,1.0609028596045174,1.0850802887658808
