Area [-],Diameter [-],Perimeter [-],Area [mym^2],Diameter [mym],Perimeter [mym],Volume [mym^3] ,Irregularity [-],Diameter Ratio [-]
42626.0,232.96589628930894,731.8839483194546,216638.94503936,525.1983165946181,1649.9591730913785,75852272.8290039,1.0709862637453704,1.0503315094880616
24534.5,176.74358718297208,555.2563550631322,124692.16433792,398.45074294529223,1251.7699268543251,33122457.01326713,1.0611809811040986,1.0201910474699736
41491.0,229.8433857012349,722.0742919952048,210870.51256575997,518.1589287248639,1627.8442838739898,72842959.26049142,1.0868801541117774,1.0792127462891385
14857.0,137.5373400794501,432.0862971878815,75508.01873152,310.0641794751123,974.09534838036,15608221.247853441,1.0657018738378876,1.0978836722650955
19845.0,158.9573488872701,499.3792394983574,100858.62769919999,358.35344733146167,1125.8005575250968,24095357.952752512,1.0580284173120715,1.040926911124304
