Area [-],Diameter [-],Perimeter [-],Area [mym^2],Diameter [mym],Perimeter [mym],Volume [mym^3] ,Irregularity [-],Diameter Ratio [-]
27512.5,187.1630384839009,587.9900267245667,139827.311392,421.9403539581062,1325.5647162478633,39332523.507833876,1.0607539864810775,1.0656871489623925
