Area [-],Diameter [-],Perimeter [-],Area [mym^2],Diameter [mym],Perimeter [mym],Volume [mym^3] ,Irregularity [-],Diameter Ratio [-]
38827.5,222.34367187578002,698.51324613713,197333.7549504,501.25157387675847,1574.728262091546,65942570.16526572,1.0581184215900095,1.035613944344204
43376.5,235.00781925758298,738.2988385157806,220453.22571903997,529.801627734295,1664.4209015499757,77864318.55014889,1.0733098854126872,1.0765599238325618
