Area [-],Diameter [-],Perimeter [-],Area [mym^2],Diameter [mym],Perimeter [mym],Volume [mym^3] ,Irregularity [-],Diameter Ratio [-]
30197.5,196.08327606438056,616.0137795756773,153473.3388736,442.0501375595395,1388.7414646754069,45228607.040531136,1.06087197407131,1.0582601166229584
60743.0,278.1014017689375,873.6813207503175,308715.32488448,626.9518001478926,1969.6271694995157,129033085.77971081,1.0676082005266319,1.0284018641431556
