Area [-],Diameter [-],Perimeter [-],Area [mym^2],Diameter [mym],Perimeter [mym],Volume [mym^3] ,Irregularity [-],Diameter Ratio [-]
22253.0,168.32527911455122,528.8094602797255,113096.85271807997,379.47250923584426,1192.1480472546132,28611430.99173768,1.0603073779271621,1.0574763394799707
43080.5,234.20460330011272,735.775461164546,218948.85918847995,527.9908576797741,1658.7321996493522,77068663.96728908,1.0672438947626464,1.0356187419806597
