Area [-],Diameter [-],Perimeter [-],Area [mym^2],Diameter [mym],Perimeter [mym],Volume [mym^3] ,Irregularity [-],Diameter Ratio [-]
37514.0,218.55047078694406,686.5965534628541,190658.12847103996,492.7001813420867,1547.8632701266583,62624862.981349505,1.077836266493175,1.1019451322810565
22173.5,168.02433468157264,527.8640154599412,112692.80832896,378.79406010613735,1190.0166364528916,28458244.274459664,1.075871358326981,1.1391648122321687
21225.0,164.39132987175398,516.4505942389586,107872.22841600001,370.6038140628822,1164.2862196523083,26651906.188288018,1.0604521338916453,1.0389422983094168
