Area [-],Diameter [-],Perimeter [-],Area [mym^2],Diameter [mym],Perimeter [mym],Volume [mym^3] ,Irregularity [-],Diameter Ratio [-]
31762.5,201.10015176436494,631.7747594187214,161427.16867200003,453.36018213758433,1424.2730176335656,48789767.06072832,1.1453370111796057,1.1516623434340838
31998.5,201.84587083269278,634.117504965422,162626.59604095996,455.0413312052226,1429.5545031940471,49334548.50123494,1.0578882580059292,1.027803239719376
