Area [-],Diameter [-],Perimeter [-],Area [mym^2],Diameter [mym],Perimeter [mym],Volume [mym^3] ,Irregularity [-],Diameter Ratio [-]
37840.0,219.49802817514913,689.5733927924939,192314.96458240002,494.8363547180562,1554.5742567113984,63442957.354457945,1.0634870511854615,1.043600780850054
18287.5,152.5921628863825,479.3824179192364,92942.915296,344.00377201106073,1080.7197229571266,21315142.29568568,1.0807963880680589,1.1459337153546263
