Area [-],Diameter [-],Perimeter [-],Area [mym^2],Diameter [mym],Perimeter [mym],Volume [mym^3] ,Irregularity [-],Diameter Ratio [-]
19921.0,159.2614359180187,500.33455708020915,101244.88397055998,359.03898113358133,1127.9542254816236,24233906.657185007,1.0801098861581164,1.1605164469458318
23892.0,174.4139879792114,547.9377033187891,121426.77414911997,393.1988945003342,1235.270758361878,31829915.57211715,1.0694907048889288,1.0957726196395738
41834.5,230.7928502666908,725.0571228988849,212616.28926592,520.2994016412277,1634.5687778632462,73749418.72282423,1.060006933076601,1.0662077923628428
