Area [-],Diameter [-],Perimeter [-],Area [mym^2],Diameter [mym],Perimeter [mym],Volume [mym^3] ,Irregularity [-],Diameter Ratio [-]
21956.5,167.20013177021602,525.274705648556,111589.94502784002,376.935977062775,1184.1792964141048,28041509.972966816,1.1334442961169753,1.17501070423842
49611.0,251.32983717389416,789.5759700934248,252138.94576895997,566.597984924827,1780.0200669786168,95240945.72917528,1.062712798146598,1.069115249287034
34140.5,208.49228925077978,654.997844240368,173512.92411008,470.0250168869579,1476.6271400554854,54370276.7232972,1.0584931691371,1.024240367063223
50165.0,252.72922617227997,793.972280290268,254954.5506944,569.7527674827879,1789.9311086863802,96840707.22697677,1.0714052662785751,1.1161500571448935
50495.0,253.55912685486604,796.5794901778895,256631.71608320007,571.62369558161,1795.8088026570344,97797846.63395287,1.0617631895506907,1.0672033579221765
