Area [-],Diameter [-],Perimeter [-],Area [mym^2],Diameter [mym],Perimeter [mym],Volume [mym^3] ,Irregularity [-],Diameter Ratio [-]
21525.5,165.5509523385376,520.0936556615437,109399.46538368001,373.21806695199916,1172.499137323384,27219904.6640528,1.060634942488902,1.0724849408128805
