Area [-],Diameter [-],Perimeter [-],Area [mym^2],Diameter [mym],Perimeter [mym],Volume [mym^3] ,Irregularity [-],Diameter Ratio [-]
46408.5,243.0825732376589,763.666426299132,235862.81801855998,548.0053531069782,1721.6095914487632,86169391.24871193,1.0574461725663367,1.0069016904266141
42703.5,233.17758232428352,732.5489796117984,217032.82478976,525.6755415918648,1651.458419636838,76059231.80971292,1.0664841404298224,1.1107414247043905
51047.5,254.94253403437455,800.9255920099569,259439.69752959997,574.7424487270939,1805.6066546272466,99407338.0367859,1.0579448797676498,1.0179085247342343
35051.0,211.2541580241965,663.674510889113,178140.37588736,476.2513738497486,1496.1878173484163,56559732.502977215,1.062584485503876,1.0542389255215223
