Area [-],Diameter [-],Perimeter [-],Area [mym^2],Diameter [mym],Perimeter [mym],Volume [mym^3] ,Irregularity [-],Diameter Ratio [-]
46075.0,242.20758044221617,760.9175553610252,234167.86451199994,546.0327693489321,1715.4125368058951,85242218.36800857,1.0703722974694003,1.100950299796246
38613.0,221.72865971916855,696.581128464051,196243.59744768,499.86509047089356,1570.3724960093566,65396882.39501212,1.064849971809662,1.0026134477513802
