Area [-],Diameter [-],Perimeter [-],Area [mym^2],Diameter [mym],Perimeter [mym],Volume [mym^3] ,Irregularity [-],Diameter Ratio [-]
20418.5,161.2378418491606,506.5436194339958,103773.33785216002,363.49459066474765,1141.9519356520002,25147364.64299031,1.0626072474737362,1.0991632798812065
30364.0,196.6231052962456,617.7097031246975,154319.54504704004,443.2671285798561,1392.5647547243182,45603187.744500786,1.0993320970649576,1.191822902455299
