Area [-],Diameter [-],Perimeter [-],Area [mym^2],Diameter [mym],Perimeter [mym],Volume [mym^3] ,Irregularity [-],Diameter Ratio [-]
61655.0,280.1813415105411,880.2156441624488,313350.40014079993,631.6408163013638,1984.3581481998244,131949935.02219589,1.0633805273843417,1.0762831019853256
36432.0,215.37563254414704,676.6225049629471,185159.05892352,485.5428260075251,1525.377775188468,59935101.82041317,1.1350195789447126,1.0144880347709668
35774.5,213.4233072865475,670.4890942762546,181817.43394432,481.1415039467927,1511.5506141363883,58319942.40781117,1.064378072466063,1.065514123021169
