Area [-],Diameter [-],Perimeter [-],Area [mym^2],Diameter [mym],Perimeter [mym],Volume [mym^3] ,Irregularity [-],Diameter Ratio [-]
106013.0,367.39616744872126,1154.2091006139483,538791.92231168,828.2579198963972,2602.0489964240846,297505784.5539022,1.3303259342950524,1.0506714522241145
100759.5,358.1773023346714,1125.247181697214,512091.95755392,807.4749103832833,2536.7572464181994,275667605.02256775,1.2503975008672559,1.031823974677918
