Area [-],Diameter [-],Perimeter [-],Area [mym^2],Diameter [mym],Perimeter [mym],Volume [mym^3] ,Irregularity [-],Diameter Ratio [-]
90009.0,338.5306753930392,1063.5254828295629,457454.48327424,763.1835546060676,2397.6118484909666,232747825.74381092,1.4827384668185464,1.0680323315551543
95661.0,348.99766201066507,1096.408491092719,486179.7522969599,786.7803292368433,2471.7433023194258,255011110.3869927,1.338933863049498,1.069809524792201
