Area [-],Diameter [-],Perimeter [-],Area [mym^2],Diameter [mym],Perimeter [mym],Volume [mym^3] ,Irregularity [-],Diameter Ratio [-]
78233.5,315.6104971686436,991.5196193008329,397607.63165056007,711.5123048169901,2235.2818297517974,188601814.93900988,1.4716283680425126,1.0632954931754481
108823.5,372.2343127607757,1169.4085823832984,553075.7808729601,839.1650346878928,2636.314708124908,309414571.2275273,1.484411426003363,1.1233532762315719
