Area [-],Diameter [-],Perimeter [-],Area [mym^2],Diameter [mym],Perimeter [mym],Volume [mym^3] ,Irregularity [-],Diameter Ratio [-]
186572.0,487.3918837448248,1531.186761392032,948218.48763392,1098.776262714333,3451.907434882197,694586644.0526904,1.35781096531198,1.1515796375909921
43467.0,235.25284969794376,739.0686243471239,220913.17562111997,530.3540243590444,1666.156306728156,78108127.8163982,1.3028444806627695,1.1230488378455306
