Area [-],Diameter [-],Perimeter [-],Area [mym^2],Diameter [mym],Perimeter [mym],Volume [mym^3] ,Irregularity [-],Diameter Ratio [-]
58953.5,273.9743191,860.715708,299620.5144,617.6477049,1940.397492,123373282,1.46938412,1.11849722
56771,268.8551324,844.6333087,288528.3524,606.1070104,1904.141331,116586038.1,1.399219683,1.082452645
