Area [-],Diameter [-],Perimeter [-],Area [mym^2],Diameter [mym],Perimeter [mym],Volume [mym^3] ,Irregularity [-],Diameter Ratio [-]
94789.5,347.4042887266559,1091.4027612892496,481750.51097472006,783.1882285053731,2460.458385050484,251534219.51456618,1.240193325666634,1.0365509165318734
98265.5,353.7167234994313,1111.2338599976654,499416.6530700799,797.4189814571179,2505.165613978737,265496212.54257727,1.1512653371525916,1.0363551311082164
