Area [-],Diameter [-],Perimeter [-],Area [mym^2],Diameter [mym],Perimeter [mym],Volume [mym^3] ,Irregularity [-],Diameter Ratio [-]
104884.0,365.43461304315827,1148.0466957038147,533053.9837542401,823.835791644496,2588.15647079468,292765967.1302844,1.2969760067156964,1.0479770056373239
141491.5,424.4438396818774,1333.42964860603,719104.9897254399,956.8661921788245,3006.0837998174343,458724835.5302496,1.1644132254205957,1.0250688708465325
