Area [-],Diameter [-],Perimeter [-],Area [mym^2],Diameter [mym],Perimeter [mym],Volume [mym^3] ,Irregularity [-],Diameter Ratio [-]
92956.0,344.02798595521523,1080.7957933061966,472432.07842815993,775.5766915374372,2436.54603642949,244271538.90897825,1.220790770920957,1.0274852265702559
