Area [-],Diameter [-],Perimeter [-],Area [mym^2],Diameter [mym],Perimeter [mym],Volume [mym^3] ,Irregularity [-],Diameter Ratio [-]
102295.5,360.89704328029046,1133.791499871638,519898.40009088005,813.6062943710868,2556.019557310621,281995073.83159846,1.643333161231552,1.122098937247844
