Area [-],Diameter [-],Perimeter [-],Area [mym^2],Diameter [mym],Perimeter [mym],Volume [mym^3] ,Irregularity [-],Diameter Ratio [-]
76845.0,312.79720717291195,982.6814081178247,390550.83121920004,705.1700238506127,2215.356966460824,183603159.3104799,1.3329964321359768,1.1159527212092033
56225.0,267.559140009708,840.5618286553016,285753.4060160001,603.1853252378858,1894.9625865205119,114908174.09706308,1.2720065289538431,1.1482908704307013
9418.0,109.50511418338307,344.02046224902773,47865.283732480006,246.8683294150188,775.559730094208,7877615.08800881,1.0939263284829932,1.13984526415994
