Area [-],Diameter [-],Perimeter [-],Area [mym^2],Diameter [mym],Perimeter [mym],Volume [mym^3] ,Irregularity [-],Diameter Ratio [-]
107753.5,370.3998073482495,1163.6453136563352,547637.6991577599,835.0293256858937,2623.321995106842,304862359.0985857,1.4828242078363352,1.1864610255845784
86222.5,331.33351271178043,1040.9149294234298,438210.2810176,746.9582710574377,2346.63861689218,218216529.2456669,1.4275114221383056,1.2196666170381583
