Area [-],Diameter [-],Perimeter [-],Area [mym^2],Diameter [mym],Perimeter [mym],Volume [mym^3] ,Irregularity [-],Diameter Ratio [-]
133737.0,412.6490482168188,1296.3752183887782,679694.1442483199,930.2760142999963,2922.5482923356617,421535439.63624924,1.2819330336217054,1.0521927584912205
