Area [-],Diameter [-],Perimeter [-],Area [mym^2],Diameter [mym],Perimeter [mym],Volume [mym^3] ,Irregularity [-],Diameter Ratio [-]
104567.0,364.88195279339556,1146.310462323229,531442.8885171199,822.5898743774309,2584.2423062614876,291439692.60271776,1.407216301433422,1.0498845459664445
105727.5,366.9011228737068,1152.6538722138832,537340.9201343999,827.1418914064847,2598.5428895189784,296304790.00671226,1.5104751532529082,1.0855098429625958
