Area [-],Diameter [-],Perimeter [-],Area [mym^2],Diameter [mym],Perimeter [mym],Volume [mym^3] ,Irregularity [-],Diameter Ratio [-]
126546.5,401.4025511227205,1261.0433057393402,643149.72689024,904.9219112510611,2842.8960284587683,388000186.7187426,1.6646431216528006,1.1210510896738382
52091.5,257.5363231557283,809.0742208585631,264745.63894144,580.5898869222739,1823.9769235035444,102472427.05078386,1.3288749983272419,1.0818442748709662
