Area [-],Diameter [-],Perimeter [-],Area [mym^2],Diameter [mym],Perimeter [mym],Volume [mym^3] ,Irregularity [-],Diameter Ratio [-]
9815.0,111.7892934568227,351.19642307394776,49882.964518400004,252.0177831690611,791.7372161779077,8380929.423885399,1.061161682048086,1.0481322173060175
9163.0,108.0124712633143,339.3311862169068,46569.29229568,243.50331521601575,764.9882262073947,7559851.374174494,1.1734580315140013,1.2222376286202046
18651.5,154.10330096603346,484.1297982088276,94792.87954304,347.41048169782584,1091.422217081981,21954693.295714345,1.1053734459484204,1.0260818774087757
6038.0,87.68021653207131,275.45552412231757,30687.04429567999,197.66628014990155,620.9869335813527,4043862.5964815468,1.06397651273649,1.06090549919132
5629.0,84.65852229583405,265.9625917083599,28608.37567743999,190.85417266372826,599.5860667473266,3640018.580780624,1.0588796058635936,1.0512822287281949
5653.0,84.83880684208067,266.5289723144041,28730.351342079994,191.26060614478666,600.8629151855927,3663322.9416259374,1.074745416498449,1.1197957605333388
