Area [-],Diameter [-],Perimeter [-],Area [mym^2],Diameter [mym],Perimeter [mym],Volume [mym^3] ,Irregularity [-],Diameter Ratio [-]
7904.0,100.31792143773079,315.15804501217303,40170.65222144,226.1567220892203,710.492296675443,6056575.3537246175,1.1485979846390995,1.2920551519989434
7480.0,97.5901213987308,306.58840844918876,38015.74881279999,220.0071696812987,691.1729080078511,5575824.866412877,1.0666395854295303,1.0506234681565962
27108.5,185.7837834646855,583.6569692887729,137774.05437055996,418.830961442787,1315.7962715646095,38469359.76926162,1.2200321993723333,1.2263352695692367
5489.5,83.60292148497967,262.6463239558564,27899.392126720002,188.47442619573818,592.1098727260827,3505547.948195631,1.0571783006495203,1.057239984804954
11268.5,119.78104946045589,376.3032650242439,57270.11570816,270.0343979036518,848.3380806706555,10309934.142083637,1.06321267382789,1.0769650172633327
6748.0,92.69207327421735,291.20073644428805,34295.491041279995,208.96500998939558,656.4829402400029,4777705.085354867,1.0573690121999857,1.0356872665475567
13857.5,132.83040687721888,417.29903041881397,70428.24053119999,299.45286926400223,940.7589341761742,14059959.136188755,1.0665276710275438,1.0449779034117856
35741.5,213.324848970184,670.1797783528822,181649.71740543997,480.9195395183828,1510.8532923187377,58239265.632179044,1.1291115264487233,1.0809806627512215
10186.5,113.8852695586428,357.7811261975255,51771.04616063999,256.74295169300433,806.5817708997015,8861234.135678327,1.1165009966046568,1.2250614106222784
