Area [-],Diameter [-],Perimeter [-],Area [mym^2],Diameter [mym],Perimeter [mym],Volume [mym^3] ,Irregularity [-],Diameter Ratio [-]
9226.0,108.3831538557843,340.49571992622424,46889.478415360005,244.33898205248013,767.6135510016799,7637951.616653868,1.0742117397057367,1.1348627127391497
7992.0,100.87482560839162,316.90761106347463,40617.896325120004,227.41220685155807,714.4365183814972,6158003.6273088865,1.1198127943760994,1.059571085424732
5748.0,85.54870485949928,268.75918271072436,29213.171681280004,192.86100023525518,605.890701503057,3756054.3403305947,1.0683805485546716,1.0987892821332677
