Area [-],Diameter [-],Perimeter [-],Area [mym^2],Diameter [mym],Perimeter [mym],Volume [mym^3] ,Irregularity [-],Diameter Ratio [-]
7469.5,97.52160160394875,306.373147165276,37962.38445952001,219.85269865594208,690.6876229693983,5564088.447226581,1.0715410736212903,1.0822464196540755
8955.0,106.77949298954076,335.45767072998405,45512.1698688,240.72368899562068,756.2557728936761,7303904.9500085795,1.089146293593476,1.0769858217182624
23903.5,174.45595850407906,548.0695576113806,121485.22082175997,393.29351285159584,1235.5680106790965,31852899.50436121,1.114610963698187,1.1089324265197982
17107.5,147.5870777255136,463.65847914725936,86945.77845119999,332.72030802439787,1045.2716753895813,19285750.791802876,1.132176454169966,1.1030885833120243
23805.5,174.09797236669047,546.9449109920736,120987.15352447999,392.48646890346697,1233.0326073405306,31657213.779669866,1.1060404817909533,1.095200201400477
7043.0,94.69649472694198,297.4978121548655,35794.77525248,213.483777712418,670.6790677219288,5094402.5621776,1.061878851336079,1.077456370977009
