Area [-],Diameter [-],Perimeter [-],Area [mym^2],Diameter [mym],Perimeter [mym],Volume [mym^3] ,Irregularity [-],Diameter Ratio [-]
5478.5,83.51911664901388,262.38304329885096,27843.48661376,188.2854965735369,591.5163328129297,3495016.468940286,1.0582390955624366,1.066767165766383
7310.5,96.4780684497073,303.09479107413364,37154.29568128,217.50015751302013,683.2968969975269,5387376.775309148,1.0710661035746138,1.103222967605024
5808.0,85.99404209491391,270.15825089787296,29518.11084288,193.86496849877392,609.0447608241648,3815018.4191321656,1.0633738465529476,1.0698415583076926
16882.5,146.6133234531957,460.59933987894374,85802.2565952,330.5250763928844,1038.3751518230908,18906531.61054023,1.1278508764607849,1.149476046573415
