Area [-],Diameter [-],Perimeter [-],Area [mym^2],Diameter [mym],Perimeter [mym],Volume [mym^3] ,Irregularity [-],Diameter Ratio [-]
7975.0,100.76748170547343,316.5703802466592,40531.496896000004,227.1702107568193,713.6762652280685,6138365.794769126,1.1291193407049969,1.1064555892450358
7799.5,99.65255555760676,313.0677364512261,39639.54984832,224.65672124906868,705.7799050556441,5936860.867141726,1.0710808222693236,1.0973586252528529
6122.5,88.29161405615504,277.376286092402,31116.500281599998,199.0446147281959,625.317099366711,4129047.873493914,1.0664434728016108,1.085747811755285
5536.5,83.9600544272467,263.7682901836374,28138.261136640005,189.27954670078498,594.6392333899922,3550664.875261023,1.0610259660184078,1.0600278978751798
7140.0,95.3463704050084,299.53945681082564,36287.7602304,214.94885744105093,675.2817514343253,5200008.400412858,1.0629381506694293,1.0131285424094842
8402.5,103.43304730422093,324.94450154934606,42704.1884224,233.17946184263567,732.5548842928457,6638493.116507831,1.0678060440550723,1.0941346920864745
6264.0,89.30606087058739,280.5632647520802,31835.648471039996,201.3315836266522,632.5018240570896,4273014.348303927,1.0748502283973682,1.0966755515226896
9643.0,110.80545532545396,348.10560442811817,49008.80558848,249.7998184857034,784.7692746227497,8161593.826802287,1.0600786893160825,1.028830211158495
