Area [-],Diameter [-],Perimeter [-],Area [mym^2],Diameter [mym],Perimeter [mym],Volume [mym^3] ,Irregularity [-],Diameter Ratio [-]
7785.5,99.56307787295253,312.7866340144562,39568.39737728,224.45500275678418,705.1461877221899,5920883.1615992775,1.0608066129764966,1.0528970779796276
9227.0,108.38902748558705,340.51417247846246,46894.56073471999,244.35222356350744,767.6551504354456,7639193.459041852,1.07968119746826,1.0993214309832635
6104.5,88.16173093148637,276.9682462221176,31025.018533120005,198.7518062119429,624.397214283142,4110852.3141444027,1.0669882308919998,1.0775650500082388
6028.0,87.60757944186999,275.22732797336295,30636.22110208,197.5025270937517,620.4724881831494,4033820.725509148,1.0618487017452363,1.003467098479702
20687.5,162.2964666334689,509.86938727928685,105140.48176000001,365.8811543784923,1149.4495466824244,25645947.22550641,1.1269554151614887,1.0319582939085048
