Area [-],Diameter [-],Perimeter [-],Area [mym^2],Diameter [mym],Perimeter [mym],Volume [mym^3] ,Irregularity [-],Diameter Ratio [-]
26681.5,184.3147876,579.0419825,135603.904,415.5192571,1305.392245,37564022.3,1.149823407,1.052608388
14039,133.6974569,420.0229482,71350.6815,301.4075467,946.8997345,14337089.24,1.0677397,1.100535017
8524,104.1781833,327.2854154,43321.69022,234.8592965,737.8322404,6783001.125,1.076711334,1.096627488
19012.5,155.5874894,488.7925136,96627.59683,350.756436,1101.933843,22595167.66,1.093134165,1.076445158
17575,149.5900565,469.9510225,89321.76275,337.2358233,1059.457585,20081665.47,1.275298829,1.208451776
8136.5,101.7826781,319.7597137,41352.29147,229.4588694,720.8662986,6325766.7,1.065282906,1.00964974
10376,114.9396951,361.0937018,52734.14568,259.1200487,814.0496414,9109649.598,1.074485358,1.004114088
