Area [-],Diameter [-],Perimeter [-],Area [mym^2],Diameter [mym],Perimeter [mym],Volume [mym^3] ,Irregularity [-],Diameter Ratio [-]
5730.5,85.41837747876536,268.3497471688491,29124.23109248,192.56719018812865,604.9676700174534,3738914.2319124043,1.0676083153809373,1.0927166274384774
6556.5,91.36736329267741,287.0390372981451,33322.226883840005,205.97858380701194,647.1008056849382,4575776.735219535,1.0670723185434567,1.0757434411457096
7493.0,97.67488883382758,306.85471320055245,38081.81896448,220.19826938698088,691.7732654393254,5590367.087391203,1.0587329557871645,1.0062754406006054
