Area [-],Diameter [-],Perimeter [-],Area [mym^2],Diameter [mym],Perimeter [mym],Volume [mym^3] ,Irregularity [-],Diameter Ratio [-]
5566.0,84.18343843058393,264.47007172745117,28288.189557759997,189.7831435979084,596.2213297023658,3579081.0273101456,1.0666902446426996,1.0690938939755033
17465.5,149.12332234956403,468.484733972293,88765.24878208,336.18361790485716,1056.1519842671373,19894281.65318958,1.2408317748136812,1.2406420677679355
6605.0,91.70467377934317,288.09872944503303,33568.719372800006,206.73901656815124,649.4897756608825,4626642.687056613,1.0646873129680623,1.0101009032408057
6777.5,92.8944616995145,291.83655843437316,34445.419462399994,209.42127445538546,657.9163373344508,4809069.095310763,1.0684272439544678,1.0586942480329227
7795.0,99.62380363753732,312.9774096303594,39616.6794112,224.59190292046412,705.5762722706821,5931723.61090092,1.0653208300585397,1.0844716649525603
