Area [-],Diameter [-],Perimeter [-],Area [mym^2],Diameter [mym],Perimeter [mym],Volume [mym^3] ,Irregularity [-],Diameter Ratio [-]
8480.5,103.91202028219136,326.449239538206,43100.60933248,234.2592585241722,735.9471656149315,6731144.522777854,1.0582441069691708,1.0200937265211316
3189.0,63.72096129344279,200.18530387915942,16207.516439039999,143.6525351399374,451.29774906517696,1552167.2165268713,1.0788279955870026,1.1602697243814768
8218.0,102.29116569202625,321.35717466520595,41766.500500480004,230.60520393610398,724.4676145652403,6421048.243740386,1.0652727500101657,1.0991171784618372
5660.0,84.89131771389239,266.6939400835214,28765.927577599992,191.378986654199,601.2348185242906,3670129.3799794423,1.0583284374775548,1.0411941549656318
9178.5,108.10378883902123,339.6180688418914,46648.068245760005,243.70918155868947,765.6349743971599,7579041.688978708,1.0697924578133047,1.098147781192288
6199.0,88.84149896199003,279.1038004728931,31505.297712640004,200.28427525991032,629.2116077860902,4206677.146149209,1.0656298958059942,1.0671735254586385
