Area [-],Diameter [-],Perimeter [-],Area [mym^2],Diameter [mym],Perimeter [mym],Volume [mym^3] ,Irregularity [-],Diameter Ratio [-]
72293.5,303.39239118229625,953.1353072933426,367418.6546521599,683.9678066813686,2148.7482367621114,167535020.90417135,1.1288921129381948,1.1212820622140005
39226.5,223.48317834135494,702.0931112780983,199361.60037503997,503.82047725275055,1582.7987100653445,66961637.76454985,1.2903737854702788,1.047292794584283
