Area [-],Diameter [-],Perimeter [-],Area [mym^2],Diameter [mym],Perimeter [mym],Volume [mym^3] ,Irregularity [-],Diameter Ratio [-]
32135.0,202.27593225607552,635.4685827737135,163320.33263360002,456.01086167809666,1432.6003730050597,49650563.7425342,1.0987792239695118,1.1265793229617185
32584.5,203.68572346981736,639.8975724939003,165604.83518591998,459.18909499035624,1442.585087430249,50695956.26336646,1.0930700621095444,1.0245848852021162
16002.0,142.7388496340505,448.4273213921912,81327.27439872001,321.79046261500343,1010.9345533465557,17446894.167987626,1.0598032410018359,1.02544678008308
19746.0,158.56036090505256,498.13206496985936,100355.47808255999,357.4584776243505,1122.988927268051,23915277.611103848,1.0876900087224743,1.0526382937764451
18151.0,152.0216135175783,477.58998421369074,92249.17870336,342.71752551402847,1076.6788604113442,21076940.1706113,1.1908948389539795,1.0853719821946306
21876.0,166.89334402733508,524.3109035293098,111180.81831935998,376.24435477522417,1182.006500916476,27887436.83463268,1.0588867211117552,1.0186146187600873
