Area [-],Diameter [-],Perimeter [-],Area [mym^2],Diameter [mym],Perimeter [mym],Volume [mym^3] ,Irregularity [-],Diameter Ratio [-]
24970.5,178.30711722140924,560.1683295455533,126908.05557887997,401.975565063945,1262.8434821274955,34009291.56832454,1.074776775036441,1.046642516140939
47969.5,247.1369343930069,776.4035775197732,243796.31853952,557.1455048955947,1750.3242251605766,90553348.65625875,1.2451412200252532,1.0672864430646056
21380.0,164.99048901811818,518.3329082115075,108659.98791679998,371.9545584424456,1168.5297082720224,26944385.217303205,1.060185434154175,1.0284200056809771
43652.0,235.7529482462082,740.6397302724224,221853.40470271994,531.4814465262517,1669.6982079261488,78607312.29878369,1.224854287105818,1.0804059703900746
41494.5,229.85307979014163,722.1047468736975,210888.30068352,518.1807830788953,1627.9129413520636,72852176.52690928,1.1899269082000965,1.0231150172537247
31817.0,201.27260766144676,632.3165455980618,161704.15507712003,453.7489667119656,1425.4944203962707,48915395.51951644,1.0805807922245874,1.0135507378288697
