Area [-],Diameter [-],Perimeter [-],Area [mym^2],Diameter [mym],Perimeter [mym],Volume [mym^3] ,Irregularity [-],Diameter Ratio [-]
83813.5,326.6721025472799,1026.270677495266,425966.9736793599,736.4495879825878,2313.6246153453276,209135468.17356965,1.184214896845471,1.101080808577589
14072.0,133.8544988915696,420.5163103676981,71518.39803391998,301.7615823011545,948.0119700929387,14387669.969572978,1.0915613058727192,1.1012077483292466
31971.0,201.75911747608305,633.8449612576226,162486.83225855997,454.8457544380816,1428.940080659184,49270963.86993248,1.1355369830187025,1.0705835884993158
37908.0,219.69516303692384,690.1927102260119,192660.56229888,495.2807755504411,1555.970445933521,63614048.475582235,1.0918014249899932,1.0483036245958044
