Area [-],Diameter [-],Perimeter [-],Area [mym^2],Diameter [mym],Perimeter [mym],Volume [mym^3] ,Irregularity [-],Diameter Ratio [-]
4287.0,73.88083600149393,232.10349162336564,21787.90309632,166.55695668176793,523.2541115157155,2419284.5548002184,1.3574901685707639,1.26876572609823
22898.0,170.74729601181318,536.418450771034,116374.94870527997,384.9327041290316,1209.301755418219,29864349.13200051,1.05890145974879,1.0131932044653345
30293.0,196.39308930983873,616.9870865915935,153958.70037248,442.7485805401004,1390.9356880120883,45443330.701142766,1.125439781008645,1.0561132576803112
1403.0,42.26529405154344,132.78033729414125,7130.494062080001,95.28287890979954,299.3399923959121,452942.66818947555,1.1386923788465442,1.151355444125475
16320.0,144.15016257388632,452.8610917558956,82943.45195520001,324.97212650656934,1020.9300452544911,17969539.97445121,1.1060821780377084,1.0271266291854793
19380.5,157.08602419292373,493.5002995861177,98497.89035648,354.1347329405273,1112.5470753869438,23254349.397731587,1.0950328844927864,1.043465999047688
6185.0,88.74112115691902,278.78845429789857,31434.1452416,200.05798353615825,628.5006913691825,4192434.474144813,1.6514898461214607,1.7889139421748044
