Area [-],Diameter [-],Perimeter [-],Area [mym^2],Diameter [mym],Perimeter [mym],Volume [mym^3] ,Irregularity [-],Diameter Ratio [-]
24754.0,177.53245249918174,557.7346485452083,125807.73343744002,400.22916091415533,1257.3569916803176,33567949.06011889,1.0790315280963387,1.0506019761960421
16569.0,145.24567469194017,456.30274457789216,84208.94947583998,327.4418490255099,1028.6889073764,18382356.08057652,1.0546610430984735,1.0077483825969125
21877.5,166.8990657251967,524.328878773278,111188.44179840003,376.25725377088344,1182.0470243064779,27890305.17475313,1.067325350971962,1.0708121329446312
