Area [-],Diameter [-],Perimeter [-],Area [mym^2],Diameter [mym],Perimeter [mym],Volume [mym^3] ,Irregularity [-],Diameter Ratio [-]
25222.5,179.2045881585699,562.9878176485475,128188.80005760002,403.99882354467996,1269.1997361068857,34525416.276583076,1.0655892659107686,1.0309344537575478
16471.0,144.81549827740423,454.95130551423847,83710.88217856,326.4720593165801,1025.6422231512993,18219509.394694727,1.0625024218812495,1.0400388135609677
35225.0,211.77786230693732,665.319776416425,179024.69945599997,477.4320127847595,1499.8969039531885,56981415.0663098,1.127121959952719,1.0010489183838334
