Area [-],Diameter [-],Perimeter [-],Area [mym^2],Diameter [mym],Perimeter [mym],Volume [mym^3] ,Irregularity [-],Diameter Ratio [-]
29008.5,192.18420677425595,603.7644921379842,147430.46115455998,433.2600757518826,1361.1266710758716,42583821.84530643,1.0895885876153049,1.0275456340411018
23181.0,171.79920222895626,539.7231116150762,117813.24508416,387.30412150495897,1216.7517828250277,30419703.592646006,1.0746515538717405,1.018631039780837
18595.5,153.87178413901205,483.4024666458747,94508.26965887999,346.88855016298874,1089.7825208064598,21855891.09358777,1.0609378063945891,1.0658224372821845
23108.0,171.52847985025736,538.8726121789933,117442.23577088,386.6938049744202,1214.8344168963226,30276123.343296364,1.0589547218978062,1.0470862795183926
