Area [-],Diameter [-],Perimeter [-],Area [mym^2],Diameter [mym],Perimeter [mym],Volume [mym^3] ,Irregularity [-],Diameter Ratio [-]
20125.5,160.0768017470599,502.8961043787132,102284.21827968002,360.87714185857186,1133.728977711371,24608024.233339477,1.0656550541128151,1.0468993819252657
23021.5,171.20713822478473,537.8630876891159,117002.61514623996,385.96937241395466,1212.5585448863428,30106283.95919047,1.0722844076902287,1.0471777264474975
