Area [-],Diameter [-],Perimeter [-],Area [mym^2],Diameter [mym],Perimeter [mym],Volume [mym^3] ,Irregularity [-],Diameter Ratio [-]
24790.5,177.66329090095414,558.1456895070238,125993.23809408,400.52412300711103,1258.2836424246345,33642220.79497169,1.096333424818326,1.064803610878397
22044.0,167.53295951585744,526.320314849174,112034.64797184002,377.68630393254904,1186.536517795978,28209301.40324567,1.0693919496443232,1.052717075127016
18465.0,153.33091075688156,481.7032628020513,93845.0269824,345.6692052103138,1085.9518356609444,21626223.92663111,1.0613271033111196,1.0234283598788685
23793.0,174.05225792239446,546.8012948297103,120923.62453248001,392.3834102602461,1232.708839064099,31632282.78338937,1.0625154850750786,1.0440912551143966
22533.5,169.38283053866408,532.1318560645119,114522.44329856001,381.8566531663643,1199.6380563118357,29154104.60694857,1.0685322830034245,1.0438393068448537
22732.0,170.12725040662863,534.4705200528956,115531.28369152,383.53487331670357,1204.910340407248,29540184.169828843,1.0655947857933268,1.0471963253617897
