Area [-],Diameter [-],Perimeter [-],Area [mym^2],Diameter [mym],Perimeter [mym],Volume [mym^3] ,Irregularity [-],Diameter Ratio [-]
25532.0,180.30072672115932,566.431438504095,129761.77789951999,406.46995832018155,1276.9630349636318,35162842.96958036,1.1480622492254697,1.1408675550470653
30126.5,195.8526260851865,615.2891712954906,153112.49419903997,441.53016024644444,1387.107907768554,45069189.399623275,1.1192840040841543,1.1195664000740948
