Area [-],Diameter [-],Perimeter [-],Area [mym^2],Diameter [mym],Perimeter [mym],Volume [mym^3] ,Irregularity [-],Diameter Ratio [-]
1805.5,47.94615728105159,150.62729548201244,9176.127604480002,108.08981697440271,339.57417493464885,661230.6355346717,1.1358861111937912,1.0351758827623814
1214.5,39.323649717197604,123.53888906388634,6172.476862720001,88.65123592245028,278.50607150562536,364798.468388571,1.3162670711049584,1.2985102059235385
1211.0,39.26694651579471,123.36075070292398,6154.68874496,88.52340422520759,278.1044763846718,363222.66643361974,1.1999309696997762,1.324269000113965
1588.5,44.972669665162265,141.28580863239432,8073.264303360002,101.38638649314181,318.51472698086974,545679.396614495,1.2793380227427695,1.4007211001013535
3766.0,69.24608382769831,217.54298824296,19140.014709759995,156.10837138116307,490.428912694929,1991944.3497014248,1.3250244617004059,1.2045209072101695
1980.5,50.21604244012057,157.75835002223604,10065.53349248,113.2070460770078,355.6504242901289,759659.5425818991,1.1680334245533694,1.1902393882307958
1363.0,41.658438514591815,130.87384439746373,6927.201287679999,93.91478378729579,295.04199480964223,433711.07412236277,1.4999838728742465,1.3463810202891209
