Area [-],Diameter [-],Perimeter [-],Area [mym^2],Diameter [mym],Perimeter [mym],Volume [mym^3] ,Irregularity [-],Diameter Ratio [-]
2055.5,51.15802854101326,160.7176866365842,10446.70744448,115.33065954286029,362.32195275351546,803217.1064154579,1.0864402999435379,1.0062423533238443
2595.5,57.48646134839154,180.59904465298047,13191.159898880001,129.5974784638139,407.14248626567917,1139694.0406052177,1.0959298282078402,1.0785148110657665
2808.5,59.79877307594784,187.86338618908087,14273.69392256,134.81035402241682,423.5192178246639,1282827.8206052887,1.2272284731401215,1.1621357703213897
1827.0,48.23078527487545,151.5214806964155,9285.397470720001,108.73148232367922,341.5900260819991,673076.6873039517,1.0770483326023417,1.1107141124859556
7180.5,95.61640314805214,300.38778969260056,36493.59416447999,215.55761925696874,677.1942330829987,5244314.850816876,1.2669479082191382,1.133589149282477
3727.5,68.89122152350268,216.42815543506305,18944.345414400002,155.30836980258445,487.9156336128062,1961476.9355250204,1.2099396419597883,1.034223226001015
2846.5,60.2019631248736,189.13004508478653,14466.822058239997,135.71930566871504,426.37477363914275,1308951.3633181222,1.100121428456616,1.0153130755096051
2397.5,55.250265234680576,173.57382737016005,12184.860665600001,124.55619794506389,391.3048364232888,1011799.9446649976,1.106537882310698,1.0340966340900841
2165.0,52.50298671839181,164.94299736602218,11003.221414399997,118.3627332579425,371.84749326196044,868247.5741671384,1.1387168764214606,1.1112790733489522
