Area [-],Diameter [-],Perimeter [-],Area [mym^2],Diameter [mym],Perimeter [mym],Volume [mym^3] ,Irregularity [-],Diameter Ratio [-]
5775.5,85.753104845352,269.40132420467313,29352.935463679994,193.32179956336154,607.338345287015,3783041.537537221,1.2713093468227814,1.3578719338962364
2962.0,61.41120037505823,192.9289759464137,15053.829944320001,138.44541012553128,434.93908337359505,1389422.4404009243,1.1108163246394553,1.0743267082566106
