Area [-],Diameter [-],Perimeter [-],Area [mym^2],Diameter [mym],Perimeter [mym],Volume [mym^3] ,Irregularity [-],Diameter Ratio [-]
1045.5,36.48522912,114.6217278,5313.564891,82.25230053,258.4032231,291368.6242,1.222498502,1.104695933
1827.5,48.23738455,151.5422129,9287.93863,108.7463597,341.6367648,673353.0103,1.0775642,1.015809635
2585,57.37006382,180.233371,13137.79555,129.3350719,406.3181117,1132785.154,1.336011948,1.34108542
2408,55.37111904,173.9535008,12238.22502,124.8286508,392.1607722,1018454.078,1.093203182,1.018870994
1890,49.05530287,154.1117791,9605.58359,110.5902748,347.4295948,708189.4192,1.148484228,1.130448286
2570.5,57.20893505,179.7271701,13064.10191,128.9718232,405.1769322,1123267.361,1.387546043,1.48320071
1906.5,49.26896784,154.7830274,9689.44186,111.0719611,348.942857,717483.5396,1.296991734,1.260375979
1292.5,40.56676117,127.4442389,6568.897773,91.45370637,287.3102921,400500.0321,1.225044709,1.217589383
1502,43.73106214,137.3851836,7633.643679,98.5873065,309.7211578,501720.246,1.146696462,1.280554308
