Area [-],Diameter [-],Perimeter [-],Area [mym^2],Diameter [mym],Perimeter [mym],Volume [mym^3] ,Irregularity [-],Diameter Ratio [-]
2718.5,58.83282844095242,184.82878162000475,13816.28518016,132.63272843728313,416.67800528413875,1221661.0668748138,1.1346872910010022,1.0713378298745972
4215.0,73.2577960428698,230.14615386645917,21421.976102399996,165.15237539904567,518.8414892765455,2358593.492701966,1.2698442966937518,1.1703982863478526
6759.0,92.7675917703212,291.437984796858,34351.39655424001,209.13525888701213,657.0177929260368,4789392.141000933,1.2181642455879678,1.0631484865605128
1771.5,47.49256629724636,149.20229737955538,9003.32874624,107.0672414605122,336.3616592124696,642641.0485480324,1.097715970034284,1.070783083914582
3311.0,64.92839234586148,203.97856040315418,16827.559400960003,146.37456770451013,459.8492665728708,1642084.4885583238,1.0956064620674404,1.0935123670057345
1829.0,48.257176951419495,151.60439259356218,9295.56210944,108.7909797192801,341.77694266292656,674182.205951597,1.0996427877616282,1.0153930067092052
1581.5,44.87347033603106,140.9741647487547,8037.688067839999,101.16275152554843,317.81215700959257,542076.4272311756,1.082539995520918,1.0284543180071006
2711.0,58.751616197148365,184.5736458314884,13778.167784959996,132.44964355485126,416.1028271625074,1216608.9413045908,1.0837104306671697,1.0382693098230167
7351.5,96.748232609803,303.94353681475354,37362.67077503999,218.10921559553987,685.2103093951804,5432761.8768655835,1.1239097989300975,1.1752291931744647
