Area [-],Diameter [-],Perimeter [-],Area [mym^2],Diameter [mym],Perimeter [mym],Volume [mym^3] ,Irregularity [-],Diameter Ratio [-]
2060.5,51.22021165445144,160.91304064893893,10472.11904128,115.47084515379532,362.76235883896794,806149.6241651698,1.1232918496128894,1.1350552040660187
2940.5,61.18791450355001,192.22750269283307,14944.560078080001,137.94203445680316,433.3576820707229,1374322.0141548512,1.1014181974456498,1.0983196352533648
4118.5,72.41434295077025,227.49636782867162,20931.532284160003,163.25089474821644,512.8678116329573,2278060.9158935323,1.104983460032265,1.1461817730836312
2298.0,54.09163034889413,169.93386852478048,11679.16988928,121.94417145854692,383.0989132022651,949471.1303145726,1.3788225855817626,1.1480575321792266
1679.0,46.23601621690972,145.2547288783021,8533.214205440001,104.23447495940127,327.4622607832443,592970.0682800954,1.0993186975710523,1.133730170848291
2242.0,53.42848546698881,167.85053743552106,11394.560005119998,120.44917763677957,378.4022515946387,914976.921433095,1.0783102064324255,1.0720058695993218
2560.5,57.0975468325425,179.37723366711467,13013.278721279998,128.7207095792838,404.3880355791433,1116718.9806374377,1.1022740482348494,1.1033749663442753
2895.5,60.71791417514821,190.75095311394116,14715.855706879998,136.8824657164541,430.02894870006895,1342895.076190191,1.083886102177856,1.1034634656047366
