Area [-],Diameter [-],Perimeter [-],Area [mym^2],Diameter [mym],Perimeter [mym],Volume [mym^3] ,Irregularity [-],Diameter Ratio [-]
4038.5,71.70758608,225.2760256,20524.94674,161.6575821,507.8622722,2212008.841,1.096595064,1.14798622
4202.5,73.14908876,229.8046399,21358.44711,164.9073057,518.0715801,2348109.311,1.100219593,1.014128025
3609.5,67.79202119,212.9749157,18344.63173,152.8303326,480.13065,1869077.445,1.112311474,1.194830875
