Area [-],Diameter [-],Perimeter [-],Area [mym^2],Diameter [mym],Perimeter [mym],Volume [mym^3] ,Irregularity [-],Diameter Ratio [-]
1576,44.7953739,140.7288175,8009.735311,100.9866909,317.2590463,539251.1094,1.158638476,1.052290126
1174,38.66242653,121.4615952,5966.642929,87.16057438,273.8230202,346704.0165,1.253280063,1.138055832
2051,51.10199904,160.5416648,10423.83701,115.2043466,361.9251291,800580.888,1.164775187,1.103298525
2020.5,50.72061218,159.3435026,10268.82627,114.3445481,359.2239923,782789.5327,1.265962315,1.111554619
2677.5,58.38748908,183.4297068,13607.91009,131.6287554,413.5239309,1194128.179,1.098953587,1.096125232
1175,38.67888914,121.513314,5971.725248,87.19768768,273.939615,347147.0887,1.157985675,1.226169254
2091,51.59790585,162.099602,10627.12978,116.3223189,365.4373427,824114.92,1.251408454,1.143457259
2309.5,54.22680821,170.3585423,11737.61656,122.2489164,384.0562978,956607.2708,1.316095734,1.307066495
