Area [-],Diameter [-],Perimeter [-],Area [mym^2],Diameter [mym],Perimeter [mym],Volume [mym^3] ,Irregularity [-],Diameter Ratio [-]
2469.5,56.07374658183172,176.1608703207383,12550.787659520001,126.41265429408143,397.13706605107245,1057718.921014217,1.0808822689362274,1.0592651400628987
2915.0,60.92202617200941,191.39218986378987,14814.9609344,137.34261580217802,431.47455282892787,1356483.658491717,1.1172001057117533,1.1635803481678308
3402.0,65.81459512288306,206.76264853703606,17290.050462719995,148.37242324502756,466.12571486189404,1710244.4567883837,1.0838884445392671,1.1191209959088375
4834.5,78.45684532927731,246.47944891028828,24570.47294592,176.87311211032278,555.6632696233539,2897237.3439782406,1.1461094332885124,1.148299024351587
