Area [-],Diameter [-],Perimeter [-],Area [mym^2],Diameter [mym],Perimeter [mym],Volume [mym^3] ,Irregularity [-],Diameter Ratio [-]
4924.0,79.17974184269573,248.75049528614926,25025.340528639998,178.50281001017325,560.7831165730948,2978062.4038824756,1.1038889648230423,1.1151281968000735
3862.0,70.12311403358524,220.29825989475071,19627.917368320002,158.08554827731456,496.64039710672597,2068593.3858084616,1.1187141989986287,1.0819994233138774
