Area [-],Diameter [-],Perimeter [-],Area [mym^2],Diameter [mym],Perimeter [mym],Volume [mym^3] ,Irregularity [-],Diameter Ratio [-]
3404.5,65.83877299928106,206.83860557590742,17302.756261119994,148.4269298495792,466.2969524103256,1712129.9931824163,1.1186486343971445,1.0561022808441283
3447.0,66.24844685501772,208.1256339514575,17518.754833920004,149.35049858995194,469.19842918016576,1744289.8460807223,1.1848272702350584,1.1660754374297724
8801.0,105.85736267834262,332.5607129186715,44729.49268736,238.6448384220556,749.7248712038531,7116308.370050363,1.3128950444043401,1.0863675146474046
