Area [-],Diameter [-],Perimeter [-],Area [mym^2],Diameter [mym],Perimeter [mym],Volume [mym^3] ,Irregularity [-],Diameter Ratio [-]
6658.5,92.07532519,289.2631652,33840.62346,207.5746131,652.1148796,4682969.548,1.063612763,1.00905589
16387,144.445756,453.7897258,83283.96735,325.6385123,1023.023558,18080311.48,1.072967401,1.070777396
17041,147.2999494,462.7564388,86607.80421,332.0730058,1043.238116,19173409.25,1.067674297,1.030081114
