Area [-],Diameter [-],Perimeter [-],Area [mym^2],Diameter [mym],Perimeter [mym],Volume [mym^3] ,Irregularity [-],Diameter Ratio [-]
13030.0,128.80338220675407,404.64775929825686,66222.62126079999,290.37434484690635,912.2379085619903,12819566.841766408,1.0669279635773705,1.048818377713636
14118.5,134.07547319455335,421.210521614584,71754.72588416001,302.2597467698011,949.5769999279183,14459043.51685513,1.0597424528450654,1.0068955699608466
11918.5,123.18727821461937,387.0042482547702,60573.62329215999,277.7134000070379,872.4623772655538,11214737.9168075,1.077880217629532,1.0663534209129069
14054.5,133.7712419822749,420.2547510730973,71429.45744512,301.5738879248405,947.4223108191906,14360839.462724522,1.0883972345678288,1.0377715554630096
