Area [-],Diameter [-],Perimeter [-],Area [mym^2],Diameter [mym],Perimeter [mym],Volume [mym^3] ,Irregularity [-],Diameter Ratio [-]
12020.0,123.71070821766665,388.64865210701197,61089.478707199996,278.8934206059077,876.1695213100478,11358302.453121847,1.0646862728967459,1.0860036507537567
11191.0,119.36843697197014,375.00700466163767,56876.23595776001,269.1042043096095,845.4157913091959,10203756.147692405,1.0612865637080031,1.0040614085860953
