Area [-],Diameter [-],Perimeter [-],Area [mym^2],Diameter [mym],Perimeter [mym],Volume [mym^3] ,Irregularity [-],Diameter Ratio [-]
14583.5,136.2655088444807,428.0907215234956,74118.00438656003,307.1969631389973,965.0877226025684,15179217.240982747,1.0691387517499082,1.0099588645782558
14904.5,137.7570281129251,432.7764674999281,75749.42890112002,310.55944417777835,975.6512683318379,15683133.690877313,1.0625127509437018,1.0317328301378539
12210.0,124.68462151049879,391.7082909530069,62055.1193856,281.0890107332685,883.0671711244588,11628674.746022118,1.0589980656546425,1.0235663732523546
10009.0,112.88868235236978,354.65025515163666,50868.934474240006,254.49624549518245,799.5235352138496,8630635.224023024,1.0630736265071663,1.0622897847746244
15823.0,141.93825881820757,445.91219116660756,80417.53923328,319.98561067976715,1005.2644437660001,17154970.267283488,1.0825014023263622,1.024399555612702
