Area [-],Diameter [-],Perimeter [-],Area [mym^2],Diameter [mym],Perimeter [mym],Volume [mym^3] ,Irregularity [-],Diameter Ratio [-]
13788.5,132.49929608334074,416.2588151812421,70077.56049536001,298.7064130902834,938.4138729445923,13955077.822457554,1.0814753813162081,1.1001853803091768
7415.5,97.1684508674683,305.26369140593914,37687.939214080005,219.05655563562053,688.1864659055492,5503860.102160667,1.0591526528919013,0.9982664036941573
23696.0,173.6971049040381,545.6855487163417,120430.63955456001,391.5827532956635,1230.1935010261209,31439040.945288166,1.0830135494808137,1.0441073790796493
