Area [-],Diameter [-],Perimeter [-],Area [mym^2],Diameter [mym],Perimeter [mym],Volume [mym^3] ,Irregularity [-],Diameter Ratio [-]
11692.5,122.01374257359656,383.31747730620714,59425.01911679999,275.06778125791607,864.1509208391133,10897272.106444946,1.0641032936391093,1.029716754700436
14490.5,135.83032659529638,426.7235561664854,73645.34868608002,306.21588827643615,962.0055850217246,15034250.576890573,1.065935887522331,1.0266958760449285
7112.5,95.1625780542375,298.9620561118578,36147.996448,214.53451596547302,673.9800592985722,5169995.280728878,1.0710661911712003,1.0866611576553646
9606.5,110.59555003027175,347.4461674948242,48823.30093184,249.32660798824463,783.2826400003315,8115298.674749981,1.0647642708575966,1.0594455200946276
3118.0,63.007625732797116,197.94429412229061,15846.671764479997,142.0443914520178,446.24561666929196,1500620.564883623,1.0750193035359914,1.1348176655834237
