Area [-],Diameter [-],Perimeter [-],Area [mym^2],Diameter [mym],Perimeter [mym],Volume [mym^3] ,Irregularity [-],Diameter Ratio [-]
9063.0,107.42145965278438,337.47446848307976,46061.06035968001,242.1709386412371,760.802441748255,7436433.48140959,1.061386680359677,1.0038372620236
14362.5,135.2290758722353,424.8346713119512,72994.811808,304.86042864636727,957.7472830056628,14835486.411165193,1.0620675026898057,1.0130957348953407
