Area [-],Diameter [-],Perimeter [-],Area [mym^2],Diameter [mym],Perimeter [mym],Volume [mym^3] ,Irregularity [-],Diameter Ratio [-]
12208.5,124.67696251472938,391.68422950816387,62047.49590656002,281.07174429320594,883.0129270032046,11626531.935654918,1.0728860247602365,1.0323053598620373
