Area [-],Diameter [-],Perimeter [-],Area [mym^2],Diameter [mym],Perimeter [mym],Volume [mym^3] ,Irregularity [-],Diameter Ratio [-]
11738.0,122.2509131912778,384.0625707763619,59656.264647680015,275.6024586984167,865.8306595582302,10960942.142442696,1.059403410963904,0.9979475556891324
4972.0,79.5647347536786,249.95998618697718,25269.29185792,179.370738028693,563.5097928599213,3021714.353345036,1.0720336251318352,1.097380998431947
18840.5,154.88211530897567,486.5765156271252,95753.43790208001,349.16624075255476,1096.938096829791,22289245.30093498,1.0614115458739846,1.0043992248696054
12577.0,126.54459195925419,397.55156045071095,63920.33059072,285.28212811294264,896.2402378800828,12156885.293735618,1.0621871679448027,1.053668451943454
