Area [-],Diameter [-],Perimeter [-],Area [mym^2],Diameter [mym],Perimeter [mym],Volume [mym^3] ,Irregularity [-],Diameter Ratio [-]
19309.5,156.79801972302974,492.5955068592977,98137.04568192,353.48545566359826,1110.5073106636007,23126678.873568565,1.0599260011918408,1.0506890119652534
16685.0,145.75322227623715,457.8972523400668,84798.4985216,328.58606429954904,1032.2835656754467,18575736.59181578,1.0622826387427835,1.052257064323514
6800.0,93.04852983362557,292.3205777526488,34559.771648,209.76860565692547,659.0075104855714,4833036.7402818035,1.0613340438723684,1.0532138463146903
13412.5,130.680241022736,410.5440851663709,68166.60841600002,294.60553536165605,925.5305855990666,13388173.444122702,1.0640999794016581,1.0027038790962215
18756.5,154.53646016660625,485.4906079711819,95326.52307584,348.3869957995971,1094.4900266102325,22140347.32960858,1.0569601448662107,1.028883409317009
