Area [-],Diameter [-],Perimeter [-],Area [mym^2],Diameter [mym],Perimeter [mym],Volume [mym^3] ,Irregularity [-],Diameter Ratio [-]
7616.5,98.47654031532265,309.37317560555675,38709.485405440006,222.00551248686338,697.4508870851671,5729146.097024977,1.0707520871900114,1.09066832136882
12406.5,125.68391468981541,394.8476630639304,63053.79513984,283.34181727671984,890.1445716113245,11910517.934077514,1.060603193195113,0.9945584549024965
