Area [-],Diameter [-],Perimeter [-],Area [mym^2],Diameter [mym],Perimeter [mym],Volume [mym^3] ,Irregularity [-],Diameter Ratio [-]
15550.0,140.70847494245604,442.04871117704334,79030.066048,317.2131859102729,996.5546144775266,16712919.355856912,1.0615226709195869,1.0251677195417357
6057.0,87.8180614820259,275.88857680442936,30783.608363520005,197.9770378050792,621.9632075479055,4062965.064507568,1.0593036662786315,1.0737999096980568
8154.0,101.89207647197361,320.1033989033617,41441.23206144,229.7054971984173,721.6411024877386,6346185.876792044,1.0819411551942253,1.1323514424818257
15976.5,142.62507348450808,448.069883076635,81197.67525504,321.533965663475,1010.1287444079658,17405207.018272016,1.0627218629486086,1.0578486937435456
