Area [-],Diameter [-],Perimeter [-],Area [mym^2],Diameter [mym],Perimeter [mym],Volume [mym^3] ,Irregularity [-],Diameter Ratio [-]
12050.0,123.86499309352385,389.13335233956496,61241.94828799999,279.24124043004014,877.2622295143152,11400851.737528993,1.0629948499904067,1.0137548154588099
12235.5,124.81475253193062,392.1171096139413,62184.71852927999,281.3823781079844,883.9888119136691,11665122.654496295,1.0623756821418735,1.0495554198730397
