Area [-],Diameter [-],Perimeter [-],Area [mym^2],Diameter [mym],Perimeter [mym],Volume [mym^3] ,Irregularity [-],Diameter Ratio [-]
7097.5,95.06217790876568,298.64663975242416,36071.7616576,214.30817387752134,673.2689846578651,5153648.912923631,1.108734517800197,1.0186303697826167
