Area [-],Diameter [-],Perimeter [-],Area [mym^2],Diameter [mym],Perimeter [mym],Volume [mym^3] ,Irregularity [-],Diameter Ratio [-]
18737.5,154.45816899560577,485.24464900352586,95229.95900799999,348.21049618369364,1093.9355367135486,22106714.18515232,1.0633247609599001,1.0886590447645896
14546.5,136.09253850777435,427.5473191844099,73929.95857023998,306.80701881192647,963.8626763693336,15121486.793216376,1.060006876620954,1.0572484192996436
22317.0,168.56715848543757,529.569346734357,113422.12115712001,380.01780208957047,1193.8611352779344,28734950.126977142,1.0812886272319213,1.1627411367876515
15601.0,140.93902985835143,442.7730208070694,79289.26433535999,317.73294891266744,998.187498107457,16795207.84959328,1.0594651686962668,1.0500994660509944
