Area [-],Diameter [-],Perimeter [-],Area [mym^2],Diameter [mym],Perimeter [mym],Volume [mym^3] ,Irregularity [-],Diameter Ratio [-]
1308.5,40.81707908,128.2306358,6650.214883,92.01802307,289.0831453,407959.751,1.070699389,1.053286837
1077.5,37.03937917,116.3626415,5476.19911,83.50157641,262.327939,304847.5056,1.200038152,1.325325079
1406.5,42.31797986,132.9458547,7148.28218,95.4016538,299.7131347,454638.6279,1.07162451,1.016116557
1057,36.68534038,115.2503958,5372.011564,82.70343135,259.8204924,296189.193,1.42320019,1.200633447
1229.5,39.56574301,124.2994476,6248.711653,89.19701105,280.2206746,371577.6016,1.127317081,1.238445086
1042,36.42410748,114.4297085,5295.776773,82.1145079,257.9703348,289906.7358,1.15551632,1.235445509
1813,48.04563762,150.9398222,9214.245,108.3140855,340.2787352,665355.0135,1.241144257,1.41662042
1370.5,41.77289547,131.2334215,6965.318683,94.17281555,295.8526255,437295.781,1.119785767,1.081288978
