Area [-],Diameter [-],Perimeter [-],Area [mym^2],Diameter [mym],Perimeter [mym],Volume [mym^3] ,Irregularity [-],Diameter Ratio [-]
24814.0,177.7474783592114,558.4101722074093,126112.67259904,400.7139152130062,1258.8798922243836,33690068.53009155,1.1302211345873387,1.0648343563085656
18129.5,151.93155145089557,477.3070458866332,92139.90883711998,342.51448959089896,1076.0410042468259,21039502.564198736,1.0669994568550032,1.1038200543748908
