Area [-],Diameter [-],Perimeter [-],Area [mym^2],Diameter [mym],Perimeter [mym],Volume [mym^3] ,Irregularity [-],Diameter Ratio [-]
1208.0,39.21827851958926,123.20785568358001,6139.44178688,88.41368709456204,277.7597898530628,361873.79005365813,1.1487831128912,1.0770523491098596
52520.0,258.59338910631635,812.3950914832902,266923.4127871999,582.9729364012795,1831.4634942399293,103739417.16453649,1.0699653814031882,1.1154804559347704
23065.0,171.3688130883695,538.371004252824,117223.69603839997,386.3338522264202,1213.7035919875666,30191654.708489347,1.0565998226881446,1.0211893100394995
29238.0,192.94293925657576,606.1481205304801,148596.85344767998,434.9705622600244,1366.5003229239144,43090171.2628052,1.0563400753608907,1.0469416542441088
16153.0,143.4107330924261,450.5381055290925,82094.70462208,323.30515668356543,1015.6931051047861,17694427.5604884,1.0582000534145968,1.0023876191881682
18751.0,154.51380101249543,485.4194221390908,95298.57031936,348.3359130025697,1094.3295452703665,22130609.66668924,1.0725102626926246,1.135335891922868
22856.0,170.59062997265377,535.9262698933438,116161.49129215999,384.5795162103507,1208.1921828475545,29782220.082274508,1.0624350697722467,1.0844675351140687
24646.0,177.14474821327,556.5166396088226,125258.84294655999,399.35512037199584,1254.6111123341298,33348506.868386924,1.0601916251279664,1.0499887909522945
37245.0,217.76548588713763,684.1304506684434,189290.98456319998,490.93051138396305,1542.3036879869387,61952479.90132376,1.0583342183702653,1.0469978705356764
