Area [-],Diameter [-],Perimeter [-],Area [mym^2],Diameter [mym],Perimeter [mym],Volume [mym^3] ,Irregularity [-],Diameter Ratio [-]
32731.5,204.14465498390837,641.3393483670694,166351.93613184002,460.223710195723,1445.8354269587214,51039403.49655824,1.106075310704112,1.2359206508175333
43946.5,236.54686988566098,743.1339086624532,223350.14775423994,533.2712634702341,1675.3210836886344,79404143.65944467,1.1579101785307777,1.3620517873256923
17700.5,150.1232046073649,471.62595672785494,89959.59383167997,338.4377524668434,1063.233556847276,20297148.499482583,1.1094119739726314,1.1587034340229132
