Area [-],Diameter [-],Perimeter [-],Area [mym^2],Diameter [mym],Perimeter [mym],Volume [mym^3] ,Irregularity [-],Diameter Ratio [-]
15180.5,139.02666258258571,436.76514182255823,77152.14904447999,313.4217081261812,984.6433357247753,16120772.226084426,1.0611821429834336,1.083344275233559
40566.0,227.26688137897833,713.9799649444612,206169.36715775996,512.3504573807687,1609.5964329707933,70420646.37412131,1.0860406275140844,1.194545459904401
