Area [-],Diameter [-],Perimeter [-],Area [mym^2],Diameter [mym],Perimeter [mym],Volume [mym^3] ,Irregularity [-],Diameter Ratio [-]
19655.5,158.19658615640853,496.9892328919578,99895.52818047999,356.6383838310074,1120.4125266316296,23751053.148154154,1.0606753395138497,1.0619698192089864
22468.5,169.1383537547945,531.363809596334,114192.09254016004,381.30550470480875,1197.9065723539754,29028048.986215964,1.0622814754105494,1.0760421628783938
24912.5,178.0999162218072,559.5173884073871,126613.28105599999,401.50845113044215,1261.3760004256135,33890868.246225275,1.0566740120678877,1.0322730729068326
49606.5,251.31843839222154,789.5401597646622,252116.07533183994,566.5722875114242,1779.9393361734542,95227987.67944206,1.0628137255567922,1.0215462107751425
25141.5,178.91660631131782,562.0830959928533,127777.13218944,403.3495972682349,1267.1601316062884,34359236.53913376,1.05749320837323,1.0394176903275827
39098.0,223.1168297552997,700.9421932514941,198708.52233727998,502.99458100034764,1580.2040804661683,66632873.28949225,1.0671902376164881,1.0799971058202262
23325.5,172.3338301109798,541.4026946416456,118547.64023168001,388.5093866021928,1220.5382348001258,30704580.659698293,1.0606835297564279,1.0720467570823393
21788.5,166.55923817207525,523.2612790289043,110736.11537536,375.49114653512646,1179.640227442762,27720287.283426646,1.0567248811013958,1.002646276680669
