Area [-],Diameter [-],Perimeter [-],Area [mym^2],Diameter [mym],Perimeter [mym],Volume [mym^3] ,Irregularity [-],Diameter Ratio [-]
17185.5,147.92314962860323,464.7142801690836,87342.19936128,333.4779485227231,1047.6518732131822,19417798.308308236,1.066957776392499,1.115923114339145
17601.0,149.700665418974,470.2985107177523,89453.90305536,337.485180120535,1060.2409625621008,20126244.39008203,1.0719405212576398,1.0687995243855515
1144.5,38.1735858801527,119.92585696226678,5816.714507519999,86.05853200821625,270.3608519357342,333718.60775204375,1.1477058634732156,1.3098062140920357
27025.0,185.49743582181335,582.757381637553,137349.68070399997,418.185419316696,1313.7682411636995,38291755.87881103,1.062409499915072,1.09454328705419
32973.5,204.89793588107443,643.7058500996959,167581.85741696,461.9219066502942,1451.1704684647545,51606487.39869327,1.3042232558200362,1.5064227050641614
12286.0,125.07206341392234,392.9254755904951,62441.37565696,281.9624597603465,885.8111921712123,11737415.91403751,1.0837876045632078,1.1913131992305017
