Area [-],Diameter [-],Perimeter [-],Area [mym^2],Diameter [mym],Perimeter [mym],Volume [mym^3] ,Irregularity [-],Diameter Ratio [-]
47074.0,244.81927687349918,769.1224416829506,239245.10155263997,551.9205777836165,1733.9096325300436,88029529.78722204,1.0667548201054757,1.092371970196197
