Area [-],Diameter [-],Perimeter [-],Area [mym^2],Diameter [mym],Perimeter [mym],Volume [mym^3] ,Irregularity [-],Diameter Ratio [-]
49600.0,251.3019725725687,789.4884308666055,252083.04025600004,566.5351669675989,1779.8227185456756,95209271.53408861,1.0719144554430409,1.1588165729216717
