Area [-],Diameter [-],Perimeter [-],Area [mym^2],Diameter [mym],Perimeter [mym],Volume [mym^3] ,Irregularity [-],Diameter Ratio [-]
18530.5,153.60262166940686,482.55686780874095,94177.91890048001,346.28175029151083,1087.8762027880257,21741396.397113454,1.07954781626537,1.1009416821705504
17999.5,151.38584869617293,475.59267012135285,91479.20732032001,341.28425730065226,1072.176115521578,20813608.885845203,1.0572094758247412,1.0275959950094182
35946.5,213.93575038974325,672.0989817646371,182691.59287423998,482.29675567863717,1515.1799444901978,58741041.688672245,1.0677800580667924,1.126506437381091
1503.0,43.74561733176193,137.4309100362136,7638.725998080001,98.62011971272409,309.8242435856399,502221.3815888983,1.2542122512013707,1.389796728848492
16430.0,144.63514690419726,454.3847149651066,83502.50708479997,326.06547518082226,1024.3649014173363,18151523.100930184,1.060936118149519,1.0420080215785614
31741.0,201.0320780110448,631.5608994153886,161317.89880576,453.2067166680994,1423.7908916420517,48740236.83837014,1.0692066503865874,1.0971850059757577
16987.5,147.06854444845973,462.02945881342504,86335.90012799998,331.5513266046076,1041.5992119489854,19083188.147360872,1.0652430304733327,1.0983226742794308
