Area [-],Diameter [-],Perimeter [-],Area [mym^2],Diameter [mym],Perimeter [mym],Volume [mym^3] ,Irregularity [-],Diameter Ratio [-]
12741.0,127.3669699705175,400.13513716936956,64753.830965759975,287.13609710153463,902.0646532346267,12395441.530587213,1.0623975594614667,0.9993110506634245
10801.5,117.27274594916271,368.42319714019175,54896.67256704,264.3796784677924,830.5732556328483,9675709.761483809,1.077730626401195,1.1039689427624928
