Area [-],Diameter [-],Perimeter [-],Area [mym^2],Diameter [mym],Perimeter [mym],Volume [mym^3] ,Irregularity [-],Diameter Ratio [-]
15280.5,139.48382294490517,438.20135345833353,77660.38098048,314.4523304469942,987.881131236467,16280325.188475573,1.066966682265407,1.0966165314647216
12709.0,127.20692345167059,399.6323362015275,64591.19674623999,286.7752882294462,900.9311387327235,12348772.709325226,1.0678801705400278,1.1006251650011316
