Area [-],Diameter [-],Perimeter [-],Area [mym^2],Diameter [mym],Perimeter [mym],Volume [mym^3] ,Irregularity [-],Diameter Ratio [-]
16286.0,143.9999278664988,452.3891155028528,82770.65309695998,324.6334373822349,1019.8660219896312,17913414.41949243,1.0774921905205832,1.1254102198492713
14436.0,135.5746512730046,425.92032845226936,73368.36228095999,305.6394938298616,960.194788462796,14949512.74045235,1.0607356697903847,1.0400174271226443
16046.0,142.93495630817685,449.04340867894643,81550.89645056002,322.2325655011539,1012.3234605258168,17518903.054788597,1.0687853579051074,1.0552493237973748
32844.5,204.4967389154508,642.4454526598502,166926.23821952002,461.0174482109923,1448.3290284763664,51303938.92228222,1.5052116323723697,1.14017482292202
26195.0,182.62669540441667,573.7386846318963,133131.3556352,411.71362211971694,1293.4364906341468,36541328.430850916,1.0877731580115102,1.0940159013808153
