Area [-],Diameter [-],Perimeter [-],Area [mym^2],Diameter [mym],Perimeter [mym],Volume [mym^3] ,Irregularity [-],Diameter Ratio [-]
27383.0,186.7220352649439,586.604574251682,139169.15103487996,420.94615630128953,1322.441352192992,39055146.13589757,1.1076531338627285,1.053024915046974
13189.0,129.5868679902098,407.10915247975345,67030.71003904,292.140635197129,917.7868733503561,13054929.472346477,1.0773948688768715,1.1112451387473048
20885.0,163.0693346150461,512.2974236524046,106144.23983359999,367.6235079561599,1154.923311881981,26014078.531312,1.0892388967707298,1.0256857255767127
19669.5,158.2529153765209,497.16619635604525,99966.68065151999,356.7653724248287,1120.8114730650684,23776433.368475627,1.0890291778969998,1.0540764354857584
