Area [-],Diameter [-],Perimeter [-],Area [mym^2],Diameter [mym],Perimeter [mym],Volume [mym^3] ,Irregularity [-],Diameter Ratio [-]
20020.5,159.65867438185225,501.58251851991196,101750.57474687997,359.9345155264477,1130.7676297512894,24415695.88403723,1.0885001575011444,1.117423799731669
19035.0,155.679525738081,489.0816543730984,96741.9490176,350.9639228239298,1102.585681618713,22635289.28589968,1.071134319784351,1.0257066097653686
11788.5,122.51360893023462,384.88785377999795,59912.92177536,276.19467997232096,867.6911775616275,11031753.50396817,1.0735675193650447,1.1090082787843853
16911.5,146.73919231339903,460.99476856547426,85949.64385664,330.8088351513268,1039.2666062540052,18955267.71059098,1.0686866222721885,1.036372071832302
