Area [-],Diameter [-],Perimeter [-],Area [mym^2],Diameter [mym],Perimeter [mym],Volume [mym^3] ,Irregularity [-],Diameter Ratio [-]
16314.0,144.12366194629334,452.777837578934,82912.95803903998,324.9123834917237,1020.7423570379488,17959631.212542504,1.069118484751732,1.0257973798901923
17485.0,149.2065462360627,468.7461895227204,88864.35400959998,336.37123783457974,1056.7414096600207,19927608.50505296,1.0788994579543612,1.013071134651325
2532.0,56.77889156429026,178.37614861734576,12868.432619520001,128.00233314253597,402.13118944294433,1098126.2661240508,1.12215967295577,1.1243024524599905
