Area [-],Diameter [-],Perimeter [-],Area [mym^2],Diameter [mym],Perimeter [mym],Volume [mym^3] ,Irregularity [-],Diameter Ratio [-]
11405.5,120.50698580363256,378.5838613069415,57966.39346048001,271.67094879570925,853.479456930369,10498523.406449333,1.075220062549365,1.050393968881228
22476.5,169.16846227131074,531.458398290632,114232.75109504,381.3733813444429,1198.1198131064004,29043553.696929008,1.084561008740768,1.0143990318100957
12215.5,124.71270047077154,391.7965036083202,62083.07214207999,281.15231194130735,883.266037734597,11636532.843443176,1.083150736240967,1.0707701360793098
21586.5,165.78535952376973,520.8300675526176,109709.48686463998,373.7465145103865,1174.159304290621,27335692.216254815,1.0792671560453928,1.0879830332625617
