Area [-],Diameter [-],Perimeter [-],Area [mym^2],Diameter [mym],Perimeter [mym],Volume [mym^3] ,Irregularity [-],Diameter Ratio [-]
17776.0,150.4430328968818,472.6307269326114,90343.30894336001,339.1587733627303,1065.498710796879,20427150.561840106,1.058363882241994,1.0017809739376897
34130.5,208.46175256287057,654.9019104059674,173462.10091648,469.95617497773543,1476.410866819213,54346390.30020726,1.070249928820982,1.0707119238266172
