Area [-],Diameter [-],Perimeter [-],Area [mym^2],Diameter [mym],Perimeter [mym],Volume [mym^3] ,Irregularity [-],Diameter Ratio [-]
16357.5,144.3156812442966,453.3810839948885,83134.03893119998,325.34527179714223,1022.1023157580765,18031510.99444364,1.0726424489768704,1.012480345251871
19173.5,156.24486683081668,490.85772579680923,97445.85024895996,352.2384277833931,1106.5896570363266,22882782.05713975,1.1031949298842993,1.1521230061207868
14289.5,134.88497497680424,423.7536464667713,72623.80249472,304.0846875877075,955.3102205946892,14722524.195358867,1.073406580360072,1.029397230866078
22954.0,170.95596073214566,537.073990323494,116659.55858944,385.40311787454914,1210.7796037852847,29973971.74015921,1.100114171006665,1.0704511221268558
23847.0,174.24965831616262,547.4214464565881,121198.06977792,392.828429707957,1234.1069088917322,31740031.62299714,1.0871458950860897,1.0622508492862333
31729.0,200.9940733327776,631.4415041973422,161256.91097343998,453.1210389214138,1423.5217270624883,48712599.355695374,1.1063302260633492,1.1194359926597277
4740.5,77.6903601601707,244.0714647339374,24092.734926079997,175.1451479450888,550.2347100961885,2813150.4153533927,1.0695087936860386,1.0554720023300743
