Area [-],Diameter [-],Perimeter [-],Area [mym^2],Diameter [mym],Perimeter [mym],Volume [mym^3] ,Irregularity [-],Diameter Ratio [-]
13334.0,130.29726048347547,409.3409163177622,67767.64634624,293.7421440339471,922.8181617467632,13270809.155919215,1.087364041658602,1.1043687675523701
18151.0,152.0216135175783,477.58998421369074,92249.17870336,342.71752551402847,1076.6788604113442,21076940.1706113,1.0752507722164504,1.0222231270904416
16346.5,144.2671487831285,453.22861477142214,83078.13341823999,325.2358602166849,1021.7585891406941,18013325.45831853,1.1046498958497677,1.1341643023142591
11113.5,118.9543932791649,373.70624803805555,56482.35620736001,268.1707842085494,842.4833655769925,10097945.172049573,1.0706013150089189,1.0466790592301574
