Area [-],Diameter [-],Perimeter [-],Area [mym^2],Diameter [mym],Perimeter [mym],Volume [mym^3] ,Irregularity [-],Diameter Ratio [-]
22478.5,169.17598856318043,531.4820428338785,114242.91573375999,381.39034861683393,1198.1731173646956,29047430.305801537,1.0882758210791077,1.0653230569509606
11945.5,123.32673263179353,387.4423572272752,60710.84591488002,278.02778604511536,873.4500501331693,11252868.052426817,1.070031900416141,1.0054592167800034
30695.5,197.69351138926686,621.0724830428909,156004.33391487997,445.6802520759632,1400.1458057718933,46352033.90941763,1.0863197867206824,1.0256914139795799
