Area [-],Diameter [-],Perimeter [-],Area [mym^2],Diameter [mym],Perimeter [mym],Volume [mym^3] ,Irregularity [-],Diameter Ratio [-]
15751.5,141.61720477715946,444.9035701498455,80054.15339904,319.2618264496283,1002.9906085458118,17038823.48603749,1.117420170768611,1.144026209246595
17762.5,150.38589499470464,472.45122291889015,90274.69763200002,339.02996167606216,1065.094036948346,20403884.852330044,1.088362186706617,1.1378716237671247
12904.0,128.1791054940802,402.68653616391344,65582.24902144,288.9669754258544,907.8165271279265,12634069.427567145,1.059427802127568,1.0247488788988828
