Area [-],Diameter [-],Perimeter [-],Area [mym^2],Diameter [mym],Perimeter [mym],Volume [mym^3] ,Irregularity [-],Diameter Ratio [-]
16982.0,147.0447345153594,461.9546577025146,86307.94737152,331.4976494914263,1041.430580324549,19073921.12405907,1.0757775671608163,1.0699486981575068
6868.5,93.516019018206,293.78923834055934,34907.91052416,210.8225132746436,662.318458914957,4906248.953246529,1.0624939069370287,1.0265620907291875
22569.5,169.5180813509292,532.5567590227162,114705.40679551997,382.1615625975348,1200.595957540811,29223998.332907867,1.0960573778658986,1.1288999733507323
