Area [-],Diameter [-],Perimeter [-],Area [mym^2],Diameter [mym],Perimeter [mym],Volume [mym^3] ,Irregularity [-],Diameter Ratio [-]
27260.5,186.3039092699155,585.2909926974258,138546.56691328,420.0035330580975,1319.4800139370768,38793365.06443181,1.0696489754971648,1.0127723132677073
18043.0,151.56866795501153,476.16701376185495,91700.28821247998,341.696405037778,1073.4709158247258,20889105.88208836,1.068745981997846,1.0456276511305769
