Area [-],Diameter [-],Perimeter [-],Area [mym^2],Diameter [mym],Perimeter [mym],Volume [mym^3] ,Irregularity [-],Diameter Ratio [-]
20066.5,159.84198861509495,502.15841716836565,101984.36143744,360.34777913387006,1132.0659356643635,24499892.10024494,1.0882182055599108,1.0550408750798221
18832.5,154.849229013983,486.47320028437247,95712.7793472,349.0921018891233,1096.7051827210892,22275050.21330928,1.0783740331693559,1.0443055880280183
19483.5,157.50289733794597,494.8099451959984,99021.36925056002,355.0745317586654,1115.4995404498588,23439977.547163006,1.0737180282495264,1.0457739866709437
