Area [-],Diameter [-],Perimeter [-],Area [mym^2],Diameter [mym],Perimeter [mym],Volume [mym^3] ,Irregularity [-],Diameter Ratio [-]
39916.0,225.43874925941358,708.2367185078451,202865.85957375995,508.22911633042196,1596.648858204086,68734891.02985567,1.0552296351584387,1.0157969770160873
52033.0,257.39167280859095,808.619788390657,264448.3232588801,580.2637871796875,1822.9524509478974,102299857.04501067,1.0589204886453798,1.0425638739332508
27729.5,187.8996965291155,590.3043062276207,140930.17469311997,423.6010758552379,1330.7820279595483,39798782.413648166,1.0605647021404476,1.0468589713860807
