Area [-],Diameter [-],Perimeter [-],Area [mym^2],Diameter [mym],Perimeter [mym],Volume [mym^3] ,Irregularity [-],Diameter Ratio [-]
32135.5,202.27750589187326,635.4735264963751,163322.87379327998,456.01440928263906,1432.611518133428,49651722.54345706,1.0561708404230203,1.03323401719082
53155.5,260.1531945223236,817.2953647192481,270153.22674048,586.4893617311263,1842.5106702230732,105627995.68041891,1.0587789512779895,1.0494807005435765
