Area [-],Diameter [-],Perimeter [-],Area [mym^2],Diameter [mym],Perimeter [mym],Volume [mym^3] ,Irregularity [-],Diameter Ratio [-]
18198.0,152.21830781837804,478.2079175840862,92488.04771327997,343.1609531457514,1078.071929401564,21158857.73858593,1.0600024886220416,1.0678155537906453
14148.0,134.215472576425,421.6503426441791,71904.65430528003,302.5753613762925,950.5685324570373,14504384.507371662,1.0655833950745683,1.0908835571477553
9525.0,110.12541334134653,345.96918952671365,48409.09190399999,248.26673183673162,779.9529408690232,8012244.692126709,1.3845722318251557,1.334841754866848
