Area [-],Diameter [-],Perimeter [-],Area [mym^2],Diameter [mym],Perimeter [mym],Volume [mym^3] ,Irregularity [-],Diameter Ratio [-]
53598.5,261.23500863874966,820.693983999962,272404.69421696,588.9282034751973,1850.1725175295146,106951204.78893648,1.056831347677879,1.0175473862759719
53052.0,259.89979670497985,816.4992919978454,269627.20668671996,585.9181016917065,1840.7160038799425,105319640.7375469,1.0918795685553961,1.0257001257026486
40163.5,226.1365880501665,710.4290437262645,204123.73361535996,509.8023241002953,1601.5912361764906,69375169.20076005,1.055613037165795,1.0215065239630952
