Area [-],Diameter [-],Perimeter [-],Area [mym^2],Diameter [mym],Perimeter [mym],Volume [mym^3] ,Irregularity [-],Diameter Ratio [-]
52235.0,257.8908056120676,810.1878603392249,265474.95176960004,581.3890321718452,1826.4875123487489,102896150.18346338,1.056447470399352,1.010991936232656
52848.0,259.3996211642644,814.9279441936284,268590.41353727994,584.7905059527176,1837.1735573901158,104712749.21767706,1.164591305794919,1.2696607510220903
59216.5,274.5847583184649,862.633459521018,300957.16438144,619.0238791531472,1944.720871144183,124199780.90288688,1.0556613905897057,1.037930880597005
