Area [-],Diameter [-],Perimeter [-],Area [mym^2],Diameter [mym],Perimeter [mym],Volume [mym^3] ,Irregularity [-],Diameter Ratio [-]
47343.5,245.51907540182935,771.3209235985456,240614.78662015995,553.4982035858841,1738.865890160561,88786568.10030623,1.0571397446623971,1.0426888402907881
34927.5,210.8816592279599,662.504271407385,177512.70944639997,475.41161256351273,1493.5496294608085,56261068.965620875,1.0657747072640251,1.0461664156949206
65467.5,288.7140625167906,907.0219777908136,332726.74270079995,650.8769825378527,2044.79034673161,144376118.86583012,1.0568541731458712,1.0252358247454112
