Area [-],Diameter [-],Perimeter [-],Area [mym^2],Diameter [mym],Perimeter [mym],Volume [mym^3] ,Irregularity [-],Diameter Ratio [-]
25204.5,179.14063220073052,562.7868940812461,128097.31830912,403.8546412333269,1268.7467740167613,34488464.352453955,1.3379700046564733,1.0717708697516681
9355.0,109.1382423396925,342.86790036008045,47545.097612800004,246.04125353060277,772.9613945717654,7798703.610592122,1.066850773997818,1.0172031356668296
1127.5,37.88901670258673,119.03185652458744,5730.3150784,85.41699925431152,268.3454173490299,326310.8791857753,1.189930270375867,1.370670896666818
