Area [-],Diameter [-],Perimeter [-],Area [mym^2],Diameter [mym],Perimeter [mym],Volume [mym^3] ,Irregularity [-],Diameter Ratio [-]
39707.5,224.84919217682656,706.384570308318,201806.19598720004,506.9000188434378,1592.4733753030719,68197043.0324228,1.0702343559013814,1.116022815932284
45111.5,239.66173186873263,752.9195361854172,229271.04980864,540.2934083248708,1697.3818023764045,82582424.62088755,1.1565525012681042,1.357707383621471
17536.5,149.42611979251882,469.4360001946055,89126.09345664,336.8662444602544,1058.2965188387186,20015714.92410131,1.0582935209040951,1.0552694179041358
5409.5,82.99150147602381,260.7254913474629,27492.806577919997,187.09604092754807,587.7795476937202,3429196.8431437886,1.2591458140343745,1.6004341542133924
30053.0,195.61356813351637,614.5381485907415,152738.94372608,440.99122800019927,1385.4148021829676,44904356.238144904,1.0587490762947775,1.058208804098455
22127.0,167.84806047838308,527.3102337181836,112456.48047871998,378.3966675424668,1188.768190894273,28368771.63780141,1.059798714114547,1.0447692233867274
