Area [-],Diameter [-],Perimeter [-],Area [mym^2],Diameter [mym],Perimeter [mym],Volume [mym^3] ,Irregularity [-],Diameter Ratio [-]
1595.0,45.06458780298101,141.57457797889734,8106.2993792,101.59360674304038,319.16572859562615,549032.1275145315,1.6433162305399776,1.7581634520052507
1289.5,40.51965440296835,127.29624859836268,6553.65081472,91.34750888605184,286.97666284014883,399106.450689144,1.2942432229656433,1.6081428425791444
42577.0,232.83195677610286,731.463164928741,216389.91139072008,524.8963633560463,1649.010559015354,75721518.37061737,1.0764074143823046,1.1082767155380866
12095.5,124.09862575123127,389.86733098065724,61473.19381887999,279.76794189357577,878.9169109627937,11465485.944221959,1.1771153702429606,1.1817531824795127
63422.0,284.16790530634086,892.7398036964004,322330.8584499201,640.6281257226149,2012.5926134531653,137662809.1408892,1.1590989038567965,1.0150789197352768
99733.5,356.34903694951157,1119.5035165943832,506877.4978905601,803.3532688989789,2523.8087278103776,271467796.57447773,1.2305011996350645,1.177599575409629
