Area [-],Diameter [-],Perimeter [-],Area [mym^2],Diameter [mym],Perimeter [mym],Volume [mym^3] ,Irregularity [-],Diameter Ratio [-]
44900.0,239.0992587997897,751.152474924184,228196.13926400003,539.0253690382459,1693.3981394690804,82002338.78658704,1.0603240999731376,1.0824775508603652
31281.0,199.57005336187245,626.9678135181815,158980.03190015996,449.91072829900526,1413.4362387953884,47684547.95813337,1.0586737958420553,1.0467865208337939
6575.0,91.49617481968137,287.4437106450784,33416.249792,206.2689765134897,648.0131012782648,4595157.095676635,1.366097682767807,1.1832037943572395
