Area [-],Diameter [-],Perimeter [-],Area [mym^2],Diameter [mym],Perimeter [mym],Volume [mym^3] ,Irregularity [-],Diameter Ratio [-]
24600.0,176.97935698969246,555.9970477558633,125025.05625600001,398.9822623975627,1253.439744460818,33255186.534267623,1.0878523727333835,1.1977210049581795
43367.0,234.98208301172625,738.2179857148661,220404.94368512003,529.7436079416357,1664.2386269955941,77838740.050619,1.0594728673697626,1.0354249218205245
2853.0,60.270659703784716,189.34586175242043,14499.857134079997,135.87417523621227,426.8613107346566,1313437.4194240188,1.1697125400633595,1.187214088616872
2211.0,53.05782348918437,166.68606848908559,11237.00810496,119.61355727401724,375.77707280179453,896065.6750341525,1.6813029633107954,1.8435616506636958
34656.0,210.06044287857196,659.92434415714,176132.85974015997,473.5602624254526,1487.7334414678564,55606348.853530385,1.0603554804480178,1.058767338869996
30635.0,197.49859101513033,620.4601226274685,155696.85359360004,445.2408235845098,1398.7653004513652,46215063.54902089,1.0574370808506195,1.026663694847206
22508.0,169.28696250124827,531.8306777424524,114392.84415487997,381.6405282628141,1198.9590799025846,29104630.31516944,1.0792070286544402,1.145922540209318
49660.0,251.4539237942971,789.9657997084914,252387.9794176,566.8777258018634,1780.8988988628232,95382082.5279844,1.0611396870096017,1.0635495831001138
34777.0,210.42683205155836,661.075389691349,176747.82038271998,474.38625017703316,1490.328358520177,55897823.82554821,1.0567369969869698,1.031237308875282
