Area [-],Diameter [-],Perimeter [-],Area [mym^2],Diameter [mym],Perimeter [mym],Volume [mym^3] ,Irregularity [-],Diameter Ratio [-]
4984.5,79.66468797862964,250.27399850418598,25332.820849919997,179.59607257902266,564.2177022278369,3033116.754662407,1.1642428914293506,1.2877384306200625
3399.0,65.78556994170391,206.67146324107452,17274.803504639996,148.3069888765773,465.92014673067837,1707982.7274718015,1.112710514182998,1.2304469793981287
3102.5,62.85082089790747,197.45167720495394,15767.8958144,141.6908906322426,445.1350610908482,1489444.8008924974,1.1127931280489842,1.2466170728197903
1648.5,45.8141396240933,143.92936447358855,8378.203464960001,103.28339636855594,324.47435926925806,576886.2062185818,1.1033966746267843,1.113193446792996
3000.5,61.80902243182508,194.17877079738838,15249.499239679997,139.34226017030645,437.75662088563234,1416599.793681587,1.1893850011234537,1.2940194716793292
1389.0,42.0538907550436,132.11619425091268,7059.34159104,94.80629131817028,297.84274831925757,446179.9969297426,1.1835606675454342,1.2162170713048734
2189.0,52.793194290791604,165.8547113434895,11125.19707904,119.01697720916059,373.90286125276276,882724.8848023489,1.203952771368588,1.2684642211136747
4145.5,72.65132161701958,228.24085826561802,21068.754906879993,163.78513945340893,514.5461908740093,2300499.3070220225,1.1473187004597096,1.1573648171244149
3155.0,63.38036575817024,199.1152914477017,16034.717580800003,142.884696565219,448.88551303969876,1527410.5040277273,1.2062906071304393,1.276636746262806
