Area [-],Diameter [-],Perimeter [-],Area [mym^2],Diameter [mym],Perimeter [mym],Volume [mym^3] ,Irregularity [-],Diameter Ratio [-]
15162.0,138.94192303719757,436.4989246892983,77058.12613631997,313.2306712950582,984.0431758195541,16091312.385612516,1.2698179417090485,1.5233745069112647
5204.0,81.39986849376224,255.72522886317873,26448.389949439996,183.50786353233758,576.5069559491501,3235658.355661256,1.2577826244455192,1.4714108743497736
8248.5,102.48080983651519,321.95295931632876,41921.51124095999,231.03273769543983,725.8107514827315,6456827.673552762,1.1493341334039446,1.0965737099471935
1140.5,38.10681960975559,119.71610453767963,5796.385230080001,85.908014128233,269.88798606974495,331970.62949226255,1.1468504083100222,1.2716522259011624
1384.0,41.97813156768016,131.87818974444977,7033.92999424,94.63549980617815,297.30619095988754,443772.98707104684,1.0947036150626897,1.1612303561337352
1740.0,47.068426868115985,147.86982406490162,8843.235686399998,106.11106153148067,333.35773137191416,625576.7507046507,1.3005267112027052,1.421150681150316
4088.0,72.14570852710052,226.6524278967695,20776.521543680003,162.64528530349543,510.96523345047717,2252802.182724036,1.2534948253059355,1.4354902442394337
