Area [-],Diameter [-],Perimeter [-],Area [mym^2],Diameter [mym],Perimeter [mym],Volume [mym^3] ,Irregularity [-],Diameter Ratio [-]
1961.0,49.968217370901414,156.97978460540176,9966.428264959997,112.64834924096014,353.8952264144177,748467.7945841268,1.1129501632816048,1.2134494023140323
3105.0,62.87613845015198,197.53121464109216,15780.601612799996,141.7479665220226,445.31437028687816,1491245.4594057,1.2323184174170894,1.3497101615990879
1278.5,40.34645905087466,126.75213935258924,6497.745301759998,90.95705728429182,285.75002295647715,394010.5277539482,1.2224907470158397,1.260923783926219
2055.0,51.151806072031896,160.69813817374518,10444.166284799996,115.3166316087887,362.2778826988911,802924.0506168084,1.1648918914985678,1.320930593135242
162229.0,454.48473913085434,1427.8059176221655,824499.58745344,1024.590395896598,3218.84566068741,563182905.8170012,1.057579631672766,1.007958880174944
3090.5,62.72915441008288,197.06945066061613,15706.90798208,141.41660570209083,444.27336956929304,1480811.7419338867,1.1229364197672103,1.2434409603242242
4594.0,76.48047115776248,240.27048633231266,23348.175139840005,172.41757417805974,541.6657843875657,2683757.146063796,1.1322604560405283,1.3083575860830552
1900.5,49.19137886631332,154.53927446636214,9658.947943680001,110.89704451621675,348.3933403569668,714099.1867267342,1.1102726781020806,1.236416752764086
7807.5,99.70364960983015,313.2282531503333,39680.2084032,224.77190768040109,706.1417739021113,5945997.426628764,1.0656961064523918,1.0647526887866257
