Area [-],Diameter [-],Perimeter [-],Area [mym^2],Diameter [mym],Perimeter [mym],Volume [mym^3] ,Irregularity [-],Diameter Ratio [-]
57352.0,270.2273753150318,848.9443370885557,291481.17993472,609.2005949102077,1913.86011353244,118380338.81424046,1.1410817064073975,0.9960229940788955
4958.0,79.45263785927398,249.6078234070254,25198.139386880004,179.11802678994727,562.715877088798,3008960.670503998,1.0992921316716286,1.0234685492129942
8095.5,101.52591164034682,318.95305815832,41143.91637888,228.88001520199788,719.0477743121168,6278013.47084519,1.4287004560375016,1.1886581625010653
6051.5,87.77818125801444,275.76328938565143,30755.655607040004,197.88713182806777,621.6807595910126,4057432.317045985,1.1239649261705542,1.1443276353714638
