Area [-],Diameter [-],Perimeter [-],Area [mym^2],Diameter [mym],Perimeter [mym],Volume [mym^3] ,Irregularity [-],Diameter Ratio [-]
5599,84.43262528,265.2529153,28455.9061,190.3449104,597.9861722,3610957.931,1.101999786,1.125157481
16743,146.0063344,458.6924277,85093.27304,329.1566804,1034.076209,18672679.52,1.203943303,1.258311194
