Area [-],Diameter [-],Perimeter [-],Area [mym^2],Diameter [mym],Perimeter [mym],Volume [mym^3] ,Irregularity [-],Diameter Ratio [-]
8168.5,101.98263195843289,320.3878873543644,41514.925692159995,229.9096454870911,722.2824532516792,6363121.232204958,1.351493314951028,1.485673948039311
76302.0,311.6901085090484,979.203355088632,387791.1318067198,702.6741806227986,2207.5160437118116,181660543.86338305,1.0901310887480058,1.0555355817152892
