Area [-],Diameter [-],Perimeter [-],Area [mym^2],Diameter [mym],Perimeter [mym],Volume [mym^3] ,Irregularity [-],Diameter Ratio [-]
7403.0,97.08651991741392,305.0062977351467,37624.41022208,218.87185050181793,687.6061976141146,5489949.526230776,1.1451541198620934,1.1650943115854075
84795.5,328.5802547561105,1032.2653144564595,430957.8112908799,740.7513263221755,2327.138924910642,212821713.53508076,1.1250827508246166,1.0026500817331376
