Area [-],Diameter [-],Perimeter [-],Area [mym^2],Diameter [mym],Perimeter [mym],Volume [mym^3] ,Irregularity [-],Diameter Ratio [-]
1131.5,37.956166098116874,119.24281257227794,5750.644355840001,85.56838085159468,268.8209966629434,328048.88425506034,1.0871901326468953,1.1567574613601812
10324.0,114.65131948584727,360.18774302111404,52469.86507264001,258.4699346488941,812.0072478667996,9041255.064241035,1.1095512194401154,1.1183356547683965
1065.0,36.823906842470535,115.68571521278035,5412.6701184,83.01581558566558,260.801876375692,299558.14958342473,1.7749649828549112,1.752030120245031
16523.5,145.04610859113546,455.6757891816986,83977.70394496,326.9919472078558,1027.2754991312213,18306688.623338204,1.1358308731015816,1.024277455972542
