Area [-],Diameter [-],Perimeter [-],Area [mym^2],Diameter [mym],Perimeter [mym],Volume [mym^3] ,Irregularity [-],Diameter Ratio [-]
55594.0,266.0535270392156,835.8318060080531,282546.46249984,599.7910713572077,1884.299223464555,112979230.30064541,1.2089626763027204,1.039320988244895
4131.5,72.52854044494019,227.8551298374143,20997.602435840003,163.50834157907317,513.6766047054668,2288855.4342806046,1.0826766645520998,1.0268680585493437
