Area [-],Diameter [-],Perimeter [-],Area [mym^2],Diameter [mym],Perimeter [mym],Volume [mym^3] ,Irregularity [-],Diameter Ratio [-]
26576.5,183.95176204824475,577.9015042656634,135070.26047104003,414.70085236156297,1302.8211512165117,37342501.43069242,1.2701075013730638,1.1735208658805092
74891.5,308.79575671393775,970.1104807522079,380622.52034943993,696.1491539359013,2187.0170678077775,176646697.00680867,1.0972690567882764,1.0110204406425802
