Area [-],Diameter [-],Perimeter [-],Area [mym^2],Diameter [mym],Perimeter [mym],Volume [mym^3] ,Irregularity [-],Diameter Ratio [-]
65326.5,288.40298736168046,906.0447063688052,332010.13567104,650.1756947081724,2042.5871860378345,143909947.073382,1.1527822025265984,1.0183998678233144
10851.0,117.54115151691025,369.26641810001,55148.24737536,264.98477197972244,832.4742129646625,9742297.17056073,1.1793777954561029,1.2846003825426373
10706.0,116.75316940423781,366.79089928367813,54411.31106815999,263.2083451049137,826.8934033451238,9547674.094159376,1.181336844767296,1.1221382641778943
7456.5,97.43670081297776,306.1064234640776,37896.31430784,219.66129831277706,690.0863210574164,5549569.068086135,1.1166251460688676,1.1926939732450488
