Area [-],Diameter [-],Perimeter [-],Area [mym^2],Diameter [mym],Perimeter [mym],Volume [mym^3] ,Irregularity [-],Diameter Ratio [-]
45135,239.7241474,753.1156204,229390.4843,540.4341179,1697.823855,82646962.7,1.119095388,1.016928566
88689,336.0391971,1055.698273,450745.8217,757.5667659,2379.966186,227646702.9,1.133520825,1.037483619
