Area [-],Diameter [-],Perimeter [-],Area [mym^2],Diameter [mym],Perimeter [mym],Volume [mym^3] ,Irregularity [-],Diameter Ratio [-]
3897.5,70.44466711969967,221.30844870782695,19808.3397056,158.81045755465095,498.91776676692507,2097180.9946961976,1.1561465745707362,1.2599653976185405
8034.5,101.14268694361775,317.7491222664018,40833.89489791999,228.01607344569183,716.3336212373762,6207189.585411857,1.0767906240623881,1.0927359224306947
78926.0,317.00426544096763,995.8982714659727,401127.13780736004,714.6544160101174,2245.1530631928886,191111520.27701917,1.1685617988397952,1.021575948370874
4844.5,78.5379460800287,246.73423443304947,24621.29613952,177.0559456428167,556.2376581058667,2906231.247289697,1.0747544369422797,1.0942154159198483
56412.5,268.0048988682341,841.9622214105196,286706.34089600004,604.1902440085469,1898.1196319478754,115483449.37650125,1.1861259297216025,1.0420592262247057
