Area [-],Diameter [-],Perimeter [-],Area [mym^2],Diameter [mym],Perimeter [mym],Volume [mym^3] ,Irregularity [-],Diameter Ratio [-]
100934.5,358.4882101660685,1126.2239274562746,512981.36344192,808.1758209983848,2538.9592220574254,276386089.70436305,1.1107754400705863,1.0577575294316228
