Area [-],Diameter [-],Perimeter [-],Area [mym^2],Diameter [mym],Perimeter [mym],Volume [mym^3] ,Irregularity [-],Diameter Ratio [-]
48233.5,247.81605997389167,778.5371134555456,245138.05085056,558.6765256051414,1755.134068574182,91301916.36187156,1.1627913922302373,1.0240942519633875
1194.0,38.990357992890814,122.49182223130185,6068.289315840002,87.89986305917306,276.1455640382469,355601.1999105194,1.0862261686708152,1.1274970475342312
8462.0,103.79861765721617,326.0929746846861,43006.586424320005,234.00360364642813,735.1440021291563,6709130.80254829,1.0673298643254974,1.0212082048149587
8095.0,101.52277633433367,318.9432083039824,41141.37521919999,228.87294696812182,719.0255688004978,6277431.859159707,1.1786005321917106,1.2834968999671132
95942.0,349.5098688177216,1098.0176362348866,487607.88403711986,787.9350482626716,2475.370959127928,256135561.09469816,1.1625086202051704,1.0185692358394125
10045.5,113.0943316291187,355.2963214086871,51054.439130880004,254.9598612246852,800.9800269837442,8677888.477142202,1.1786688097722404,1.205692293743747
