Area [-],Diameter [-],Perimeter [-],Area [mym^2],Diameter [mym],Perimeter [mym],Volume [mym^3] ,Irregularity [-],Diameter Ratio [-]
81770.0,322.66514775072045,1013.6824577431286,415581.25406719994,727.4163090892241,2285.245732736109,201533721.30682245,1.0959209709013615,1.0096477400116228
98699.0,354.4960787171218,1113.682276624099,501619.83851264,799.1759598598794,2510.6853244213685,267255010.61873117,1.1195276599777595,1.0066665498074123
