Area [-],Diameter [-],Perimeter [-],Area [mym^2],Diameter [mym],Perimeter [mym],Volume [mym^3] ,Irregularity [-],Diameter Ratio [-]
16887.5,146.6350326890374,460.66754145477904,85827.66819200001,330.5740176941659,1038.5289054556538,18914931.402367473,1.2411806530529137,1.1428588521338412
4214.5,73.25345084899648,230.13250303730834,21419.43494272,165.14257959397767,518.810714847308,2358173.8265907764,1.1385055862202154,1.1663889634044864
6257.0,89.2561473031853,280.40645665541535,31800.072235519994,201.21905848030093,632.1483158839684,4265853.729891261,1.226457618515624,1.096892899393694
4556.0,76.16350415923235,239.2747051383,23155.04700416001,171.7030037765734,539.4208952637836,2650527.415468014,1.0856329318812183,1.0958766403290994
101774.5,359.9768298733251,1130.9005641925808,517250.51170432,811.531765266424,2549.5022319157542,279843480.56557864,1.142106862570313,1.0001803398667986
