Area [-],Diameter [-],Perimeter [-],Area [mym^2],Diameter [mym],Perimeter [mym],Volume [mym^3] ,Irregularity [-],Diameter Ratio [-]
84841.5,328.6693670463499,1032.5452689728202,431191.5979814399,740.9522210692912,2327.770054372326,212994914.82050982,1.0678035197333264,1.029858033706572
