Area [-],Diameter [-],Perimeter [-],Area [mym^2],Diameter [mym],Perimeter [mym],Volume [mym^3] ,Irregularity [-],Diameter Ratio [-]
116121.0,384.51248246863435,1207.9815901370357,590164.00640256,866.8449404772892,2723.2736968049335,341053788.6679104,1.1320122145049618,1.0152479739865716
1518.0,43.963366896860585,138.11499047024992,7714.960788479999,99.1110143322825,311.3664345161314,509758.39285335905,1.4128595483313706,1.8449675383720034
