Area [-],Diameter [-],Perimeter [-],Area [mym^2],Diameter [mym],Perimeter [mym],Volume [mym^3] ,Irregularity [-],Diameter Ratio [-]
67145.5,292.3906733311014,918.5723913151613,341254.87458688,659.165533957635,2070.8295989808994,149962301.08180434,1.1205438449962992,1.0033167962940215
9237.0,108.44774628695009,340.6986430334522,46945.38392831999,244.48459922930027,768.0710208546145,7651615.583587297,1.1139011612602723,1.0325922265676695
