Area [-],Diameter [-],Perimeter [-],Area [mym^2],Diameter [mym],Perimeter [mym],Volume [mym^3] ,Irregularity [-],Diameter Ratio [-]
104585.0,364.91335654662873,1146.4091201236818,531534.3702655999,822.6606709987198,2584.464720406828,291514947.8010536,1.0961883858741948,1.0424457407301566
69936.5,298.4056256513451,937.4689213361316,355439.62792064,672.7256424683924,2113.429936260175,159408901.36775926,1.0944223404271205,1.037254925749185
