Area [-],Diameter [-],Perimeter [-],Area [mym^2],Diameter [mym],Perimeter [mym],Volume [mym^3] ,Irregularity [-],Diameter Ratio [-]
84453.0,327.91599422949577,1030.178478465977,429217.1169100799,739.2538173909752,2322.434361853698,211533594.77688336,1.0964539674408957,1.0090839764255124
10262.5,114.30932082662642,359.1133225457683,52157.30243200001,257.6989328715466,809.5850743471801,8960587.452123284,1.0755171465660829,1.132020926002641
