Area [-],Diameter [-],Perimeter [-],Area [mym^2],Diameter [mym],Perimeter [mym],Volume [mym^3] ,Irregularity [-],Diameter Ratio [-]
55484.0,265.7901858611145,835.0044952975429,281987.4073702401,599.1973950052965,1882.4341341987808,112644079.94703011,1.0719612811286046,0.9964900262551734
73027.0,304.9276377001185,957.9584264751824,371146.53590272,687.4288664311472,2159.621476645651,170091228.30363595,1.1152589480251975,1.0311575515123426
86000.0,330.90572803628527,1039.571004229576,437079.46496,745.9938732850015,2343.608871935156,217372401.999231,1.1384920078291019,1.0017735767624552
