Area [-],Diameter [-],Perimeter [-],Area [mym^2],Diameter [mym],Perimeter [mym],Volume [mym^3] ,Irregularity [-],Diameter Ratio [-]
48981.5,249.730219958349,784.5506244005123,248939.62573184006,562.991807874102,1768.6909276485153,93433979.96151398,1.0889108555010514,1.0106723019018728
7564.0,98.13655749198038,308.30508806539797,38442.663639039994,221.23905520992056,695.0429905346331,5670012.388835984,1.182189949766534,1.0567541551807533
7537.0,97.96124973002806,307.75434248833125,38305.44101632001,220.84384139137526,693.801389705694,5639680.493489903,1.2288726870644948,1.2181580303322797
