Area [-],Diameter [-],Perimeter [-],Area [mym^2],Diameter [mym],Perimeter [mym],Volume [mym^3] ,Irregularity [-],Diameter Ratio [-]
8742.0,105.50194358434726,331.44413090403015,44429.63584511999,237.84358161655246,747.2076487100455,7044869.146215002,1.1918127251440764,1.246978783832121
7935.0,100.51445561447127,315.77547533800026,40328.2041216,226.59978873726405,711.8842316019878,6092241.689405214,1.1607426170901705,1.1959290797082525
7849.0,99.96828090262578,314.05961687569,39891.12465664001,225.36849246687956,708.0160002845555,5993468.417783551,1.112408154249727,1.066655395841584
13455.5,130.88955150883504,411.20165345181897,68385.14814847999,295.0774049215177,927.0130075417807,13452608.033884672,1.1556449115105725,1.2105191254263477
3479.5,66.56002551010629,209.10448716529913,17683.930213120002,150.0529215099836,471.40515586545035,1769016.928171549,1.0930004405457197,1.1086270549122348
7992.0,100.87482560839162,316.90761106347463,40617.896325120004,227.41220685155807,714.4365183814972,6158003.6273088865,1.1000597643730066,1.1027687730323235
57184.0,269.83129938192036,847.7000278468291,290627.35028223996,608.3076813266013,1911.0549427778915,117860566.38685556,1.1187298461668687,1.0228613234721464
59160.5,274.4548926259188,862.2254744153619,300672.55449728,618.7311099358712,1943.8011095219917,124023642.24757051,1.1183232752079577,1.0517901231440423
