Area [-],Diameter [-],Perimeter [-],Area [mym^2],Diameter [mym],Perimeter [mym],Volume [mym^3] ,Irregularity [-],Diameter Ratio [-]
14640.0,136.52921641510576,428.9191832900673,74405.1554304,307.7914654862144,966.9554068091276,15267514.553101584,1.144371076781678,1.156149536724014
2565.5,57.15326807819532,179.55228712310645,13038.69031808,128.84632755548353,404.78267609033117,1119991.5757452317,1.0919716952884637,1.0336342744460598
6319.5,89.70082108294139,281.8034405351411,32117.717195520003,202.22153104938306,635.297676342422,4329929.296726101,1.0734163533752683,1.0702243172471533
6254.0,89.23474722760024,280.3392263351711,31784.825277440006,201.170814149902,631.9967518500097,4262786.11911666,1.101290982922326,1.121645836677913
2893.5,60.69694080175041,190.68506331815365,14705.69106816,136.83518334346613,429.8804067444456,1341503.9556693642,1.0936949804180292,1.114112782565693
11178.5,119.30175292434733,374.79751054751415,56812.70696576,268.9538717926486,844.943507778316,10186665.003641551,1.1541583645358067,1.2058442202006718
