Area [-],Diameter [-],Perimeter [-],Area [mym^2],Diameter [mym],Perimeter [mym],Volume [mym^3] ,Irregularity [-],Diameter Ratio [-]
2481.0,56.2041574128457,176.57056802940036,12609.234332159998,126.70665247151935,398.0606885654802,1065115.9149712983,1.1062890927931177,1.0293589393504443
1099.0,37.40708836121763,117.51783398778556,5585.46897664,84.33054000152903,264.9322049420638,314017.0766412259,1.2484120233507852,1.2702828266356556
3390.0,65.69841745926763,206.3976656425106,17229.0626304,148.11051232017294,465.3028974244759,1701203.5286565935,1.4199686176552464,1.2240843179626864
1504.0,43.760167678857044,137.4766212997548,7643.808317440001,98.65292201521532,309.9272950581672,502722.68389310845,1.2949429767093747,1.46573619145935
3751.5,69.11264827854568,217.12378810201437,19066.32107904,155.80755427915338,489.4838678971812,1980451.2376175274,1.4008104700053041,1.24688463123404
2983.0,61.628512572874826,193.61168235060975,15160.558650879997,138.935318744289,436.47817669121457,1404224.6990010003,1.255797584637966,1.1904994995968596
7332.5,96.6231285033277,303.55051067291686,37266.106707199986,217.82718089790197,684.3242712610237,5411713.978046513,1.4452876926965164,1.4083643172614038
1037.0,36.33661249883324,114.15483488267357,5270.365176320002,81.91725921736966,257.3506597594993,287822.58021253586,1.2356359929983374,1.3485021478425756
