Area [-],Diameter [-],Perimeter [-],Area [mym^2],Diameter [mym],Perimeter [mym],Volume [mym^3] ,Irregularity [-],Diameter Ratio [-]
1151.0,38.28183271462029,120.26592442220452,5849.749583360001,86.30256367183999,271.1275000174179,336565.59058816393,1.0828120791913238,1.123248208113552
41187.5,229.00120905527882,719.4285160312444,209328.02864,516.2603256942206,1621.8796465408373,72045170.82841036,1.068579532899174,1.0305622445121316
2337.0,54.54870132318528,171.3697993397827,11877.380344320001,122.97459226298889,386.3360756316061,973744.0033301272,1.1978727828715667,1.2604480821986948
1589.0,44.97974695998382,141.30804260981301,8075.80546304,101.40234154658752,318.56485125956243,545937.055884653,1.1700543752895283,1.3621299606313433
