Area [-],Diameter [-],Perimeter [-],Area [mym^2],Diameter [mym],Perimeter [mym],Volume [mym^3] ,Irregularity [-],Diameter Ratio [-]
11804.5,122.59672183964068,385.1489606856065,59994.238885119994,276.3820497152859,868.2798169696312,11054220.476118648,1.0547413531511356,1.0032894693618872
15450.0,140.25530637433388,440.625040132593,78521.83411200001,316.1915626902983,993.3450904749177,16551960.955454437,1.0638511311003516,1.0409337015033842
2275.5,53.826170066658676,169.09990045228972,11564.817703679997,121.34571779827532,381.21881557964196,935560.7369728343,1.21083635478041,1.4303725840230106
25025.0,178.50159553067712,560.7793011732319,127185.041984,402.4139969643585,1264.220856564934,34120694.065907456,1.1966706009110426,1.009033330558034
11361.0,120.27166943106836,377.84459311962445,57740.23024896,271.1404515654005,851.8128507288814,10437141.402128806,1.071232603844754,1.122936007661138
16068.5,143.03513423133828,449.3581269064023,81665.24863615999,322.458406611129,1013.0329612977933,17555763.967145216,1.0633623526888487,1.0183791712968484
17857.5,150.78751662557536,473.71295448395637,90757.51797119998,339.93537748069707,1067.9384845886311,20567794.08716734,1.057906942566794,1.044747301365788
