Area [-],Diameter [-],Perimeter [-],Area [mym^2],Diameter [mym],Perimeter [mym],Volume [mym^3] ,Irregularity [-],Diameter Ratio [-]
1297.0,40.63731892634535,127.66590260059202,6591.768209919999,91.61277178755296,287.81001082277464,402593.437794565,1.0956899765928938,1.1175907947323802
1416.5,42.468150596857384,133.41762992663215,7199.105373440001,95.74019870555529,300.7767049065995,459495.85263691767,1.1412811478670013,1.1498203052415865
5049.0,80.17846631962873,251.88808076584226,25660.630448640008,180.754334470971,567.8564892785148,3092180.1192329726,1.218872016302949,1.257840982667537
18611.0,153.93589953960094,483.60389111734673,94587.04560895998,347.0330919220763,1090.2366121349464,21883223.262301225,1.0550272658981779,1.0289471605519411
