Area [-],Diameter [-],Perimeter [-],Area [mym^2],Diameter [mym],Perimeter [mym],Volume [mym^3] ,Irregularity [-],Diameter Ratio [-]
1778.0,47.579616544683496,149.47577379739704,9036.36382208,107.26348753833447,336.9781844488519,646181.265481023,1.086246466141391,1.12841161801761
2777.0,59.4624773763215,186.8068820897009,14113.600862719995,134.05220899717918,421.13743498302165,1261306.2483680726,1.2668259283452645,1.4443359994633227
21816.0,166.66431504056982,523.591387747029,110875.87915775998,375.7280318274606,1180.384424536902,27772783.902056348,1.0657438101851184,1.0267335421361343
