Area [-],Diameter [-],Perimeter [-],Area [mym^2],Diameter [mym],Perimeter [mym],Volume [mym^3] ,Irregularity [-],Diameter Ratio [-]
1895.0,49.120147976905905,154.31549602749112,9630.9951872,110.73646159913667,347.88885424437603,711001.552472562,1.1299418110940014,1.2382096474093087
1724.0,46.85152052093316,147.18839267807505,8761.918576639999,105.6220678623917,331.8215124534523,616967.972337747,1.1349660099977277,1.0748174240028028
1044.5,36.46777624802309,114.56689795354569,5308.482571519999,82.21295477354326,258.27961474647344,290950.6917123442,1.202631362640278,1.4478795947845053
1625.0,45.4864184146723,142.89979792964598,8258.76896,102.54458167403723,322.1533044525939,564594.672097149,1.2853848782694806,1.4559104435878505
1791.5,47.75990624355374,150.04217059088575,9104.97513344,107.66993263546756,338.2550693800928,653554.7061767279,1.1127092927642845,1.1097174213392331
22368.5,168.76154406857177,530.1800270542952,113683.86060416001,380.4560249481882,1195.237852991203,28834473.137481768,1.0680464979382414,1.0043398405496504
2747.0,59.1404179000072,185.79510240489293,13961.131281919997,133.32615811377622,418.8564788615906,1240922.664493635,1.2574193897398211,1.2932045832711976
1294.5,40.59813531013054,127.54280363975047,6579.062411519998,91.52443624315828,287.53249652545344,401429.9854819475,1.246274293702782,1.29543682454307
2365.0,54.87450704378728,172.39334819812348,12019.685286400001,123.70908867951405,388.6435641778496,991296.2086634054,1.1455211640414036,1.1771262559300584
