Area [-],Diameter [-],Perimeter [-],Area [mym^2],Diameter [mym],Perimeter [mym],Volume [mym^3] ,Irregularity [-],Diameter Ratio [-]
11960.0,123.40155977552531,387.67743363231205,60784.53954560001,278.1964763579443,873.9800063806844,11273363.145750694,1.0952850878527571,1.0754901585308794
20523.0,161.6499154859035,507.8381869439254,104304.44022528,364.4235694714209,1144.8704086463854,25340664.279076666,1.055202540794956,1.0125596124764045
24160.5,175.39128832577148,551.0079829078929,122791.37689728003,395.40212040161924,1242.1923966675538,32367980.52814595,1.8827647177899394,1.2426965285571452
