Area [-],Diameter [-],Perimeter [-],Area [mym^2],Diameter [mym],Perimeter [mym],Volume [mym^3] ,Irregularity [-],Diameter Ratio [-]
10516,115.712519,363.5215996,53445.67039,260.8623028,819.5230942,9294640.436,1.084758214,1.166715996
8938,106.6780908,335.1391063,45425.77044,240.4950878,755.5376012,7283116.435,1.098621136,1.057302962
4320.5,74.1689386,233.0085926,21958.16079,167.2064552,525.2945712,2447697.486,1.083008499,1.085338923
7401.5,97.07668356,304.9753959,37616.78674,218.8496754,687.5365325,5488281.046,1.317776435,1.088262562
