Area [-],Diameter [-],Perimeter [-],Area [mym^2],Diameter [mym],Perimeter [mym],Volume [mym^3] ,Irregularity [-],Diameter Ratio [-]
3400.5,65.80008413271158,206.717060916917,17282.42698368,148.33970966878496,466.02294213109764,1709113.467420711,1.1499915317147613,1.2260977886254218
5134.0,80.85055239557937,253.9995014446288,26092.627594239995,182.26948532059413,572.6164760567711,3170593.201509371,1.0685901045996942,1.1029761546706909
6135.0,88.38169837104412,277.6592943142612,31180.0292736,199.24770080768187,625.9551131020704,4141699.42925401,1.3404590209328566,1.4260673432077056
7099.5,95.07557072059724,298.68871451168513,36081.926296319994,214.3383666325144,673.363837995143,5155827.431538665,1.110678906203845,1.212847297932341
4500.0,75.6939756606048,237.79963785636068,22870.437120000002,170.64449872926747,536.0955035833795,2601809.5187077546,1.0792775133644081,1.0568872793616029
6653.0,92.03728967719029,289.1436731061767,33812.670702079995,207.48886584825777,651.8454966505648,4677168.463516795,1.086625560345663,1.1459406200329114
23216.5,171.9307008371219,540.1362266764467,117993.66742144,387.6005719672076,1217.6831094193813,30489608.654039074,1.1115696872402019,1.0771303295993568
