Area [-],Diameter [-],Perimeter [-],Area [mym^2],Diameter [mym],Perimeter [mym],Volume [mym^3] ,Irregularity [-],Diameter Ratio [-]
5475.5,83.49624618626507,262.31119362109513,27828.23965568,188.23393740231597,591.3543548993969,3492146.080909278,1.0756280422713318,1.078993644149387
14618.5,136.4289275949605,428.6041166694617,74295.88556415998,307.5653743700789,966.2451206196343,15233894.57179827,1.1117877504876506,1.2003323520080302
13183.0,129.55738851275,407.01653996993406,67000.21612287998,292.0741766631436,917.5780877082193,13046021.973561898,1.2793105958070825,1.2954810510801993
8078.5,101.41925686053419,318.61799228559045,41057.51694975999,228.63957266638826,718.2924018086351,6258248.753424078,1.0951008295230888,1.178548335275793
