Area [-],Diameter [-],Perimeter [-],Area [mym^2],Diameter [mym],Perimeter [mym],Volume [mym^3] ,Irregularity [-],Diameter Ratio [-]
7368.0,96.85674455405096,304.2844371416297,37446.529044480005,218.35384492265248,685.97883509209,5451062.39724666,1.1146198321985739,1.1208221930501898
15869.5,142.14666705615952,446.566924955905,80653.86708352,320.455446211406,1006.7404756205922,17230647.30994989,1.1750583688054717,1.1590554885729194
6805.0,93.08273256583512,292.42802880489097,34585.18324479999,209.84571229641867,659.2497481377462,4838368.275271479,1.2829189794174958,1.3371411513863196
