Area [-],Diameter [-],Perimeter [-],Area [mym^2],Diameter [mym],Perimeter [mym],Volume [mym^3] ,Irregularity [-],Diameter Ratio [-]
5491.5,83.6181497039557,262.69416481671874,27909.556765439993,188.5087566925977,592.2177251628107,3507463.8971297145,1.0753661837328206,1.1124429829946318
5912.0,86.76054511397611,272.56629115151316,30046.67205632001,195.59297290494774,614.4734467719713,3917945.2755970997,1.1051269108839392,1.1879898640327458
5490.0,83.60672879975657,262.6582849879894,27901.9332864,188.4830094061712,592.1368376769233,3506026.9027139284,1.0745892934853825,1.0402767528538002
4200.5,73.13168060191185,229.74995052364144,21348.28247168,164.86806074895009,517.9482884604973,2346433.2876177896,1.0833275126797812,1.0787182858488058
6308.0,89.61916674567671,281.54691586905665,32059.27052287999,202.03744951145356,634.7193671352012,4318115.499760265,1.1024518429439418,1.0307735601700883
