Area [-],Diameter [-],Perimeter [-],Area [mym^2],Diameter [mym],Perimeter [mym],Volume [mym^3] ,Irregularity [-],Diameter Ratio [-]
19120.5,156.02876887006664,490.1788340308612,97176.48732288,351.75125654067824,1105.0591634391735,22787967.681354884,1.164645019631585,1.0620394618045805
9387.5,109.32765535856579,343.4629589086671,47710.27299199999,246.46826624035072,774.302894563699,7839378.844128045,1.0761134782101989,1.1472861013613356
7803.5,99.67810585750937,313.14800508569715,39659.87912576,224.7143218451691,705.9608626651957,5941428.561471025,1.0793846193793124,1.1336491502109238
10524.5,115.75927430908169,363.6684857542967,53488.87010432,260.96770800239375,819.8542342844864,9305911.889841432,1.0684887391318858,1.1167043949818352
1863.5,48.710182627598265,153.02755189787987,9470.90212736,109.81223571565752,344.98531299858035,693347.2912330524,1.1378662749755153,1.2846224068900491
14243.0,134.66532900365604,423.06360829113834,72387.47464448001,303.5895177058422,953.7545985315422,14650719.010174377,1.0874798650252817,1.1291147723744053
4916.5,79.11941747567677,248.56098069789005,24987.22313344,178.3668147571657,560.3558748853233,2971260.9332921724,1.3749030671255793,1.4384032333215035
4877.5,78.80498638693973,247.5731662994535,24789.0126784,177.65796131071693,558.128946105488,2935976.970233373,1.0666180802621277,1.0822198052017638
13661.0,131.88527370645693,414.3298069928842,69429.56477696,297.3221610438365,934.0651168847581,13761965.493212521,1.148534662832275,1.2789726505514805
