Area [-],Diameter [-],Perimeter [-],Area [mym^2],Diameter [mym],Perimeter [mym],Volume [mym^3] ,Irregularity [-],Diameter Ratio [-]
4155.0,72.73451937267889,228.50223172359247,21117.036940799993,163.97270047376728,515.1354311976669,2308411.715458184,1.065548581579873,1.058644515205573
17727.5,150.2376584924452,471.98552421239805,90096.81645439999,338.6957773053685,1064.0441657844303,20343607.521174747,1.0899866738418293,1.1132587470376631
5974.5,87.21794345213736,274.00325041044476,30364.31701632,196.62413171849846,617.7129277253066,3980238.312372765,1.065706847788858,1.1006909381288263
9007.5,107.09204078362677,336.4395685837804,45778.99163520001,241.42829674260818,758.4693634152744,7368229.318053629,1.0832065561074473,1.1161808782435783
7434.5,97.29285377320149,305.6545146606758,37784.50328192,219.33700954630544,689.0675378510275,5525026.6380325975,1.0981810453679544,1.0613701716559103
1296.0,40.621650015438455,127.61667726519715,6586.685890560001,91.57744779480446,287.6990372266605,402127.9221890224,1.180502462946154,1.414960898816063
1381.0,41.93261035613285,131.73518064067022,7018.683036159999,94.53287678686588,296.98379123632697,442330.86577558593,1.0807100302955805,1.1839393638541809
7342.0,96.68570079099372,303.74708731216674,37314.38874111999,217.96824386321623,684.7674336365486,5422234.523154195,1.08997986087488,1.1483271715823309
