Area [-],Diameter [-],Perimeter [-],Area [mym^2],Diameter [mym],Perimeter [mym],Volume [mym^3] ,Irregularity [-],Diameter Ratio [-]
9324.0,108.9572646275165,342.29934210904486,47387.54571263999,245.63325737627318,771.6796368506307,7759971.474975207,1.1356582216231876,1.2654297289141023
7319.0,96.53414021949258,303.2709457341649,37197.49539584,217.62656571082408,683.6940200631013,5396775.4506939,1.103280520099466,1.171418588640104
4155.0,72.73451937267889,228.50223172359247,21117.036940799993,163.97270047376728,515.1354311976669,2308411.715458184,1.0951743403365979,1.1409268228462712
24034.5,174.93334684369722,549.5693173120344,122151.00465792001,394.369737124431,1238.9490689482504,32115106.397619378,1.172187066845393,1.0461071416018208
1254.0,39.958007821935944,125.53178382547745,6373.2284774400005,90.0813328337724,282.9988534561564,382739.27713463275,1.1423160273297324,1.351418725393896
7882.0,100.17821166103212,314.71913380406187,40058.84119552,225.84176036863082,709.502815247877,6031306.142615776,1.1049995450254964,1.1878830538785639
56486.5,268.18062111883245,842.5142691420717,287082.4325286399,604.5863922502958,1899.3641683538865,115710754.77395292,1.3482597238847527,1.13159140643499
