Area [-],Diameter [-],Perimeter [-],Area [mym^2],Diameter [mym],Perimeter [mym],Volume [mym^3] ,Irregularity [-],Diameter Ratio [-]
7731.0,99.2139855078282,311.6899280047573,39291.410972159996,223.66800892884788,702.6737736939248,5858821.106765409,1.115093745324295,1.049054666410943
6160.0,88.5615921015911,278.22444713657444,31307.0872576,199.65325323382697,627.2291936246934,4167041.2135034204,1.3114490881706493,1.4056500956960678
9718.0,111.23552443233372,349.45670637482755,49389.97954048,250.76936628025314,787.8151988514112,8256995.913307226,1.0922830142254174,1.096771922662301
23728.5,173.8161803091079,546.0596351341322,120595.81493375998,391.8511968888528,1231.0368414463876,31503742.947720293,1.1144225882692451,1.0298804597878537
