Area [-],Diameter [-],Perimeter [-],Area [mym^2],Diameter [mym],Perimeter [mym],Volume [mym^3] ,Irregularity [-],Diameter Ratio [-]
7801.5,99.66533152632049,313.10787334067965,39649.71448703999,224.6855233929369,705.8703896592282,5939144.567934062,1.1564397813229563,1.111958603279097
1438.5,42.79667142549209,134.44970854842217,7310.916399359999,96.48081606162937,303.10342295156295,470242.12024573446,1.2007359517174376,1.238769630009444
8089.0,101.48514510687133,318.8249863162411,41110.88130304,228.78811112893072,718.7590491513339,6270453.920112129,1.0957813650983164,1.142556900059645
11816.0,122.65642445706088,385.33652198989387,60052.68555776,276.51664329599805,868.7026551740167,11070378.02089457,1.1905423471596825,1.1431174027778663
29696.0,194.44824895188796,610.8771904106504,150924.55571456003,438.3641324371362,1377.1615380617702,44106607.95284889,1.1282304356982724,0.9946718572692833
5178.5,81.20019077816899,255.09792281878535,26318.79080576,183.05771009030417,575.0927572026698,3211905.051498784,1.1949747139717122,1.1284966098784668
