Area [-],Diameter [-],Perimeter [-],Area [mym^2],Diameter [mym],Perimeter [mym],Volume [mym^3] ,Irregularity [-],Diameter Ratio [-]
9761.0,111.48134909553222,350.22898733080314,49608.51927296,251.32355340096785,789.5562290385627,8311859.561760471,1.080244796624309,1.1305622586873776
8382.5,103.30987602229762,324.5575475549225,42602.542035200015,232.90178450466775,731.6825352078173,6614805.376288801,1.0890610513565695,1.1421947692061094
8309.0,102.8559545053395,323.13151105194055,42228.99156224001,231.87846383683737,728.4676785154948,6527995.7952206535,1.1238813171924473,1.1393954203161005
6662.0,92.09952142669175,289.33917991323057,33858.411576319995,207.6291611043339,652.286247196387,4686662.394611059,1.1767337443719312,1.2112808625736946
