Area [-],Diameter [-],Perimeter [-],Area [mym^2],Diameter [mym],Perimeter [mym],Volume [mym^3] ,Irregularity [-],Diameter Ratio [-]
84362.5,327.74024942432715,1029.6263598771525,428757.1670080001,738.8576183022032,2321.189665707053,211193666.16368723,1.4381395387733138,1.0571484380756075
