Area [-],Diameter [-],Perimeter [-],Area [mym^2],Diameter [mym],Perimeter [mym],Volume [mym^3] ,Irregularity [-],Diameter Ratio [-]
13855.5,132.82082107891839,417.26891574529435,70418.07589248,299.4312590403136,940.6910436561915,14056915.415787762,1.053388420938484,1.0013490273559982
104592.0,364.9255683875003,1146.4474847532506,531569.94650112,822.6882013727806,2584.5512096277275,291544215.46055436,1.4630906101549632,1.0451600893128916
78219.0,315.5812477788243,991.4277296326547,397533.93801984005,711.4463649925815,2235.0746736838564,188549383.4436009,1.4172558695786657,1.0589224114558637
28131.5,189.25680503674693,594.5677883453199,142973.26707584003,426.6605412748423,1340.3936220456892,40667367.678940326,1.1175888265001168,1.064774195516903
