Area [-],Diameter [-],Perimeter [-],Area [mym^2],Diameter [mym],Perimeter [mym],Volume [mym^3] ,Irregularity [-],Diameter Ratio [-]
84355.5,327.7266519767763,1029.5836422358193,428721.5907724801,738.8269642164445,2321.093363056431,211167380.93631753,1.4775783843184593,1.0743225637560914
4608.0,76.59691783707507,240.636314364576,23419.32761088,172.68009157190204,542.4905071035002,2696034.4242660874,1.0961126144273066,1.1559423126593655
287734.0,605.2720934958321,1901.5183623494206,1462356.0787302402,1364.525407577004,4286.782996080534,1330281349.5680602,1.3620193911736174,1.1612483433042209
