Area [-],Diameter [-],Perimeter [-],Area [mym^2],Diameter [mym],Perimeter [mym],Volume [mym^3] ,Irregularity [-],Diameter Ratio [-]
49455.5,250.93564574338546,788.3375811912306,251348.64510848,565.7093197638882,1777.2282430375103,94793514.03192878,1.087522845030827,1.0127917571693432
78137.5,315.4167955685679,990.9110877770466,397119.7289919999,711.0756239297795,2233.9099562845736,188254772.71187416,1.2244539792237992,1.0331135285779025
1059.5,36.728698556400076,115.38660956070052,5384.71736192,82.80117802554832,260.1275725936432,297240.6272677326,1.1641376882784746,1.3068799572707939
93141.0,344.37015613461307,1081.8707526280705,473372.30750976,776.3480799898717,2438.969424724722,245001121.3703849,1.1919794134072779,1.1297702084100587
