Area [-],Diameter [-],Perimeter [-],Area [mym^2],Diameter [mym],Perimeter [mym],Volume [mym^3] ,Irregularity [-],Diameter Ratio [-]
46802.0,244.11095258651358,766.8971753065973,237862.71068671995,550.3237315110362,1728.892992011193,87267663.02163048,1.1275948986697726,1.0313227826204356
20412.0,161.21217567892987,506.46298678215317,103740.30277632001,363.43672885057947,1141.770157401686,25135357.527329624,1.2385290340059492,1.1168987544790605
