Area [-],Diameter [-],Perimeter [-],Area [mym^2],Diameter [mym],Perimeter [mym],Volume [mym^3] ,Irregularity [-],Diameter Ratio [-]
96552.0,350.6192015895157,1101.502707921141,490708.09884672,790.4359280634042,2483.2277047374205,258582207.68009055,1.30473183028411,1.041884257361697
1145.0,38.18192345497751,119.95205022608515,5819.255667200001,86.0773282369013,270.41990202968634,333937.32010668167,1.0815998076391447,1.099996967138772
56221.5,267.5508121167416,840.5356658079385,285735.6178982401,603.1665508359823,1894.9036049974166,114897444.73244643,1.3300886285316014,1.0552860936336523
