Area [-],Diameter [-],Perimeter [-],Area [mym^2],Diameter [mym],Perimeter [mym],Volume [mym^3] ,Irregularity [-],Diameter Ratio [-]
3806.0,69.6128559050843,218.6952367068177,19343.307484160003,156.93522235242204,493.0265416318498,2023764.174038613,1.0736124880535578,1.1306760234702462
1371.5,41.78813271258092,131.28129073707953,6970.401002239999,94.20716638724242,295.9605418376721,437774.4846692167,1.2181772367040837,1.3910048389051757
70932.0,300.5219249691352,944.1174717256982,360499.07684351987,677.4966276504184,2128.418428258414,162824605.8883825,1.1573305340158353,1.00818416274825
