Area [-],Diameter [-],Perimeter [-],Area [mym^2],Diameter [mym],Perimeter [mym],Volume [mym^3] ,Irregularity [-],Diameter Ratio [-]
39157.5,223.2865367033291,701.4753433526864,199010.92033919995,503.3771683439851,1581.406014054296,66785035.69991791,1.1329089754356885,1.0181614819020266
