Area [-],Diameter [-],Perimeter [-],Area [mym^2],Diameter [mym],Perimeter [mym],Volume [mym^3] ,Irregularity [-],Diameter Ratio [-]
76547.5,312.1911338436998,980.777372599235,389038.8412096,703.8036921372368,2211.0645087877156,182537981.88540578,1.4383712680381862,1.1239018484057226
177791.0,475.78412320926526,1494.7199061688887,903590.6413337599,1072.6077273629676,3369.6965564671427,646132202.844967,1.5133258330280261,1.0883862844551846
113352.5,379.90115226805057,1193.494669055605,576093.6052543999,856.4491576730932,2690.614381918956,328929921.97399086,1.4983113486535145,1.104671685350589
