Area [-],Diameter [-],Perimeter [-],Area [mym^2],Diameter [mym],Perimeter [mym],Volume [mym^3] ,Irregularity [-],Diameter Ratio [-]
98821.0,354.71510406278657,1114.3703650409893,502239.8814745599,799.669730599146,2512.236550948406,267750687.1432722,1.3489889329793752,1.0394876920662939
