Area [-],Diameter [-],Perimeter [-],Area [mym^2],Diameter [mym],Perimeter [mym],Volume [mym^3] ,Irregularity [-],Diameter Ratio [-]
8024.5,101.0797246074964,317.55132025379015,40783.07170432,227.87413115513988,715.8876963801445,6195604.686973126,1.071796161496433,1.1179294407339486
3042.5,62.240110177093456,195.53307289097611,15462.956652799998,140.31410438323948,440.80975952541655,1446447.275902991,1.059859517484031,1.0604094339198378
9312.0,108.8871279838615,342.0790013445909,47326.557880320004,245.47514132681738,771.1829006312457,7744995.656122237,1.066645997181473,1.053439146193355
5011.0,79.87617516298525,250.93840508888596,25467.50231296,180.07284928743394,565.7155404323845,3057337.137152681,1.0689865538848384,1.0992012025339868
