Area [-],Diameter [-],Perimeter [-],Area [mym^2],Diameter [mym],Perimeter [mym],Volume [mym^3] ,Irregularity [-],Diameter Ratio [-]
13033.5,128.8206800413107,404.702102048223,66240.40937856001,290.41334108513087,912.360418857514,12824732.401649633,1.1617771652155697,1.1570238504824426
19132.5,156.07772291280233,490.33262769188315,97237.47515520001,351.8616185346216,1105.4058758685815,22809423.593552485,1.1603209346784435,1.040552070146473
75991.0,311.054249679971,977.2057456624822,386210.53048575995,701.2407004785266,2203.0126330215,180551028.62001178,1.374411059116886,1.2754060084134582
