Area [-],Diameter [-],Perimeter [-],Area [mym^2],Diameter [mym],Perimeter [mym],Volume [mym^3] ,Irregularity [-],Diameter Ratio [-]
4848.0,78.56631156466536,246.82334723119948,24639.08425728,177.11989279138157,556.4385539980161,2909381.308084834,1.0775541013986762,1.098766057356195
6242.5,89.15266601739543,280.0813606081939,31726.378604800007,200.98577026961627,631.4154193551124,4251033.7611674685,1.0972556257111539,1.0767759220358148
8633.5,104.84518877598069,329.38087482285596,43878.20419455999,236.36299357657086,742.5562442006465,6914122.464126833,1.146587501883972,1.0835365289071912
