Area [-],Diameter [-],Perimeter [-],Area [mym^2],Diameter [mym],Perimeter [mym],Volume [mym^3] ,Irregularity [-],Diameter Ratio [-]
13311.0,130.18483621363032,408.98772505753146,67650.75300096,293.4886947600082,922.0219273696989,13236487.46518897,1.190851676614702,1.095581612584428
5352.5,82.55310208099365,259.34821902869794,27203.114374400004,186.1077133313921,584.6746249782966,3375139.607807938,1.0738165951200114,1.0495110896397366
4496.0,75.66032641437184,237.69392563159633,22850.107842560006,170.56863986855987,535.8571859438708,2598341.2103702486,1.0754265747573168,1.06738096650141
9706.0,111.16682518269329,349.24088131685005,49328.99170816,250.61449069186375,787.3286428407067,8241706.75552246,1.1085800345240429,1.0029317346535476
