Area [-],Diameter [-],Perimeter [-],Area [mym^2],Diameter [mym],Perimeter [mym],Volume [mym^3] ,Irregularity [-],Diameter Ratio [-]
8945.5,106.72283892133116,335.2796867255008,45463.887834879984,240.59596806424895,755.854525753969,7292285.403731588,1.0785178275462437,1.0856255981234462
3521.5,66.96053357601681,210.3627203628671,17897.387626239997,150.9558268937723,474.24171678604756,1801143.2989049517,1.0943391031801573,1.168603939422322
12686.0,127.0917655259784,399.2705569081703,64474.30340095998,286.5156762017657,900.115543493779,12315265.757709235,1.1348259603518127,1.0375729169487273
12553.5,126.42631302396217,397.17997621652313,63800.89608575999,285.0154800812203,895.4025383825297,12122828.68499662,1.0971027766307202,1.026940296566406
7525.0,97.88323438736636,307.509250060958,38244.453184,220.6679636028787,693.2488533374236,5626217.068812606,1.0656772910584698,1.032559610290854
7773.0,99.48311907668767,312.5354360475206,39504.868385279995,224.2747436464847,704.5798870255304,5906629.486597859,1.0906833535900666,1.05545544786407
10962.0,118.14081381718536,371.1503127771891,55712.38482432001,266.3366506694627,836.7212651248951,9892166.649945064,1.148680269190665,1.1860311295819579
9207.5,108.27443423148888,340.1541671532367,46795.45550720001,244.09388453146855,766.8435544302569,7614989.675447968,1.1305922988512513,1.1868260069036602
25271.5,179.3785749602629,563.534413306568,128437.83370623995,404.3910593904167,1270.4319813583268,34626074.42551769,1.2510797149508195,1.1695430733302852
