Area [-],Diameter [-],Perimeter [-],Area [mym^2],Diameter [mym],Perimeter [mym],Volume [mym^3] ,Irregularity [-],Diameter Ratio [-]
10940.0,118.02220392537448,370.7776888124329,55600.57379839999,266.0692565293642,835.8812216587487,9862402.222097557,1.100362582901185,1.0204372863895583
6827.0,93.23307552530355,292.90034514187596,34696.994270719995,210.1846454642443,660.3145380878451,4861850.292977465,1.0785464759114074,1.0311066025061364
4866.5,78.71607360922971,247.29383857018945,24733.10716544,177.45751634464744,557.499229672635,2926050.5127099906,1.0689723919308496,1.0497782538350204
4026.0,71.5965251049502,224.92711729226875,20461.417743359994,161.40720619659973,507.0756932236906,2201746.8485181807,1.0647014543370086,1.0354119402301936
8552.0,104.3491475124503,327.8225152334715,43463.99516672,235.24471815206795,739.0430783423382,6816450.195171927,1.0819152759712836,1.0427280684894662
14430.0,135.5464740615867,425.8318071318802,73337.8683648,305.5759711244411,959.9952259981109,14940193.56384679,1.1668963529631429,1.0436479447483877
8364.5,103.19889617596338,324.2088940849824,42511.06028672,232.65159153909184,730.8965308251842,6593510.555813126,1.0732224548524814,1.0561991707368588
8904.0,106.47499662513208,334.50106718851293,45252.97158143999,240.03723239169776,754.0992058697836,7241598.703939337,1.0931108608104811,1.0591296003014632
