Area [-],Diameter [-],Perimeter [-],Area [mym^2],Diameter [mym],Perimeter [mym],Volume [mym^3] ,Irregularity [-],Diameter Ratio [-]
10484.5,115.53908432550352,362.9767385194935,53285.57732992,260.47131170341515,818.2947593183461,9252909.481332017,1.1020858447412178,1.0832515999228152
4251.5,73.57430206560946,231.14048686231502,21607.480759039998,165.86590657670996,521.0831135824029,2389296.2566246577,1.0702569983572665,1.0770107013490011
4833.0,78.44467298488178,246.44120836255829,24562.849466879998,176.84567077711748,555.5770601325514,2895889.060111837,1.101940259922631,1.1763930587946119
5850.5,86.30809902015609,271.1448898270228,29734.109415680003,194.5729784310399,611.2690396260402,3856969.486668857,1.0591337841022286,1.019603038406034
