Area [-],Diameter [-],Perimeter [-],Area [mym^2],Diameter [mym],Perimeter [mym],Volume [mym^3] ,Irregularity [-],Diameter Ratio [-]
6182.5,88.72318459864448,278.73210493819255,31421.439443200004,200.0175473591841,628.3736573726613,4189892.8346159947,1.0959016867956728,1.2148614529642545
4489.0,75.60140419539934,237.50881602133913,22814.531607039997,170.43580561810828,535.439874838507,2592275.3828304377,1.0908151213485417,1.064230412039011
3198.5,63.81580277513884,200.48325718131133,16255.79847296,143.866345776273,451.9694549895482,1559108.215986849,1.0636179364023095,1.0511822458108784
3453.5,66.31087970870907,208.3217725459569,17551.789909759995,149.4912472153137,469.64060402760515,1749225.97631412,1.0603521645359886,1.0254727474391971
2546.5,56.941237259723216,178.88617266145985,12942.126250239997,128.36832527832001,403.2809876479951,1107572.7148559282,1.0663334354991056,1.066707938268989
9626.5,110.71061592003291,347.80765764877657,48924.94731904,249.5860125301222,784.0975834034019,8140655.0097369915,1.0814864692840036,1.0297115507183434
15689.0,141.33596576013468,444.02003172005766,79736.50843903997,318.6278012096476,1000.998759509698,16937512.240043875,1.180799319548685,1.0824813394764379
