Area [-],Diameter [-],Perimeter [-],Area [mym^2],Diameter [mym],Perimeter [mym],Volume [mym^3] ,Irregularity [-],Diameter Ratio [-]
9731.5,111.31276040773689,349.699350347747,49458.59085184,250.94348706320204,788.3622154239608,8274207.502395277,1.1074140489970938,1.0168347567716776
10911.0,117.86567215523509,370.2859297533096,55453.18653696,265.71637130676197,834.7726000358612,9823213.002665332,1.091405312091438,1.0494395810887014
3539.0,67.12670667340788,210.88476854485515,17986.32821504,151.3304475245307,475.41862220752137,1814586.0654033981,1.0842499598349868,1.1058308270109454
2161.0,52.454462690725244,164.7905546371823,10982.892136959998,118.25334068997098,371.5038263740638,865842.457088756,1.066088039774652,1.0294643626108104
5251.5,81.77051711452428,256.8896558472279,26689.80011904001,184.34345378298354,579.1320401419906,3280059.95648088,1.0827577885266428,1.027527858938731
