Area [-],Diameter [-],Perimeter [-],Area [mym^2],Diameter [mym],Perimeter [mym],Volume [mym^3] ,Irregularity [-],Diameter Ratio [-]
116795.0,385.6267789292431,1211.4822557116054,593589.4896511999,869.3570104180856,2731.165597276243,344027456.0925095,1.1322088449344947,1.0192814576653613
