Area [-],Diameter [-],Perimeter [-],Area [mym^2],Diameter [mym],Perimeter [mym],Volume [mym^3] ,Irregularity [-],Diameter Ratio [-]
107442.5,369.86489396157583,1161.9648336904545,546057.0978368,833.8234169469765,2619.5335210717603,303543463.4442867,1.1717655996874832,1.081439266629311
95986.0,349.59000406325885,1098.26938853356,487831.50608896,788.1157051602107,2475.9385095100574,256311780.94711223,1.147620160714261,1.029427498766361
