Area [-],Diameter [-],Perimeter [-],Area [mym^2],Diameter [mym],Perimeter [mym],Volume [mym^3] ,Irregularity [-],Diameter Ratio [-]
15291.5,139.5340191,438.3590495,77716.28649,314.5654928,988.2366411,16297907.97,1.07284522,1.060673239
18348,152.8443626,480.1747266,93250.39562,344.572331,1082.505904,21421004.12,1.065716252,1.039800488
24952,178.2410534,559.960784,126814.0327,401.8266308,1262.375591,33971503.66,1.078926298,1.084218047
23823,174.1619524,547.1459103,121076.0941,392.6307056,1233.48574,31692128.17,1.07067102,1.047874377
15238.5,139.2919983,437.5987187,77446.92357,314.0198811,986.5225514,16213249.15,1.060729022,1.010210567
19992,159.5449936,501.2253798,101605.7286,359.6782335,1129.962496,24363579.33,1.064165714,1.021655373
19367,157.0313034,493.3283893,98429.27905,354.0113705,1112.159521,23230055.98,1.105693765,1.073326846
