Area [-],Diameter [-],Perimeter [-],Area [mym^2],Diameter [mym],Perimeter [mym],Volume [mym^3] ,Irregularity [-],Diameter Ratio [-]
16640.0,145.55653892695136,457.2793533748671,84569.79415039998,328.1426613569191,1030.8905742483005,18500638.215279374,1.0699033860908749,1.0428202522512684
23919.0,174.51251150138307,548.2472240922493,121563.99677184,393.421005928718,1235.968541993567,31883886.596461814,1.0737866903512447,1.0772866563123757
29309.5,193.1787111366448,606.888819736828,148960.23928192002,435.50208638645205,1368.1701552147051,43248329.99726754,1.0826142314657767,1.0832983932163343
14726.0,136.92963717095728,430.17714219499527,74842.23489536,308.6941740382061,969.7913493643973,15402241.256131038,1.0938713165221485,1.1010308015401815
18433.5,153.20006902046626,481.29221136414606,93684.93392256,345.3742355997391,1085.0251612993309,21570908.29381082,1.066180194102829,1.0072301206235696
12187.0,124.56713182733007,391.33918622749144,61938.22604031999,280.8241419915329,882.2350614312567,11595832.78950032,1.0642307012175782,1.039817996012684
19814.5,158.83515026326788,498.99534119891325,100703.61695872,358.0779627535111,1124.93509719883,24039830.66832559,1.0821196228232859,1.0317763698066489
21245.5,164.47069875108727,516.6999389271957,107976.41596287998,370.78274326445114,1164.84834231747,26690527.812386747,1.0694796445434172,1.0404275279955644
