Area [-],Diameter [-],Perimeter [-],Area [mym^2],Diameter [mym],Perimeter [mym],Volume [mym^3] ,Irregularity [-],Diameter Ratio [-]
62832.5,282.84416857091486,888.5811620930991,319334.8311872,637.6438936262705,2003.217371822683,135747936.75246266,1.1445396457794625,1.033668351399598
50195.0,252.80478426640087,794.2096530436775,255107.02027519993,569.9231056501741,1790.4662418216665,96927590.1789359,1.091261563334827,1.1113188269907797
