Area [-],Diameter [-],Perimeter [-],Area [mym^2],Diameter [mym],Perimeter [mym],Volume [mym^3] ,Irregularity [-],Diameter Ratio [-]
71743.0,302.235048692131,949.4994086285521,364620.83784448,681.3586937715401,2140.5514668122078,165625051.86373293,1.1174920058031512,0.9958300096157865
110118.0,374.4417073285863,1176.3433169411062,559654.84328448,844.1413850015649,2651.9483737120295,314951876.3553298,1.1004765436372579,1.0162453881484967
82944.5,324.9741796178363,1020.9364952937643,421550.43815552007,732.6217905304501,2301.599234990262,205891357.86692858,1.0811504198242534,1.0035147851637805
