Area [-],Diameter [-],Perimeter [-],Area [mym^2],Diameter [mym],Perimeter [mym],Volume [mym^3] ,Irregularity [-],Diameter Ratio [-]
101683.5,359.8158601939024,1130.3948630302557,516788.02064255986,811.1688752211335,2548.3621792154086,279468238.28825414,1.077383859949418,1.0458511822426184
46007.0,242.02878286400284,760.3558462028305,233822.26679551997,545.629688088608,1714.146219679661,85053580.33320723,1.0689839787817954,1.0866476164026366
