Area [-],Diameter [-],Perimeter [-],Area [mym^2],Diameter [mym],Perimeter [mym],Volume [mym^3] ,Irregularity [-],Diameter Ratio [-]
16614.0,145.44277842584688,456.9219642203286,84437.65384704,327.8861996832292,1030.0848761383088,18457294.286715962,1.1841052968920134,1.0382089893654391
16922.5,146.78690743993755,461.14467005647276,86005.54936960002,330.91640413259523,1039.6045441753122,18973764.755224284,1.0578687052098108,0.9989680930618368
11278.5,119.83418629629665,376.4701993173562,57320.93890175999,270.15418958637116,848.7144173410478,10323661.196889913,1.0605407127157032,1.0180734210382023
25169.0,179.01442986932452,562.3904177640351,127916.89597183999,403.5701306974052,1267.852957807241,34415625.617174566,1.0791463786506694,1.0892976624417623
