Area [-],Diameter [-],Perimeter [-],Area [mym^2],Diameter [mym],Perimeter [mym],Volume [mym^3] ,Irregularity [-],Diameter Ratio [-]
15320.5,139.66626810047964,438.7745218187693,77863.67375487997,314.8636348057213,989.1732819882335,16344292.891858904,1.0635506824075214,1.0226919730274655
15173.0,138.99231493959164,436.65723551965993,77114.03164928,313.34427479981537,984.4000717555213,16108826.882689103,1.0727322563003459,1.0424835473893694
15075.0,138.54272314662572,435.24480124576394,76615.96435200002,312.33071506175304,981.2158799284502,15953012.620803965,1.0624280868268656,1.0256366733190263
16082.0,143.0952073216671,449.5468520856577,81733.85994751997,322.59383538596626,1013.4584233419066,17577892.90757992,1.0649823152247833,1.0434374471501966
18540.0,153.64199022204158,482.68054776448065,94226.20093440003,346.37050275657054,1088.1550268802453,21758117.72699318,1.0842118898032416,1.0907063401385098
15164.5,138.95337734699496,436.53490946480974,77070.83193471999,313.2564938910654,984.124299897467,16095292.395425292,1.0789562936172812,1.0543687761624645
