Area [-],Diameter [-],Perimeter [-],Area [mym^2],Diameter [mym],Perimeter [mym],Volume [mym^3] ,Irregularity [-],Diameter Ratio [-]
6244.5,89.16694643812092,280.12622387303526,31736.54324352,201.01796405009978,631.5165590993706,4253076.87253356,1.069746310389404,1.110276890200596
29652.0,194.30414041004644,610.4244600742816,150700.93366271997,438.0392541404087,1376.1409027914603,44008616.386587374,1.07313541012713,1.1004483490727044
45673.0,241.1486465371288,757.5908163841656,232124.77212927997,543.6455087533031,1707.9127364564627,84129059.8923113,1.151663191080715,1.0127910879053532
