Area [-],Diameter [-],Perimeter [-],Area [mym^2],Diameter [mym],Perimeter [mym],Volume [mym^3] ,Irregularity [-],Diameter Ratio [-]
126887.0,401.9422173805715,1262.738717290395,644880.25663232,906.1385348627604,2846.7181642594664,389567233.93782085,1.1674312125346258,1.0765520819807943
