Area [-],Diameter [-],Perimeter [-],Area [mym^2],Diameter [mym],Perimeter [mym],Volume [mym^3] ,Irregularity [-],Diameter Ratio [-]
13486.5,131.04024236878826,411.67506275041114,68542.70004863999,295.41712239619625,928.0802614645269,13499124.806423232,1.0780495832031085,1.0760053358508135
16669.5,145.68550576829114,457.6845146561769,84719.72257151997,328.4334042040355,1031.803969840885,18549857.92492385,1.064806036018352,1.0330738819727427
21820.5,166.6815031306522,523.645385724561,110898.74959488002,375.76678065774234,1180.5061575774505,27781377.40949145,1.0803356246067755,1.0941141511403658
17345.5,148.61014946228863,466.8725537996071,88155.37045887999,335.0267209477835,1052.5174852858343,19689603.13251711,1.1046853162215273,1.1037111203644225
20248.0,160.56324081743486,504.42429778862214,102906.80240128,361.9737700988251,1137.1741369346698,24833042.1560041,1.0816050630478629,1.0631841812634597
21321.0,164.7626788241148,517.6172213796136,108360.13107456002,371.4409831410844,1166.916263878201,26832929.07975423,1.071254082908476,1.044090948917671
16695.5,145.79907688022553,458.04130882708995,84851.86287488001,328.6894389187804,1032.6083266197916,18593274.1330384,1.077696476384336,1.0821651954151483
29928.5,195.2079652949805,613.2639096929221,152106.19496576,440.07683696100406,1382.5421580117236,44625608.77513697,1.085428115456178,1.076840484701397
