Area [-],Diameter [-],Perimeter [-],Area [mym^2],Diameter [mym],Perimeter [mym],Volume [mym^3] ,Irregularity [-],Diameter Ratio [-]
42938.5,233.8182973841243,734.5618453368385,218227.16983935997,527.1199696227698,1655.9962241273684,76687932.75772429,1.06196680493616,1.040315099038571
41139.5,228.86773090724745,719.0091820619742,209084.07731071996,515.9594125572986,1620.9343000405145,71919265.13621591,1.0763134946836415,1.1400575903143435
11621.0,121.6401115971509,382.1436809754519,59061.63328255999,274.225467584617,861.5047143910587,10797469.335480792,1.1089778687335716,1.1181987625602512
