Area [-],Diameter [-],Perimeter [-],Area [mym^2],Diameter [mym],Perimeter [mym],Volume [mym^3] ,Irregularity [-],Diameter Ratio [-]
46923.0,244.4263061898372,767.8878878700818,238477.67132928,551.034664674369,1731.1264544143125,87606309.10216947,1.1370051570275785,1.0309855920511297
