Area [-],Diameter [-],Perimeter [-],Area [mym^2],Diameter [mym],Perimeter [mym],Volume [mym^3] ,Irregularity [-],Diameter Ratio [-]
2560.0,57.09197171688868,179.35971892473373,52042.9502464,257.41628207710767,808.6971006878393,8931135.173834788,1.0675765442142666,1.0279879908271947
2728.0,58.935536631454575,185.15144891674984,55458.268856320006,265.7285475639024,834.8108528758416,9824563.489065545,1.0971401209229854,1.138227336401177
2249.0,53.5118280019416,168.11236573106032,45720.544962559994,241.27413009515428,757.9850346082047,7354123.142212034,1.0688163157133752,1.0246088656867263
2338.0,54.56037074279106,171.40645990268786,47529.85065472,246.00179960509632,772.8374464092391,7794952.530681723,1.5476617309866487,1.6082802612033993
1623.0,45.45841815445374,142.81183251784475,32994.41728512,204.96291577480102,643.9099904564584,4508421.314032461,1.0799202906398038,1.1439025401922251
2915.5,60.9272508215771,191.4086035844893,59270.00837632,274.70878850432683,863.0231118417454,10854661.463800116,1.08523266783945,1.0202772711840422
