Area [-],Diameter [-],Perimeter [-],Area [mym^2],Diameter [mym],Perimeter [mym],Volume [mym^3] ,Irregularity [-],Diameter Ratio [-]
1249.5,39.88624839649106,125.30634494167398,25401.432161280005,179.8391167700989,564.9812480730197,3045447.416386787,1.0665031310253972,1.0780657928155224
3121.5,63.04297929897357,198.05536062606876,63457.83952895999,284.248185063212,892.9920099908188,12025183.809426285,1.216298522178813,1.3248095849217665
2028.0,50.81466123790368,159.63896643965222,41227.77464832,229.1131445894601,719.7801718831039,6297216.7294014795,1.0827733112111735,1.0825077971248973
3493.0,66.68902255813863,209.5097433437323,71010.16609792,300.6874649101355,944.6375307882203,14234577.88455414,1.260598391733595,1.26763990650938
1087.0,37.202303492218356,116.87448334777109,22097.924577280006,167.73774598571413,526.9636705184303,2471104.0397035084,1.8566494709217345,1.7590071390425754
