Area [-],Diameter [-],Perimeter [-],Area [mym^2],Diameter [mym],Perimeter [mym],Volume [mym^3] ,Irregularity [-],Diameter Ratio [-]
1527.0,44.09350048261754,138.52381718724928,31042.80665088,198.80877497602597,624.5761869338695,4114388.241386056,1.0914798711699765,1.1636583195971264
1768.0,47.445626933277715,149.0548330185473,35942.16251391999,213.92284271676255,672.058431114026,5125899.7189104175,1.1171034381833955,1.1028603564471706
2657.5,58.16901314388697,182.74334435940344,54025.0547968,262.27244646315756,823.9531910476782,9446188.86124192,1.0857257861049459,1.067013978085504
2653.0,58.11974287780691,182.58855725344588,53933.57304832,262.0502966874558,823.2552869443368,9422205.879151218,1.087975088980121,1.180138659817453
3492.0,66.67947577939698,209.4797512537721,70989.83682048002,300.64442039414513,944.5023024530077,14228465.56317877,1.0875675256661714,1.029123480388449
