Area [-],Diameter [-],Perimeter [-],Area [mym^2],Diameter [mym],Perimeter [mym],Volume [mym^3] ,Irregularity [-],Diameter Ratio [-]
6938.5,93.99134311810278,295.2825130408692,141054.69151744,423.7881678509018,1331.3697947986711,39851539.52330002,1.62450656053227,1.3297791880316374
3862.5,70.12765318716694,220.3125200662965,78521.83411200001,316.1915626902983,993.3450904749177,16551960.955454437,1.233729838555713,1.1998933709100095
