Area [-],Diameter [-],Perimeter [-],Area [mym^2],Diameter [mym],Perimeter [mym],Volume [mym^3] ,Irregularity [-],Diameter Ratio [-]
1537.5,44.24483925,138.9992619,31256.26406,199.4911312,626.7198722,4156898.317,1.186720816,1.143540554
2638,57.95520614,182.0716499,53628.63389,261.3084335,820.9246549,9342409.54,1.088398555,1.024011177
