Area [-],Diameter [-],Perimeter [-],Area [mym^2],Diameter [mym],Perimeter [mym],Volume [mym^3] ,Irregularity [-],Diameter Ratio [-]
4465.5,75.40325714,236.8863187,90780.38841,339.9782058,1068.073034,20575569.05,1.09000871,1.014349956
1015.5,35.9579582,112.9652573,20644.38124,162.1272419,509.3377522,2231344.394,1.097529966,1.062610842
