Area [-],Diameter [-],Perimeter [-],Area [mym^2],Diameter [mym],Perimeter [mym],Volume [mym^3] ,Irregularity [-],Diameter Ratio [-]
1053.5,36.6245527,115.0594257,21416.89378,165.1327832,518.7799386,2357754.185,1.133918716,1.134824896
1832,48.29673743,151.7286755,37243.23627,217.7603297,684.114252,5406732.94,1.073315982,1.083425172
