Area [-],Diameter [-],Perimeter [-],Area [mym^2],Diameter [mym],Perimeter [mym],Volume [mym^3] ,Irregularity [-],Diameter Ratio [-]
1568.5,44.68865881,140.3935622,31886.47166,201.4922248,633.0064933,4283250.745,1.120396555,1.109310381
1617.5,45.38132836,142.5696478,32882.60626,204.6153333,642.8180279,4485523.626,1.090264311,1.012794081
