Area [-],Diameter [-],Perimeter [-],Area [mym^2],Diameter [mym],Perimeter [mym],Volume [mym^3] ,Irregularity [-],Diameter Ratio [-]
2098.5,51.690358720236596,162.3900512169164,42660.98870784,233.06148939780275,732.1842629268326,6628422.378288023,1.0701501926815038,1.0640282126436025
1867.5,48.762432771478046,153.19170056604162,37964.925619199996,219.86005688004022,690.7107395121684,5564647.137389205,1.090760480413008,1.1687562457097347
2140.5,52.205069155261306,164.00706173831603,43514.818360319994,235.38221580724218,739.4750399657192,6828409.57740119,1.1184798801207112,1.1834504411408395
