Area [-],Diameter [-],Perimeter [-],Area [mym^2],Diameter [mym],Perimeter [mym],Volume [mym^3] ,Irregularity [-],Diameter Ratio [-]
1115.5,37.686850653139935,118.39673314884011,22677.30898432,169.92247222487734,533.8271904214903,2568922.9373487174,1.0640728989252395,1.034843700763058
2322.5,54.37921333237008,170.83733711296597,47214.7468544,245.1849970729902,770.271385574941,7717565.046198691,1.0814515736405645,1.0914191956068606
2076.5,51.41869226888764,161.5365858891317,42213.74460416,231.83659970196058,728.336158456917,6524460.673143626,1.0655474083425185,1.0696499186012813
2885.5,60.6129747358873,190.42127614248727,58660.13005312001,273.2917804891687,858.5714498712466,10687554.257295573,1.4766139524875246,1.6315458131649299
