Area [-],Diameter [-],Perimeter [-],Area [mym^2],Diameter [mym],Perimeter [mym],Volume [mym^3] ,Irregularity [-],Diameter Ratio [-]
2409.5,55.38836234299922,174.0076722311359,48983.393991679986,249.73504813211488,784.5657925557455,8155246.837457699,1.071269782647579,1.0014742799341954
1696.5,46.47634761513864,146.00975223340507,34488.61917696,209.5525561271371,658.3287708699768,4818118.870551578,1.0692771411397795,1.0112670726451574
4210.5,73.2186800147845,230.02326723998877,85596.42266112,330.12838445066035,1037.1289073316614,18838539.151914295,1.17469921189548,1.1037911428728988
3527.0,67.01280380853288,210.526932141341,71701.36153087999,302.14732981191304,949.2238316388783,14442916.62028934,1.0867680200301566,1.1198010489161228
