Area [-],Diameter [-],Perimeter [-],Area [mym^2],Diameter [mym],Perimeter [mym],Volume [mym^3] ,Irregularity [-],Diameter Ratio [-]
7284.0,96.30304690844898,302.54494468589655,37019.61421823999,217.10558895040737,682.0573232998852,5358110.098378578,1.1624905018509748,1.254363098782569
134831.5,414.3341618500206,1301.669158999309,685256.7427878398,934.0749344746864,2934.482952048042,426720764.74525905,1.2783595585864942,1.0350214791975323
