Area [-],Diameter [-],Perimeter [-],Area [mym^2],Diameter [mym],Perimeter [mym],Volume [mym^3] ,Irregularity [-],Diameter Ratio [-]
105285.5,366.1333938433013,1150.2419803320138,535094.53497728,825.4111230803384,2593.1055204604913,294448654.0464987,1.3131689969298346,1.0487980786705986
