Area [-],Diameter [-],Perimeter [-],Area [mym^2],Diameter [mym],Perimeter [mym],Volume [mym^3] ,Irregularity [-],Diameter Ratio [-]
1288.5,40.50393997367734,127.24688026274669,6548.568495359998,91.31208227665819,286.8653668643361,398642.28349509597,1.6063982141486244,1.5176446717042953
1397.5,42.18236911041614,132.51982090829637,7102.541305599998,95.09593292252214,298.75268425566327,450281.86105118686,1.1666946922805774,1.3174064990045893
150904.0,438.3342791280588,1377.0677511252875,766942.32070144,988.1807988662958,3104.461538136848,505251783.4367466,1.3903715099340437,1.0876035481063777
