Area [-],Diameter [-],Perimeter [-],Area [mym^2],Diameter [mym],Perimeter [mym],Volume [mym^3] ,Irregularity [-],Diameter Ratio [-]
3749.0,69.08961610265413,217.0514303874373,19053.61528064,155.75563054182348,489.32074466543867,1978471.908091604,1.1891543172551522,1.1614792397445892
124963.0,398.88323257407063,1253.1286330948492,635101.8741836799,899.2423595149849,2825.053190449028,380740338.5822143,1.2495265088040701,1.0406053280586705
