Area [-],Diameter [-],Perimeter [-],Area [mym^2],Diameter [mym],Perimeter [mym],Volume [mym^3] ,Irregularity [-],Diameter Ratio [-]
134331.5,413.56520393233217,1299.2534064541794,682715.5831078398,932.3413957450496,2929.036879510302,424349333.10110587,1.3480035314334273,1.0305154524597913
117783.5,387.2552258102065,1216.5981724696012,598613.3623385599,873.0281810665296,2742.698920015469,348404223.2563683,1.1055952321592457,1.014119046602868
