Area [-],Diameter [-],Perimeter [-],Area [mym^2],Diameter [mym],Perimeter [mym],Volume [mym^3] ,Irregularity [-],Diameter Ratio [-]
37403.5,218.2283558832391,685.5845996477628,190096.53218175995,491.97400550317417,1545.5819214459164,62348368.24648232,1.2779802181500275,1.1511207976615359
84456.5,327.92278909817367,1030.1998251754974,429234.90502784005,739.2691357429227,2322.4824858756415,211546744.84708452,1.2672788213128048,1.0765031585139584
148300.5,434.536605021944,1365.1370060527888,753710.5022476799,979.6193223614706,3077.5648664454075,492232914.31239724,1.3333223874594575,1.0883165782762978
