Area [-],Diameter [-],Perimeter [-],Area [mym^2],Diameter [mym],Perimeter [mym],Volume [mym^3] ,Irregularity [-],Diameter Ratio [-]
156738.5,446.7277206335782,1403.4365252973628,796595.1130073599,1007.1029733963387,3163.9073026303745,534835537.9351365,1.4527336984564663,1.1065694219615583
148727.0,435.1610021243017,1367.0986074024786,755878.1114547198,981.0269631890258,3081.987100528148,494357872.14765316,1.397774559652166,1.0247178967529103
