Area [-],Diameter [-],Perimeter [-],Area [mym^2],Diameter [mym],Perimeter [mym],Volume [mym^3] ,Irregularity [-],Diameter Ratio [-]
2228.5,53.26738519434111,167.34442600247974,11325.94869376,120.08599318212259,377.26127397999034,906725.1984132892,1.1110252335401114,1.0906289358429109
93426.0,344.8966188677809,1083.5246840829793,474820.76852736,777.5349375755252,2442.698047796668,246126491.0776558,1.1637392917878497,1.0908728056548171
134815.5,414.3095773008914,1301.591924360373,685175.4256780798,934.0195110671295,2934.3088342780247,426644810.72470164,1.560149045608396,1.0540728909564234
129553.0,406.14283539054895,1275.9353479710771,658429.7200460801,915.6084081044536,2876.4686484659965,401909191.8800349,1.4088346627563433,1.0822668611596873
