Area [-],Diameter [-],Perimeter [-],Area [mym^2],Diameter [mym],Perimeter [mym],Volume [mym^3] ,Irregularity [-],Diameter Ratio [-]
162149.5,454.37336581167943,1427.4560280208398,824095.5430643199,1024.33931588585,3218.056869570181,562768976.5380557,1.3057550004915481,1.0328665876635115
