Area [-],Diameter [-],Perimeter [-],Area [mym^2],Diameter [mym],Perimeter [mym],Volume [mym^3] ,Irregularity [-],Diameter Ratio [-]
239508.0,552.2237380631417,1734.86203863706,1217256.1452748799,1244.9331950895466,3911.0729799033884,1010268388.1196276,1.534375188414247,1.0804592999391815
