Area [-],Diameter [-],Perimeter [-],Area [mym^2],Diameter [mym],Perimeter [mym],Volume [mym^3] ,Irregularity [-],Diameter Ratio [-]
1658.0,45.9459591821838,144.34348782888512,8426.485498879998,103.58057038031515,325.4079589614386,581880.1161836298,1.1626667560311386,1.040935797662046
1207.0,39.202042427599885,123.15684849626318,6134.359467519999,88.37708444878118,277.6447992499757,361424.5364667969,1.693041588744435,1.779267190651313
1964.5,50.01278922068062,157.11981120122502,9984.21638272,112.74883201910238,354.2109023720417,750472.4905184448,1.1898774323472774,1.3796471077735462
109062.0,372.64198800981393,1170.6893319507271,554287.9140403201,840.0840977693246,2639.2020299497194,310432308.1140021,1.2505401999399197,1.0236012321983898
