Area [-],Diameter [-],Perimeter [-],Area [mym^2],Diameter [mym],Perimeter [mym],Volume [mym^3] ,Irregularity [-],Diameter Ratio [-]
7881.5,100.17503417433998,314.70915143521296,40056.300035839995,225.83459704263205,709.4803109955441,6030732.251741796,1.435256577654157,1.4753611867263279
153756.5,442.4577449430308,1390.022001036932,781439.63667584,997.4767401995686,3133.6655991376592,519645240.9694348,1.1266017446887895,1.02560994283969
7223.5,95.90227239953414,301.2858744329436,36712.133896960004,216.20208289750977,679.2188753216282,5291493.210756683,1.666768021632339,1.4438443748872147
