Area [-],Diameter [-],Perimeter [-],Area [mym^2],Diameter [mym],Perimeter [mym],Volume [mym^3] ,Irregularity [-],Diameter Ratio [-]
158329.5,448.98928773206376,1410.5414478795653,804681.0831091199,1012.2014502631645,3179.9246400996917,542999572.88159,1.4144240906261358,1.1806350012030882
13024.5,128.7761952008333,404.5623488001831,66194.66850431998,290.3130544607586,912.0453591351328,12811450.935004344,1.277432462555573,1.3632898543221734
