Area [-],Diameter [-],Perimeter [-],Area [mym^2],Diameter [mym],Perimeter [mym],Volume [mym^3] ,Irregularity [-],Diameter Ratio [-]
131059.0,408.4966358410381,1283.3300301743502,666083.6930022399,920.9148158400362,2893.1392200250552,408937560.98347265,1.304673835310177,1.04358059875002
161732.5,453.78873351911204,1425.6193515054588,821976.2158911998,1023.0213208454861,3213.9162660339057,560599462.7230598,1.5340190052459337,1.0685079327819942
276006.0,592.8083617697826,1862.3623943225493,1402750.6372761603,1336.4271707737978,4198.509781760755,1249782710.3174138,1.4819823203605638,1.1111545714788913
