Area [-],Diameter [-],Perimeter [-],Area [mym^2],Diameter [mym],Perimeter [mym],Volume [mym^3] ,Irregularity [-],Diameter Ratio [-]
17568.5,149.56239146817526,469.86411028974015,89288.72767616,337.1734553258543,1059.2616502371902,20070525.888146736,1.1044538229293115,1.0244481673675463
1360.5,41.620216248983965,130.75376560862657,6914.495489279999,93.82861551170944,294.7712891880877,432518.3591474015,1.0780057986620857,1.1043175911371104
167884.5,462.33881985843504,1452.4802399366342,853242.6445939202,1042.296635488856,3274.471452913149,592887958.4772378,1.4695963426584768,1.077424149497441
9429.5,109.57195027505998,344.23043402363453,47923.73040511999,247.0190047000952,776.0330904628817,7892048.124125619,1.1279984936356724,1.0039065629831858
