Area [-],Diameter [-],Perimeter [-],Area [mym^2],Diameter [mym],Perimeter [mym],Volume [mym^3] ,Irregularity [-],Diameter Ratio [-]
11961.5,123.40929792503339,387.701743745959,60792.16302464001,278.2139212421953,874.03481110089,11275484.03725326,1.4279778553799571,1.6473928001007425
148407.0,434.6926053149643,1365.6270954272993,754251.76925952,979.9710094220554,3078.6697239313035,492763245.11974865,1.4805152397173496,1.368518535677132
251437.0,565.8087410155265,1777.540584111268,1277883.1329203201,1275.559225745403,4007.2874928204424,1086677079.7473023,1.4672690464482951,1.1336515064955905
7770.0,99.46391940091752,312.47511848716977,39489.62142720001,224.23145989742844,704.4439071174755,5903210.308945219,1.3798265614071423,1.4238754908670976
