Area [-],Diameter [-],Perimeter [-],Area [mym^2],Diameter [mym],Perimeter [mym],Volume [mym^3] ,Irregularity [-],Diameter Ratio [-]
137180.0,417.92702801657805,1312.9564809534972,697192.5698048,942.1746919605736,2959.9290906615643,437918129.7953587,1.2103456415742897,1.013470981509245
226978.0,537.5847518158395,1688.8723069865334,1153574.68369408,1211.9310644936286,3807.3937288704415,932035329.5881782,1.3779923270342302,1.0598587740650969
