Area [-],Diameter [-],Perimeter [-],Area [mym^2],Diameter [mym],Perimeter [mym],Volume [mym^3] ,Irregularity [-],Diameter Ratio [-]
17774.0,150.43456939188806,472.6041380474995,90333.14430464,339.13969323707244,1065.4387688142829,20423703.23241054,1.2659613049365581,1.0736158736869408
1609.5,45.268963399345076,142.21664285100772,8179.993009919998,102.05435108748354,320.6131996433118,556535.9190183579,1.469846099797009,1.2183695682630997
