Area [-],Diameter [-],Perimeter [-],Area [mym^2],Diameter [mym],Perimeter [mym],Volume [mym^3] ,Irregularity [-],Diameter Ratio [-]
3559.5,67.32084491,211.4946718,18090.51576,151.7681128,476.7935881,1830375.624,1.057817994,1.010088333
139909.5,422.0643412,1325.954234,711064.7605,951.5018507,2989.231224,451052957.1,1.540533864,1.129272108
18987.5,155.4851628,488.4710452,96500.53885,350.5257511,1101.209124,22550615.9,1.491402017,1.79961588
