Area [-],Diameter [-],Perimeter [-],Area [mym^2],Diameter [mym],Perimeter [mym],Volume [mym^3] ,Irregularity [-],Diameter Ratio [-]
1289.0,40.511797950271536,127.27156682428709,6551.109655040001,91.32979729909215,286.92102024867285,398874.3445859525,1.1424151696338527,1.3329450365615791
2287.5,53.96791137872287,169.54519391698076,11625.805536,121.66525941219282,382.2226851664414,942971.097608765,1.1319924531450776,1.266290723615086
1500.0,43.70193722368317,137.29368492956536,7623.479039999999,98.52164727707132,309.5148833052121,500718.4753353509,1.080658088078037,1.1144951463944108
6179.5,88.7016559410868,278.66447066576774,31406.192485120006,199.96901315358608,628.2211826689067,4186843.545440678,1.0825348265990957,1.144502640936115
1908.0,49.28834599938094,154.84390569924702,9697.06533888,111.11564722100438,349.0801010083825,718330.4608493462,1.1153856919880891,1.1769652345197497
1014.0,35.93139154501889,112.88179571108975,5153.4718310399985,81.00372909909058,254.4807202510807,278300.29074757226,1.0992318071848768,1.141063516803422
1025.0,36.12575996921783,113.49242212464297,5209.377343999998,81.44191327460467,255.85731643779508,282841.1052431588,1.1079163885705137,1.190286378380402
18000.5,151.39005391704336,475.6058812123461,91484.28963967999,341.29373755058253,1072.205898605113,20815343.42552428,1.2264582230166368,1.356262655314086
