Area [-],Diameter [-],Perimeter [-],Area [mym^2],Diameter [mym],Perimeter [mym],Volume [mym^3] ,Irregularity [-],Diameter Ratio [-]
12502.0,126.16671822742717,396.36443511081865,63539.15663871999,284.4302495719118,893.5639825138296,12048305.453559952,1.1001208277069308,1.1889030808395218
12737.5,127.34947467918404,400.08017409064394,64736.042848,287.0966557167525,901.9407444699476,12390334.270664794,1.0817249148996342,1.1621563447579057
12838.0,127.85088687729163,401.65540696863906,65246.815943680005,288.22703937616626,905.4919494700999,12537264.392112354,1.1073159718995726,1.1857985201272956
2005.5,50.531988947263585,158.7509252480039,10192.59147648,113.91931588271102,357.88808587909995,774088.6987150352,1.494401295083997,1.2999642910854015
14969.0,138.0547816815508,433.7118879237027,76077.23849984,311.2306998228881,977.7600801351954,15785048.11926531,1.105311791756206,1.193497161817784
2132.5,52.10742105638826,163.70029118825946,10838.0460352,117.4709700295217,369.04593645481214,848770.5206530372,1.1277327018519212,1.1469450198224507
1644.0,45.751566219579935,143.73278432565928,8355.33302784,103.142330885421,324.03118898376624,574525.6825435733,1.151714306248784,1.3201624114015829
