Area [-],Diameter [-],Perimeter [-],Area [mym^2],Diameter [mym],Perimeter [mym],Volume [mym^3] ,Irregularity [-],Diameter Ratio [-]
17654.5,149.92800786553167,471.012728077707,89725.80714111999,337.9977009320546,1061.8510941783827,20218077.685314324,1.167940382493626,1.2557822547175992
2472.5,56.10779602120983,176.26783978934742,12566.034617599998,126.48941535021544,397.37821802110483,1059646.914700528,1.9172429048813728,2.160036462813336
29842.0,194.92566402089471,612.3770340841551,151666.57434112,439.44041696870505,1380.5427856393192,44432281.77911792,1.1279406624044028,1.0388664071523042
1522.0,44.02125153930676,138.29684043771448,7735.29006592,99.24150947021316,311.77639708278355,511774.57488789706,1.1980117466324196,1.1243995329440748
1964.0,50.00642424588925,157.09981504318017,9981.675223040002,112.73448281993272,354.16582303334536,750185.9959639675,1.6376799575771122,1.5074550879503195
