Area [-],Diameter [-],Perimeter [-],Area [mym^2],Diameter [mym],Perimeter [mym],Volume [mym^3] ,Irregularity [-],Diameter Ratio [-]
1135.5,38.02319690724042,119.45339606978465,5770.97363328,85.7194951076828,269.2957360997225,329789.9640830077,1.104889098237609,1.1991809909494089
28895.5,191.80952339468158,602.5873895852912,146856.15906688,432.4153895409701,1358.4730110810804,42335242.15293039,1.138419169532753,1.0208190250598081
2090.0,51.585566280661205,162.0608360585946,10622.0474624,116.29450062312262,365.3499488104956,823523.8034899432,1.106609702139075,1.1527620153304254
1778.5,47.586306121735134,149.4967897235181,9038.904981759999,107.27856852083968,337.0255627526992,646453.8582927327,1.111227142428256,1.0507224467494947
5698.5,85.17954886986269,267.5994449656534,28961.59687296,192.02877497221843,603.276188730569,3707639.9791691606,1.0819224945961956,1.176862283478697
1131.5,37.956166098116874,119.24281257227794,5750.644355840001,85.56838085159468,268.8209966629434,328048.88425506034,1.1080323215839665,1.213584000859609
3074.0,62.561476649100044,196.5426754385421,15623.04971264,141.03859295773114,443.0858075086493,1468968.6327862877,1.0938843037125445,1.160568517192005
1746.0,47.149509489575756,148.12455263281342,8873.729602559999,106.29385419329958,333.93199145541456,628815.2803501858,1.3727507688969462,1.5837734419418599
59523.0,275.2944558491345,864.8630400696406,302514.8952652799,620.6238212662888,1949.7472375329978,125165300.1930061,1.2130721401512576,1.1954134609326608
