Area [-],Diameter [-],Perimeter [-],Area [mym^2],Diameter [mym],Perimeter [mym],Volume [mym^3] ,Irregularity [-],Diameter Ratio [-]
25151.0,178.95040594990022,562.1892806891177,127825.41422335999,403.425795173455,1267.3995143855468,34378712.91762352,1.0961427003405952,1.1685895137317532
16553.5,145.17772144435082,456.0892631544779,84130.17352576001,327.28865522414446,1028.207634855455,18356567.571346607,1.0980330341945863,1.155170998107126
4967.0,79.52471828745797,249.83427075067584,25243.880261119997,179.28052490724525,563.2263799803236,3017157.40260616,1.1236851584805465,1.2371874795352207
1395.0,42.14462201640385,132.40123491505298,7089.8355071999995,95.01083587378083,298.4853439924954,449074.1318311219,1.1117415802953148,1.1199904987767597
16237.0,143.7831370080123,451.7080469344661,82521.61944831997,324.1447040708629,1018.3306210090603,17832630.610349357,1.1020146491886116,1.1741972056223928
