Area [-],Diameter [-],Perimeter [-],Area [mym^2],Diameter [mym],Perimeter [mym],Volume [mym^3] ,Irregularity [-],Diameter Ratio [-]
13331.5,130.28504515345122,409.30254072669686,67754.94054784001,293.71460579394045,922.7316478142654,13267077.102400467,1.072705198103824,1.112944312443668
30252.5,196.26176226433032,616.5745105102066,153752.8664384,442.45251684870624,1390.0055764942097,45352228.48558203,1.1744552501936556,1.0783597127944233
6759.0,92.7675917703212,291.437984796858,34351.39655424001,209.13525888701213,657.0177929260368,4789392.141000933,1.0718984228935429,1.099053462778028
1102.0,37.45810964661924,117.67812208317997,5600.7159347199995,84.44556238733841,265.2935584243209,315303.73791943875,1.1007917333458885,1.1137586999261275
5072.0,80.36087960504629,252.46114900322726,25777.52379392,181.16556698161637,569.1484143128756,3113333.1423384156,1.0633350613306292,1.0203969941967979
