Area [-],Diameter [-],Perimeter [-],Area [mym^2],Diameter [mym],Perimeter [mym],Volume [mym^3] ,Irregularity [-],Diameter Ratio [-]
9371.5,109.2344469,343.170136,47628.95588,246.2581371,773.6427545,7819345.299,1.057547816,1.009833966
1327,41.10460894,129.1339375,6744.237791,92.66623039,291.1195486,416642.0619,1.16177349,1.229407839
16903.5,146.7044807,460.8857187,85908.9853,330.7305812,1039.020764,18941819.09,1.152750752,1.164669565
6937,93.98118281,295.2505935,35256.0494,211.8711785,665.6129379,4979827.158,1.322720632,1.157292983
27849,188.3041372,591.574894,141537.5119,424.5128469,1333.646441,40056328.06,1.127854217,1.077975728
37929.5,219.7574556,690.3884082,192769.8322,495.421208,1556.411628,63668175.41,1.067879849,1.040410665
1607,45.23379211,142.106149,8167.287212,101.9750609,320.3641023,555239.7407,1.127505015,1.122396972
