Area [-],Diameter [-],Perimeter [-],Area [mym^2],Diameter [mym],Perimeter [mym],Volume [mym^3] ,Irregularity [-],Diameter Ratio [-]
5307.0,82.20147361154487,258.2435456122846,26971.86884352,185.31500210986675,582.1842492283344,3332194.6210959717,1.1001539064142722,1.039127274987552
49383.0,250.751646929101,787.7595318680053,250980.17695487992,565.2945128369653,1775.9250886432312,94585144.57562946,1.0560594724013215,1.0264612175930696
5216.5,81.49757103810504,256.03217045872304,26511.91894144,183.72812414830398,577.1989250821453,3247323.4231217727,1.08961972332235,1.1366102404770737
1192.5,38.96585886512296,122.41485595148701,6060.665836800001,87.8446322255332,275.9720512570323,354931.30765036633,1.4315058979103523,1.79571097175828
9579.0,110.4371386763444,346.9485035490808,48683.53714944,248.96948543195083,782.1607064010477,8080476.795402228,1.1000097870215215,1.1257569682453137
