Area [-],Diameter [-],Perimeter [-],Area [mym^2],Diameter [mym],Perimeter [mym],Volume [mym^3] ,Irregularity [-],Diameter Ratio [-]
28059.5,189.01445713356506,593.8064299530708,142607.34008192,426.11419216190905,1338.6772156862028,40511341.01024398,1.0562827412962685,1.0316671166703684
24158.5,175.38402875257606,550.985176286074,122781.21225856,395.3857544198075,1242.1409814193253,32363961.49161951,1.0561332688607383,1.0206174488814213
21525.0,165.5490295967463,520.0876151900574,109396.92422399999,373.21373232290483,1172.4855196844653,27218956.262856692,1.057541584328323,1.0251079565660084
1163.0,38.48087304787918,120.8912280709387,5910.73741568,86.75128019913882,272.5371845631242,341842.69182079285,1.173635606951541,1.3904454333103453
1945.0,49.7639519583191,156.33806588585068,9885.111155199997,112.18785329483457,352.44853573306176,739326.2667218066,1.2004833135364852,1.391858077881791
