Area [-],Diameter [-],Perimeter [-],Area [mym^2],Diameter [mym],Perimeter [mym],Volume [mym^3] ,Irregularity [-],Diameter Ratio [-]
12468.0,125.99504213959376,395.82509877448416,63366.35778047999,284.0432229995002,892.3481026771972,11999189.66247133,1.1278120131114167,1.0888613493203854
3763.0,69.21849757715358,217.4563234809086,19124.76775168,156.04618093793505,490.23353565536036,1989564.645983095,1.1875937970412649,1.371361739502632
2348.0,54.67692795904102,171.77263519698164,11933.28585728,123.26366639086208,387.2442287880754,980627.0445723697,1.1175558313452583,1.2932452634053606
43499.5,235.34078179569136,739.3448711794225,221078.35100031993,530.5522584802065,1666.7790775868898,78195745.61619973,1.0751528197235647,1.10624621302919
3332.5,65.13885770283304,204.63975682245118,16936.829267200003,146.84904080526678,461.3398677805339,1658104.754780593,1.0939467890950758,1.2141816899217055
5819.5,86.07913528019598,270.4255790236257,29576.557515520006,194.05680257567383,609.6474253508618,3826354.788438219,1.1489054885089611,1.3339614506485766
9748.0,111.40708721656073,349.99568675738453,49542.44912128001,251.1561374210145,789.0302762258477,8295260.10645188,1.1732067779427704,1.425051472996724
