Area [-],Diameter [-],Perimeter [-],Area [mym^2],Diameter [mym],Perimeter [mym],Volume [mym^3] ,Irregularity [-],Diameter Ratio [-]
1568.5,44.68865881,140.3935622,7971.617916,100.7461124,316.5032466,535406.3431,1.166590134,1.362234705
38992.5,222.815603,699.9958615,198172.3376,502.3154954,1578.07067,66363357.31,1.289793122,1.054683769
39870,225.3088117,707.8285078,202632.0729,507.9361852,1595.728588,68616108.07,1.058462933,1.060766324
