Area [-],Diameter [-],Perimeter [-],Area [mym^2],Diameter [mym],Perimeter [mym],Volume [mym^3] ,Irregularity [-],Diameter Ratio [-]
3318.5,65.00188789,204.2094535,16865.6768,146.5402561,460.3697919,1647667.064,1.258979193,1.45654421
4069.5,71.98227787,226.1389953,20682.49864,162.2768472,509.8077511,2237527.114,1.124123464,1.042138922
7244.5,96.04157372,301.7235024,36818.8626,216.5161238,680.2054639,5314584.942,1.128296416,1.216360717
45624.5,241.0205751,757.188468,231878.2796,543.3567844,1707.005682,83995090.94,1.057474785,1.038566088
