Area [-],Diameter [-],Perimeter [-],Area [mym^2],Diameter [mym],Perimeter [mym],Volume [mym^3] ,Irregularity [-],Diameter Ratio [-]
39712.0,224.86193275101675,706.4245960025963,201829.06642432,506.92874119389217,1592.5636092282532,68208636.38587932,1.0669157390456911,1.0884688907164641
26516.0,183.7422645125437,577.2433483465599,134762.78014976002,414.2285611170785,1301.3374045124845,37215061.67571486,1.0572638958407268,1.0385028426633178
31256.0,199.49028851110083,626.7172248489827,158852.97391616,449.7309064194257,1412.8713116995466,47627394.631157346,1.0572277189989259,1.020835299981497
