Area [-],Diameter [-],Perimeter [-],Area [mym^2],Diameter [mym],Perimeter [mym],Volume [mym^3] ,Irregularity [-],Diameter Ratio [-]
19037.0,155.68770411668126,489.10734750722725,96752.11365632,350.98236016064624,1102.6436042202931,22638856.80108419,1.0571170536176704,1.034101394594283
23328.0,172.34306513341892,541.4317073202961,118560.34603007999,388.5302060367796,1220.6036409828755,30709517.113905907,1.062233649454778,1.0704521267945013
19578.0,157.88440013764824,496.00847158886705,99501.64843008002,355.9345916703142,1118.2014983499419,23610719.069655795,1.0632618073185989,1.0795668345723863
