Area [-],Diameter [-],Perimeter [-],Area [mym^2],Diameter [mym],Perimeter [mym],Volume [mym^3] ,Irregularity [-],Diameter Ratio [-]
24067.0,175.0515813214527,549.940761878752,122316.18003711998,394.6362849310829,1239.7864535794583,32180268.58454035,1.0719863668854381,1.1140745278637487
50999.0,254.82139537713186,800.5450236942976,259193.20504064,574.4693537382061,1804.7487014164244,99265701.99535388,1.0558975122874668,1.0360197565407878
