Area [-],Diameter [-],Perimeter [-],Area [mym^2],Diameter [mym],Perimeter [mym],Volume [mym^3] ,Irregularity [-],Diameter Ratio [-]
2849.5,60.23367897,189.2296834,14482.06902,135.7908059,426.5993982,1311021.215,1.138503193,1.305885611
30580,197.3212236,619.9029064,155417.326,444.8409665,1397.509112,46090662.34,1.059399707,1.06789232
23604,173.3595864,544.6252032,119963.0662,390.8218517,1227.803058,31256125.1,1.057634272,1.050690014
28846,191.6451615,602.0710313,146604.5843,432.044852,1357.308933,42226503.94,1.056849638,1.007069516
1861.5,48.68403653,152.9454115,9460.737489,109.7532919,344.8001357,692231.3891,1.340042277,1.619700564
