Area [-],Diameter [-],Perimeter [-],Area [mym^2],Diameter [mym],Perimeter [mym],Volume [mym^3] ,Irregularity [-],Diameter Ratio [-]
1853.0,48.572758583327925,152.59582152997356,9417.537774080001,109.50242695025447,344.01202005717244,687495.4947716382,1.2557510576721047,1.4358490404465007
42293.0,232.05413175697657,729.0195555628756,214946.53269247996,523.1428346329279,1643.5016860609464,74965158.93817553,1.056656067257504,1.0086108815024737
10396.5,115.05318303653802,361.45023459970963,52838.33322624,259.3758958375713,814.8534088815854,9136660.010080073,1.6408492552378557,1.4160353347795223
21753.0,166.42349538639067,522.8348304906198,110555.69303807999,375.1851279990791,1178.6788418580531,27652567.895679295,1.0799619004695986,1.1232503951680282
5024.5,79.98369891747834,251.27620092608782,25536.11362432,180.31525083956316,566.4770673677724,3069700.489091232,1.1143400737787321,1.1992879311722422
30056.5,195.6249584698548,614.5739323877042,152756.73184383995,441.0169063744406,1385.4954731748403,44912200.87042686,1.0620094555287651,1.0653115873570587
