Area [-],Diameter [-],Perimeter [-],Area [mym^2],Diameter [mym],Perimeter [mym],Volume [mym^3] ,Irregularity [-],Diameter Ratio [-]
6151,88.49687249,278.0211245,31261.34638,199.5073493,626.770823,4157912.236,1.1367797,1.253252945
8921.5,106.5795787,334.8296215,45341.91217,240.2730022,754.8398987,7262958.243,1.167339827,1.42605043
5515,83.79687398,263.2556437,28028.99127,188.9116727,593.4835231,3530002.417,1.189255446,1.434462167
15780,141.7452645,445.3058817,80198.9995,319.5505244,1003.89758,17085088.23,1.237956058,1.425005688
34570,209.799645,659.1050236,175695.7803,472.9723198,1485.886365,55399493.85,1.063666758,1.091273929
15243.5,139.3148485,437.6705044,77472.33516,314.0713944,986.6843852,16221229.55,1.162845583,1.396390299
9807.5,111.7465742,351.0622164,49844.84712,251.9214768,791.4346607,8371324.998,1.065595735,1.060539039
5183,81.23546369,255.2087359,26341.66124,183.1372293,575.3425743,3216092.571,1.083234045,1.120200413
