Area [-],Diameter [-],Perimeter [-],Area [mym^2],Diameter [mym],Perimeter [mym],Volume [mym^3] ,Irregularity [-],Diameter Ratio [-]
2719.5,58.843648271561776,184.8627731203602,13821.367499520002,132.65712066340888,416.75463572254006,1222335.2107447616,1.4706314327553234,1.2201831131983236
27126.0,185.84374052005631,583.8453299334567,137862.99495936,418.96612862841494,1316.2209118019846,38506616.852827825,1.056760774443449,1.0008408111002631
24435.0,176.38483006087486,554.1292863239286,124186.4735616,397.64196088923626,1249.2290630886644,32921168.575302612,1.0626449858666216,1.0669975353896637
