Area [-],Diameter [-],Perimeter [-],Area [mym^2],Diameter [mym],Perimeter [mym],Volume [mym^3] ,Irregularity [-],Diameter Ratio [-]
39701.0,224.83078785062042,706.3267514123145,201773.16091135997,506.8585281304387,1592.3430283839216,68180298.23717205,1.0665777171408277,1.0452305142307114
