Area [-],Diameter [-],Perimeter [-],Area [mym^2],Diameter [mym],Perimeter [mym],Volume [mym^3] ,Irregularity [-],Diameter Ratio [-]
2583,57.34786608,180.1636348,13127.63091,129.2850293,406.1608982,1131470.764,1.236619907,1.361535737
46783.5,244.0627015,766.7455899,237768.6878,550.2149542,1728.551258,87215925.1,1.058416443,1.014214337
36505,215.5913022,677.3000511,185530.0682,486.0290317,1526.905235,60115332.94,1.158607557,1.222444355
7694.5,98.9795013,310.9532741,39105.90632,223.1393877,701.0130612,5817378.661,1.119619263,1.180497971
11507.5,121.0446366,380.2729412,58484.79004,272.8830289,857.2873187,10639671.1,1.125061682,1.302247043
6919.5,93.86256458,294.8779433,35167.10881,211.6037656,664.7728355,4960995.1,1.16428121,1.260763722
13947,133.2586655,418.6444446,70883.10811,300.4183355,943.7920358,14196390.24,1.112612125,1.247806097
5256,81.80554411,256.9996964,26712.67056,184.4224186,579.3801156,3284276.875,1.287461433,1.540750104
4122,72.44510614,227.5930132,20949.3204,163.3202473,513.085689,2280965.459,1.179262546,1.388535238
