Area [-],Diameter [-],Perimeter [-],Area [mym^2],Diameter [mym],Perimeter [mym],Volume [mym^3] ,Irregularity [-],Diameter Ratio [-]
44410.5,237.79235648241712,747.0467202049668,225708.34393728,536.0790884539612,1684.1421260300772,80665015.51623347,1.0728609641758486,1.1061907332220118
3390.0,65.69841745926763,206.3976656425106,17229.0626304,148.11051232017294,465.3028974244759,1701203.5286565935,1.46343113662373,1.3726463751731808
4564.0,76.23034357899276,239.4846873683895,23195.70555904,171.85368656448128,539.8942792032973,2657511.6751901708,1.214842066876835,1.206868494625977
