Area [-],Diameter [-],Perimeter [-],Area [mym^2],Diameter [mym],Perimeter [mym],Volume [mym^3] ,Irregularity [-],Diameter Ratio [-]
22875.0,170.66152051888218,536.148979112584,116258.05535999997,384.739331857768,1208.6942585114093,29819364.36152653,1.055703363446631,1.0078428896979723
2233.5,53.32710870810442,167.53205295456513,11351.36029056,120.2206338715506,377.6842601807716,909778.4862903147,1.1027878176093604,1.1213922378813976
5541.0,83.9941683533895,263.87546224339275,28161.131573760005,189.35645313588128,594.8808420815046,3554994.6607333818,1.2160175666810342,1.2944228228848453
26492.0,183.65909184988348,576.982053720567,134640.80448512002,414.0410566663773,1300.7483419076461,37164547.3062868,1.0574963501981474,1.0354736411035508
35078.5,211.33701372450687,663.934809748516,178280.13966976,476.4381637405283,1496.7746350970547,56626308.25044358,1.0562945843939058,1.0051549839425291
2078.0,51.43726056041154,161.5949198973729,10561.059630079999,115.96016020739177,364.29958741663745,816441.4444425963,1.1930692953015452,1.329288556740361
27457.5,186.97586689079884,587.4020098227166,139547.78382719998,421.5183943186169,1324.2390909443325,39214638.51304186,1.0614736483141405,1.0561429912134355
