Area [-],Diameter [-],Perimeter [-],Area [mym^2],Diameter [mym],Perimeter [mym],Volume [mym^3] ,Irregularity [-],Diameter Ratio [-]
92907.0,343.93730007475165,1080.510895210348,472183.0447795201,775.3722492885202,2435.9037621622087,244078419.67106566,1.0752575987893807,1.1289997178604914
51935.5,257.1504080797716,807.8618328910278,263952.79712128005,579.7198799750371,1821.243716069533,102012455.91081588,1.067890173055694,1.05385794260895
71018.5,300.7051090483402,944.6929614831832,360938.69746816007,677.9095978385782,2129.715812367688,163122538.1633471,1.117659216944927,1.0232048379125456
45465.0,240.5989108482916,755.8637707826985,231067.64970239997,542.4061846163886,1704.0192848525155,83555014.84223665,1.182648183650846,1.2315071786650849
57480.0,270.52875823353264,849.8911594512354,292131.71681280003,609.880032561676,1915.9946298668651,118776867.3080592,1.0680425311449524,1.106977800768482
7543.5,98.00348211012556,307.8870194233892,38338.47609216,220.93905006906706,694.1004965880886,5646977.659264979,1.1744734156860084,1.3854833840734837
1659.5,45.966738240688805,144.40876716643297,8434.108977920001,103.62741468980884,325.5551247000065,582669.9390626372,1.5191579290699193,1.8304266032318324
