Area [-],Diameter [-],Perimeter [-],Area [mym^2],Diameter [mym],Perimeter [mym],Volume [mym^3] ,Irregularity [-],Diameter Ratio [-]
23023.5,171.21457490006514,537.886450693544,117012.77978495999,385.98613765470685,1212.6112144435256,30110207.283624977,1.0605545666789389,1.0732778946459622
1046.0,36.493952427669164,114.64913284722084,5316.10605056,82.27196635293737,258.4650050907747,291577.6654135461,1.1966593617444696,1.4460262597230713
2961.5,61.406016901710736,192.91269158462512,15051.288784639997,138.43372450321667,434.9023719083788,1389070.6433541386,1.4436189719828203,1.821753197981794
18830.0,154.83895061438227,486.4409097396961,95700.07354879998,349.0689302650634,1096.6323869171708,22270614.866645,1.3003808359972626,1.417204918195077
