Area [-],Diameter [-],Perimeter [-],Area [mym^2],Diameter [mym],Perimeter [mym],Volume [mym^3] ,Irregularity [-],Diameter Ratio [-]
17905.5,150.99003499653696,474.3491847103863,91001.46930048,340.39193489619294,1069.3728020110948,20650777.475724593,1.0708833635265702,1.0199541607646032
19426.5,157.27233709650798,494.085618835287,98731.67704704,354.5547567503676,1113.866619102271,23337190.49264608,1.0917712913146562,1.113728934630904
