Area [-],Diameter [-],Perimeter [-],Area [mym^2],Diameter [mym],Perimeter [mym],Volume [mym^3] ,Irregularity [-],Diameter Ratio [-]
1427.5,42.632727453324456,133.93466336986,7255.0108864,96.11122077077465,301.9423051010124,464858.6353314426,1.1208815303630073,1.1119307402899306
16975.0,147.01442538703265,461.85943876762656,86272.371136,331.4293205925264,1041.2159187577372,19062128.901007175,1.1130510984321342,1.1099885316850588
1437.0,42.77435242974964,134.37959135536218,7303.292920320001,96.43050011762759,302.9453507515285,469506.79254132434,1.4449107832310926,1.517958754967155
10711.0,116.78042971173863,366.8765400654573,54436.72266495999,263.26980074214356,827.0864719235668,9554363.419372898,1.1737390236990037,1.1131923798666148
1353.0,41.50533825939352,130.39286576047004,6876.378094080001,93.56963457197675,293.9576765704037,428946.79029454105,1.960401459019874,1.2956178892041068
1508.0,43.818320751263684,137.65931456481118,7664.13759488,98.78402230164885,310.33915875491033,504729.5593970209,1.5096935169641932,1.426710622825103
