Area [-],Diameter [-],Perimeter [-],Area [mym^2],Diameter [mym],Perimeter [mym],Volume [mym^3] ,Irregularity [-],Diameter Ratio [-]
14331.5,135.0830579139071,424.3759423667751,72837.25990784,304.5312457611122,956.7131244716579,14787480.998373615,1.0620720266884678,1.0302325385513376
18101.5,151.8141812184341,476.9383164265821,91997.60389504,342.2498901388378,1075.2097405520867,20990779.88407584,1.0675263567564102,1.0396110329562673
25406.0,179.85528592049093,565.032044957106,129121.40566016,405.46575657915474,1273.8082421513,34902872.29104048,1.0704573537592692,1.0023826241963276
15342.0,139.76423396322417,439.0822906534701,77972.94362112,315.08448904669257,989.867116049183,16378710.066884771,1.0751359498899091,1.097431465414673
