Area [-],Diameter [-],Perimeter [-],Area [mym^2],Diameter [mym],Perimeter [mym],Volume [mym^3] ,Irregularity [-],Diameter Ratio [-]
17591.5,149.66026009334814,470.1715736436002,89405.62102144,337.3940903544441,1059.9547956221325,20109952.11806861,1.0972883182340045,1.150207987934622
11513.5,121.0761888164155,380.3720653103016,58515.28395135999,272.95416006772706,857.5107840355438,10647993.454712009,1.0627292927742302,1.05718557258259
11172.5,119.2697313384817,374.69691176860243,56782.2130496,268.88168232947316,844.7167178911374,10178464.647444675,1.068150079137715,1.0386386988478724
13487.0,131.04267144652974,411.68269392319877,68545.24120831999,295.4225985090566,928.0974651804593,13499875.515461309,1.0634133796254015,1.0477088829715504
18696.5,154.28908953046866,484.7134701979782,95021.58391424001,347.82932343748854,1092.738047214322,22034195.496565767,1.079406970478104,1.1011820465286977
21239.5,164.4474728002911,516.6269724508019,107945.92204671999,370.7303826809763,1164.6838466930878,26679221.99282089,1.085390876401755,1.1131278139525114
