Area [-],Diameter [-],Perimeter [-],Area [mym^2],Diameter [mym],Perimeter [mym],Volume [mym^3] ,Irregularity [-],Diameter Ratio [-]
19355.0,156.98264677456893,493.1755298480672,98368.29121280002,353.9016788885882,1111.8149144894826,23208468.93974099,1.0623621581980454,1.0128508040021011
22318.0,168.57093509676974,529.5812113087736,113427.20347647995,380.0263160821577,1193.8878827744993,28736881.52044533,1.0729521344214665,1.0677997360379432
16483.0,144.86824157098644,455.11700345788245,83771.87001088,326.59096379763184,1026.0157725954502,18239423.843988817,1.082709377132287,1.0092698685198191
