Area [-],Diameter [-],Perimeter [-],Area [mym^2],Diameter [mym],Perimeter [mym],Volume [mym^3] ,Irregularity [-],Diameter Ratio [-]
1191.0,38.94134432424719,122.33784124996556,6053.04235776,87.78936664458287,275.7984293139224,354261.836573722,1.8797577902331453,1.5530808800135303
1296.5,40.62948522623857,127.64129230588613,6589.227050240001,91.59511149403224,287.7545293743897,402360.6575508173,1.7554351833556832,1.5467547479913497
