Area [-],Diameter [-],Perimeter [-],Area [mym^2],Diameter [mym],Perimeter [mym],Volume [mym^3] ,Irregularity [-],Diameter Ratio [-]
13267.5,129.97194181735446,408.3188975862008,67429.6721088,293.0087456330439,920.514122718331,13171655.762031287,1.0768259373851887,1.070103422746844
1003.0,35.73596596384892,112.26784814096266,5097.566318080001,80.563161668901,253.0966368489862,273784.039600949,1.091751053898337,1.05703455411284
16102.5,143.18638122774792,449.8332833592003,81838.0474944,322.7993778398349,1014.1041540049812,17611513.876546122,1.0766562061378862,1.0680821258403865
19587.5,157.92270128926998,496.12879820542594,99549.93046399996,356.0209377865302,1118.4727626743122,23627906.40025143,1.0849136819291683,1.1113435670806429
15961.0,142.5558710594479,447.8524772464553,81118.89930495998,321.3779557164193,1009.6386247044087,17379884.01906274,1.080876360487715,1.0673306540646246
