Area [-],Diameter [-],Perimeter [-],Area [mym^2],Diameter [mym],Perimeter [mym],Volume [mym^3] ,Irregularity [-],Diameter Ratio [-]
1300.5,40.69211260094613,127.83804200618101,6609.5563276799985,91.73629864757295,288.1980818987345,404224.1554693386,1.689042452407093,1.5204495454538645
5962.0,87.12665588504497,273.7164620603032,30300.788024320005,196.41833302724538,617.0663920687475,3967753.5154325706,1.9094273440272864,1.9164342067990436
1276.0,40.306992682189374,126.62815209866369,6485.039503360001,90.86808430272772,285.47050609122743,392855.410865224,1.3454159145308286,1.4953470248845564
3164.0,63.47070126871181,199.39908882397737,16080.458455039998,143.0883489401839,449.52530584477455,1533950.8336885956,1.9191471199561747,1.6781316362257785
