Area [-],Diameter [-],Perimeter [-],Area [mym^2],Diameter [mym],Perimeter [mym],Volume [mym^3] ,Irregularity [-],Diameter Ratio [-]
12992.0,128.61542739966785,404.0572818571079,66029.49312511999,289.9506195298112,910.906736218664,12763528.292578636,1.0715323723702432,1.0107652140052348
14486.0,135.80923401975863,426.65729188613074,73622.47824895999,306.16833717414386,961.856198828093,15027247.829415768,1.084949423157727,0.9977651595191529
21671.0,166.10952463346499,521.8484622797864,110138.94285056001,374.47731233368347,1176.4551733635503,27496356.867967248,1.097831313356898,1.055190492832206
