Area [-],Diameter [-],Perimeter [-],Area [mym^2],Diameter [mym],Perimeter [mym],Volume [mym^3] ,Irregularity [-],Diameter Ratio [-]
11714.5,122.12847598656124,383.67792295349824,59536.83014272002,275.3264362641037,864.9635095063666,10928042.179770911,1.064892341629805,1.0538643596821258
4603.5,76.55950786276203,240.5187874641032,23396.457173759998,172.59575452581072,542.2255544590743,2692086.1194239496,1.069266629497123,1.0067284981097395
13300.5,130.13347979958897,408.8263841244644,67597.38864768,293.37291686019336,921.6582003701926,13220828.719801335,1.0852733504358898,1.0374381161313775
7558.0,98.09762728582358,308.18278521573296,38412.16972287999,221.15129095316067,694.7672709903484,5663267.281684548,1.0731782500142732,1.0631277124312255
