Area [-],Diameter [-],Perimeter [-],Area [mym^2],Diameter [mym],Perimeter [mym],Volume [mym^3] ,Irregularity [-],Diameter Ratio [-]
22203.0,168.13606874122763,528.2150383609091,112842.73675008002,379.0459533702236,1190.8079824808337,28515055.154892832,1.0791330029649089,1.066592331699911
