Area [-],Diameter [-],Perimeter [-],Area [mym^2],Diameter [mym],Perimeter [mym],Volume [mym^3] ,Irregularity [-],Diameter Ratio [-]
16369.5,144.3686071399951,453.5473555999996,83195.02676351999,325.46458793640494,1022.4771584646389,18051356.73596481,1.0714926333675778,1.0444455982302492
21702.0,166.22829061216535,522.2215766059678,110296.49475071998,374.74505835606556,1177.2963223004938,27555377.574552026,1.0990649011555034,1.1457804198314359
14388.0,135.34906933425705,425.2116418907175,73124.41095168,305.13094190714907,958.5971254784334,14875013.593394374,1.090586343619955,1.1769159563020322
