Area [-],Diameter [-],Perimeter [-],Area [mym^2],Diameter [mym],Perimeter [mym],Volume [mym^3] ,Irregularity [-],Diameter Ratio [-]
15941.5,142.4687621985802,447.5788166890908,81019.79407743999,321.1815775004792,1009.0216843438862,17348043.513704102,1.079910879995425,1.0078074869840414
27578.5,187.38739761381683,588.6948717188765,140162.74446976,422.44614918058863,1327.153718803035,39474141.1065553,1.099327749631398,1.125670645977148
