Area [-],Diameter [-],Perimeter [-],Area [mym^2],Diameter [mym],Perimeter [mym],Volume [mym^3] ,Irregularity [-],Diameter Ratio [-]
27084.0,185.699811065082,583.3931622150742,137649.53754624,418.64165406512086,1315.2015448976633,38417220.05310458,1.0626717034526294,1.028184267783998
