Area [-],Diameter [-],Perimeter [-],Area [mym^2],Diameter [mym],Perimeter [mym],Volume [mym^3] ,Irregularity [-],Diameter Ratio [-]
24514.0,176.66973198496052,555.0243321156297,124587.97679104001,398.284243786895,1251.2468543214754,33080952.080772396,1.066283468755594,1.0165668228333207
28051.0,188.98582610705506,593.7164829305223,142564.14036736003,426.04964637574494,1338.4744391185695,40492934.3929172,1.060798020939756,1.0382368637553434
20444.5,161.34046570013993,506.8660217703156,103905.47815551997,363.72594587439545,1142.6787594789994,25195412.215765223,1.0581016939799819,1.0102859148984014
2054.0,51.13935886268055,160.6590341122893,10439.083965439999,115.28857062002703,362.189726502745,802338.045972014,1.4335244653361956,1.8475810036042926
