Area [-],Diameter [-],Perimeter [-],Area [mym^2],Diameter [mym],Perimeter [mym],Volume [mym^3] ,Irregularity [-],Diameter Ratio [-]
24744.0,177.49658953041003,557.6219817059791,125756.91024384,400.14831143735637,1257.1029955579593,33547610.190434504,1.065518281975863,1.038249791766097
25488.5,180.14706807489873,565.9487056298422,129540.69700736001,406.1235502680517,1275.8747619719163,35073018.51521802,1.102672211277541,1.045206285011731
21872.5,166.87999263608518,524.268958896644,111163.03020159999,376.21425539879044,1181.9119409365942,27880744.423445463,1.0616689345691215,1.0042204710244746
22255.5,168.33473405050253,528.8391638370504,113109.55851648003,379.4938244434529,1192.2150109542463,28616252.628353026,1.0786983465799773,1.0192301627270373
26884.5,185.0146170993862,581.2405618861602,136635.61483392,417.0969527888562,1310.3487227161593,37993532.39310657,1.0760234834028954,1.029916579400166
28834.0,191.6052948978542,601.9457868400046,146543.59642623996,431.9549768177225,1357.0265818521066,42200157.19805478,1.0834138724733233,1.0701088051501961
14871.5,137.60443993392425,432.2970975977544,75581.71236224,310.21544938703886,974.5705768243776,15631076.577262795,1.067659826606355,1.00287461702737
