Area [-],Diameter [-],Perimeter [-],Area [mym^2],Diameter [mym],Perimeter [mym],Volume [mym^3] ,Irregularity [-],Diameter Ratio [-]
7779.0,99.52150731623206,312.6560362588575,39535.36230144,224.36128609371355,704.8517681419683,5913469.821421332,1.0609282601719996,1.0444445358806325
15787.5,141.77894523696523,445.4116927901596,80237.11689600002,319.6264541422144,1004.1361202261357,17097270.10937523,1.0605349589745319,1.02977208467717
10013.5,112.91405661477916,354.7299707480122,50891.80491136001,254.55344923235813,799.7032460543187,8636456.318564635,1.0742282706789448,1.0733374469697623
20926.5,163.23126947034498,512.8061570041717,106355.15608703997,367.9885738939457,1156.0702003502047,26091654.809825227,1.0947014019711003,1.1163242511650486
20323.0,160.8603346622551,505.35764562893615,103287.97635328,362.6435384625879,1139.2782763058738,24971144.816929042,1.0652998545909944,1.0453310216386658
