Area [-],Diameter [-],Perimeter [-],Area [mym^2],Diameter [mym],Perimeter [mym],Volume [mym^3] ,Irregularity [-],Diameter Ratio [-]
10382.5,114.97569122737565,361.2067869013318,52767.18075519998,259.20119830299564,814.3045803903623,9118210.988545736,1.1586626328702136,1.0270591016115913
28901.5,191.82943648502777,602.6499484036331,146886.65298304,432.4602816118466,1358.6140436811504,42348428.87604471,1.0735379631150648,1.088085864286269
24353.0,176.08862153170324,553.1987197847524,123769.72337408,396.97418838107177,1247.1311938827457,32755590.321716785,1.0737810108974244,1.0793023992744708
20766.0,162.60409707621267,510.83583681823126,105539.44382976003,366.57467644861384,1151.6283105230207,25792058.316307288,1.0662927950493266,1.0170158325383394
24294.0,175.8751872772167,552.528196298833,123469.86653184002,396.49302219775734,1245.6195657360893,32636627.02104199,1.1168083501384007,1.0302771989484223
