Area [-],Diameter [-],Perimeter [-],Area [mym^2],Diameter [mym],Perimeter [mym],Volume [mym^3] ,Irregularity [-],Diameter Ratio [-]
30316.5,196.4692511767772,617.226356153251,154078.13487744002,442.9202798529265,1391.4750973118892,45496220.41275513,1.0758709573666387,1.0555736081116067
21855.5,166.81512782106827,524.0651800703104,111076.63077247998,376.06802415981633,1181.4525419505078,27848246.04329067,1.0640460877149114,1.0209148825730807
25159.0,178.97886385266827,562.2786838273904,127866.07277824,403.4899506694553,1267.6010648204688,34395116.93172603,1.1209718053521662,1.0424918947198718
21835.0,166.73687492361213,523.81934134254,110972.44322559997,375.89161082779117,1180.8983231226223,27809073.62771092,1.059880400861795,1.0015780856904535
26635.5,184.15583589393367,578.5426211600695,135370.11731328,415.16091643928405,1304.2664851432608,37466921.30818314,1.0708143734533482,1.0272350304040803
28417.0,190.2147421803555,597.5772366382814,144424.26925311997,428.82011477139343,1347.1781222773416,41288021.14459836,1.0808586585783093,1.0701440506099722
23714.5,173.76489629272655,545.898521645022,120524.66246271999,391.73558220232275,1230.6736271965376,31475865.8797147,1.1038682889332159,1.0716338298553585
14925.0,137.851732688321,433.07399069825317,75853.61644800002,310.77294617255086,976.322004630142,15715501.240925087,1.0640637219453757,0.9938213856894585
