Area [-],Diameter [-],Perimeter [-],Area [mym^2],Diameter [mym],Perimeter [mym],Volume [mym^3] ,Irregularity [-],Diameter Ratio [-]
1488.0,43.52677845379694,136.74340742487897,7562.491207679998,98.12676934623983,308.2743376986471,494721.8869459879,1.1011027468326793,1.171692503136564
22515.0,169.313284622655,531.9133711256907,114428.42039039999,381.69986885331343,1199.145503865757,29118208.704071656,1.0543873083074753,1.0023172595087602
