Area [-],Diameter [-],Perimeter [-],Area [mym^2],Diameter [mym],Perimeter [mym],Volume [mym^3] ,Irregularity [-],Diameter Ratio [-]
24705.0,177.35665466139744,557.1823633495081,125558.69978879995,399.83284226865436,1256.111919935131,33468327.872075055,1.0717960451786435,1.03280179128092
17202.5,147.99629477897963,464.9440724361519,87428.59879039998,333.6428469497317,1048.1699169000608,19446617.736836616,1.0750336323422751,1.0085352199588147
