Area [-],Diameter [-],Perimeter [-],Area [mym^2],Diameter [mym],Perimeter [mym],Volume [mym^3] ,Irregularity [-],Diameter Ratio [-]
15972.0,142.60498591742862,448.00677612346965,81174.80481791997,321.4886802522511,1009.98647609275,17397853.91376478,1.0660282385570758,1.0555338060345152
14850.5,137.50725020554202,431.99176706106437,75474.98365568,309.9963448633739,973.8822396624635,15597979.374589123,1.0649080852220043,1.0030671157216782
21275.0,164.58484533589532,517.0585409994611,108126.34438399998,371.0400753252424,1165.656774829185,26746137.976588305,1.0714730279606963,1.0254782731602359
6297.0,89.54099292054629,281.3013255543239,32003.36500992,201.86121444007955,634.1657083296677,4306825.418047734,1.0827994718490028,1.1335387390015368
14902.5,137.74778515611698,432.74742989472225,75739.26426239999,310.5386068559501,975.5858059546617,15679977.072226891,1.070241418753377,1.0239355985287895
24374.0,176.1645272561274,553.4371846509687,123876.45208064001,397.1453102462136,1247.6687890771439,32797967.99584399,1.0867902282785964,1.0269640838132568
