Area [-],Diameter [-],Perimeter [-],Area [mym^2],Diameter [mym],Perimeter [mym],Volume [mym^3] ,Irregularity [-],Diameter Ratio [-]
39460.0,224.14734536739337,704.1796535278571,200548.32194559998,505.3177753962516,1587.5026109132011,67560421.27000123,1.3162713143131286,1.2622655477625198
31314.0,199.6752941749101,627.2984372832784,159147.74843904004,450.14798318791736,1414.1815970114228,47760025.32582126,1.1962118300000546,1.0445321320497882
