Area [-],Diameter [-],Perimeter [-],Area [mym^2],Diameter [mym],Perimeter [mym],Volume [mym^3] ,Irregularity [-],Diameter Ratio [-]
22856.5,170.59249589076083,535.9321318479612,116164.03245184002,384.5837227361312,1208.2053980380438,29783197.365579594,1.0583942442008634,1.0262358234401425
1625.5,45.493415786979625,142.9217808230811,8261.31011968,102.56035655016686,322.20286268755405,564855.274297255,1.411421466719101,1.4925067679016586
