Area [-],Diameter [-],Perimeter [-],Area [mym^2],Diameter [mym],Perimeter [mym],Volume [mym^3] ,Irregularity [-],Diameter Ratio [-]
3473,66.49782657,208.9090834,17650.89514,149.9127002,470.9646377,1764062.234,1.210066757,1.312172201
27480.5,187.0541614,587.6479794,139664.6772,421.6949015,1324.793605,39263921.53,1.067252217,1.093649069
