Area [-],Diameter [-],Perimeter [-],Area [mym^2],Diameter [mym],Perimeter [mym],Volume [mym^3] ,Irregularity [-],Diameter Ratio [-]
2152.5,52.351199795634464,164.4661446845767,43758.7696896,236.04108963855666,741.5449531538194,6885911.785850552,1.1363703016053361,1.1886145006331958
3903.0,70.49435398031065,221.46454458410233,79345.16984832002,317.8449432264247,998.5393386208007,16812974.003820196,1.4055487708872403,1.4965130390319392
2853.0,60.270659703784716,189.34586175242043,57999.42853631999,271.74835047242453,853.7226214693133,10507499.35539215,1.1092103269120808,1.033000104599995
2362.5,54.84549593573589,172.30220711419673,48027.917951999996,247.28737207504597,776.8761914364901,7917798.411057334,1.137094429969713,1.2207756902260551
1973.5,50.1272205646278,157.4793078707099,40119.82902784,226.0136120817938,710.0427033274567,6045084.983124081,1.2038453603654753,1.309732078105558
