Area [-],Diameter [-],Perimeter [-],Area [mym^2],Diameter [mym],Perimeter [mym],Volume [mym^3] ,Irregularity [-],Diameter Ratio [-]
6651,92.02345468,289.1002092,135210.0243,414.9153525,1303.495023,37400476.58,1.354217678,1.437967327
1804.5,47.93287764,150.5855762,36684.18114,216.1197587,678.9602462,5285450.917,1.37071004,1.399643401
2049,51.07707732,160.4633709,41654.68947,230.2963262,723.4972465,6395281.303,1.198458283,1.339233123
