Area [-],Diameter [-],Perimeter [-],Area [mym^2],Diameter [mym],Perimeter [mym],Volume [mym^3] ,Irregularity [-],Diameter Ratio [-]
1189.0,38.90863424344407,122.23507950041615,24171.510876160002,175.43125007684063,551.1335264514763,2826958.912833799,1.3542683872862307,1.6078193720774534
2593.0,57.45876903918389,180.51204669781276,52713.81640191999,259.0700978438723,813.8927161510982,9104382.381979557,1.3388648779276169,1.3300414830433027
1186.5,38.867707931241206,122.10650569866111,24120.687682559994,175.24672152038033,550.5538128941232,2818047.6247904394,1.0684773554650497,1.0548602472914255
1241.5,39.75835628881939,124.90456003576055,25238.79794176,179.26247683502888,563.1696802892371,3016246.2875858177,1.0992109762126763,1.0733491692625219
