Area [-],Diameter [-],Perimeter [-],Area [mym^2],Diameter [mym],Perimeter [mym],Volume [mym^3] ,Irregularity [-],Diameter Ratio [-]
2017.0,50.67666289063264,159.20543184565798,41004.15259648001,228.49093764128446,717.8254511057028,6246051.515970684,1.128612493201386,1.1794196221470727
5303.0,82.17048926305945,258.14620541070656,107806.15826432,370.49030198928244,1163.9296109557936,26627424.087768197,1.2883897565393079,1.4415653739247034
2539.0,56.857323222981385,178.62254894009865,51616.03542016,256.35829894777845,805.3733486611168,8821466.025826998,1.1484388968292123,1.275451677986051
