Area [-],Diameter [-],Perimeter [-],Area [mym^2],Diameter [mym],Perimeter [mym],Volume [mym^3] ,Irregularity [-],Diameter Ratio [-]
2653,58.11974288,182.5885573,53933.57305,262.0502967,823.2552869,9422205.879,1.103465803,1.150217176
2131.5,52.09520217,163.6619044,43331.85486,234.8868476,737.9187947,6785388.525,1.069860781,1.03872987
1310,40.84046772,128.3041134,26631.35345,184.1415009,578.4975863,3269291.596,1.081108573,1.037535054
