Area [-],Diameter [-],Perimeter [-],Area [mym^2],Diameter [mym],Perimeter [mym],Volume [mym^3] ,Irregularity [-],Diameter Ratio [-]
3031.0,62.1223716554051,195.16318641619546,61618.03992064001,280.0973493198905,879.951774913342,11506033.101372307,1.3267669858380593,1.3577767578773818
1600.0,45.1351666838205,141.79630807244126,32526.843903999998,203.50543954400987,639.3311938370232,4412926.4437752785,1.2953880242967386,1.2450150564595497
