Area [-],Diameter [-],Perimeter [-],Area [mym^2],Diameter [mym],Perimeter [mym],Volume [mym^3] ,Irregularity [-],Diameter Ratio [-]
3547,67.20253466,211.1229892,72107.94708,303.0027883,951.9113337,14565939.35,1.451248476,1.544003265
1773,47.51266897,149.2654518,36043.8089,214.2251219,673.008069,5147659.569,1.075330323,1.086366599
1258,40.02168596,125.7318346,25574.23102,180.4497777,566.8996959,3076576.201,1.074141829,1.066690353
2520,56.64418463,177.9529543,51229.77915,255.3972997,802.3542804,8722631.505,1.079872606,1.104779438
