Area [-],Diameter [-],Perimeter [-],Area [mym^2],Diameter [mym],Perimeter [mym],Volume [mym^3] ,Irregularity [-],Diameter Ratio [-]
1616.5,45.36729795859999,142.52556997995694,32862.276981760006,204.55207303573565,642.6192899256299,4481364.587529031,1.5662985127355973,1.5612688948788065
3499.5,66.75104333866777,209.70458737221256,71142.30640128002,300.9671042053852,945.516043543832,14274329.296056988,1.207311277140066,1.2729600678686153
1897.0,49.146062063634396,154.39690753198184,38564.63930368001,221.58976463251477,696.1447766801998,5697019.56429352,1.5595774621094023,1.607093773250829
1570.0,44.710022201226934,140.46067728921108,31916.965580799995,201.58854810089198,633.3091017615949,4289396.500813075,1.465345167917964,1.4239169980540978
7295.5,96.37903868899802,302.7836799054026,148312.24356351997,434.5538096409543,1365.1910559574794,42966433.6379498,1.186530177625473,1.0302171240778804
