Area [-],Diameter [-],Perimeter [-],Area [mym^2],Diameter [mym],Perimeter [mym],Volume [mym^3] ,Irregularity [-],Diameter Ratio [-]
1574.5,44.77405123,140.6618304,32008.44733,201.8772422,634.2160609,4307851.382,1.250686696,1.429206977
1490,43.5560205,136.835274,30290.62339,196.3853852,616.9628835,3965757.161,1.474936753,1.453516333
2609.5,57.64129242,181.0854608,53049.24948,259.8930593,816.4781257,9191421.159,1.178337138,1.214469135
1287,40.48035689,127.1727918,26163.78007,182.5178332,573.3966838,3183570.963,1.21002494,1.123206975
1241,39.75034937,124.8794056,25228.6333,179.2263752,563.0562638,3014424.333,1.368142421,1.374528044
