Area [-],Diameter [-],Perimeter [-],Area [mym^2],Diameter [mym],Perimeter [mym],Volume [mym^3] ,Irregularity [-],Diameter Ratio [-]
1416,42.46065467,133.3940808,28786.25686,191.4465998,601.4472315,3674020.664,1.488144491,1.705783772
5221.5,81.53661928,256.1548441,106149.3222,367.632309,1154.950961,26015946.93,1.128921509,1.144063542
2031,50.85223216,159.756999,41288.76248,229.2825443,720.3123569,6311195.01,1.071602241,1.081565109
