Area [-],Diameter [-],Perimeter [-],Area [mym^2],Diameter [mym],Perimeter [mym],Volume [mym^3] ,Irregularity [-],Diameter Ratio [-]
12420.5,125.7548081,395.0703813,252499.7904,567.0032789,1781.293335,95445472.73,1.204270587,1.362694391
1153.5,38.3233847,120.3964638,23449.82153,172.7924769,542.8435761,2701301.83,1.353472621,1.604862257
