Area [-],Diameter [-],Perimeter [-],Area [mym^2],Diameter [mym],Perimeter [mym],Volume [mym^3] ,Irregularity [-],Diameter Ratio [-]
2408.5,55.3768674,173.9715598,48963.06471,249.6832198,784.4029689,8150170.431,1.325224059,1.195708379
2441.5,55.75494909,175.1593385,49633.93087,251.3879145,789.7584253,8318246.912,1.158342137,1.318969918
