Area [-],Diameter [-],Perimeter [-],Area [mym^2],Diameter [mym],Perimeter [mym],Volume [mym^3] ,Irregularity [-],Diameter Ratio [-]
1367.0,41.719521301819455,131.0657416330789,27790.122260479995,188.10497764564354,590.9492158752261,3484973.551051527,1.1141308429982417,1.0564630873514256
3197.0,63.80083717725274,200.43624136893575,64992.699975679985,287.66521466479713,903.7269250842575,12464092.660099162,1.2636398323249614,1.2785374878128428
1529.0,44.12236693447059,138.614503820326,31083.465205759992,198.938928034141,624.9850748250859,4122474.165080275,1.1385776408564199,1.1818305385224117
1429.0,42.65512055341712,134.00501336860222,29050.537461759995,192.3234075512471,604.2018042763536,3724732.237227226,1.0886327769758946,1.1565207385331426
3465.0,66.42119407619332,208.6683353524308,70440.94632959999,299.4798798507404,940.84379043704,14063764.095574038,1.1506664157074762,1.1976632671334586
