Area [-],Diameter [-],Perimeter [-],Area [mym^2],Diameter [mym],Perimeter [mym],Volume [mym^3] ,Irregularity [-],Diameter Ratio [-]
8433.0,103.62060162318895,325.53372081996497,171436.79665151998,467.2045685986343,1467.766440433058,53397369.74767012,1.2363547947015505,1.086066647284805
1763.5,47.3852079993373,148.86502133954235,35850.68076543999,213.650425827412,671.2026082157286,5106342.141159242,1.4222472654103602,1.4726866178896783
2063.0,51.251274918665594,161.01062877159066,41939.29935872,231.08174835327944,725.964723005348,6460937.747016393,1.0889845897561525,1.081926776181609
2304.5,54.16807667660153,170.1740317463,46848.81986048,244.23302411946096,767.2806743377173,7628019.300635262,1.0917161842666498,1.1261245320594813
3510.5,66.85587051106872,210.03391164692397,71365.92845312,301.43974896030664,947.0009008336508,14341685.038151795,1.5945940587724907,1.3991478054473792
1984.0,50.26039451451374,157.89768617332112,40333.28644095999,226.61406678703955,711.9290874182702,6093393.378181671,1.1357867101507428,1.2360911070611877
2852.5,60.265378131702214,189.32926920436665,57989.263897599994,271.72453692021895,853.6478089886484,10504737.252613153,1.2319151141635554,1.2361596254402623
4056.5,71.86721236571088,225.77750640209484,82465.71393535999,324.03488711451723,1017.9856208657652,17814512.2039083,1.3251041610392267,1.214793010019399
