Area [-],Diameter [-],Perimeter [-],Area [mym^2],Diameter [mym],Perimeter [mym],Volume [mym^3] ,Irregularity [-],Diameter Ratio [-]
14062.5,133.80930871145785,420.3743412298447,71470.116,301.65970555911053,947.6919148685618,14373102.765890315,1.0792485057913848,1.0973611952586266
25155.5,178.96641407701443,562.2395717036575,127848.28466048001,403.4618838952213,1267.5128904487253,34387939.854593195,1.0597882650546668,1.019373012839925
