Area [-],Diameter [-],Perimeter [-],Area [mym^2],Diameter [mym],Perimeter [mym],Volume [mym^3] ,Irregularity [-],Diameter Ratio [-]
14743.0,137.0086515809513,430.4253732849602,74928.63432448002,308.8723041240966,970.3509615336143,15428919.952449346,1.1366540146816924,1.2626067797328435
26754.0,184.56503130291108,579.8281464507957,135972.37215744,416.0834065692827,1307.1645733586736,37717231.871049285,1.0744722070548733,1.0235689703996507
