Area [-],Diameter [-],Perimeter [-],Area [mym^2],Diameter [mym],Perimeter [mym],Volume [mym^3] ,Irregularity [-],Diameter Ratio [-]
38924.0,222.6198015435093,699.3807330727066,197824.19876863997,501.8740805996874,1576.6839246391096,66188558.58492067,1.1367330992043139,1.0921598017322398
