Area [-],Diameter [-],Perimeter [-],Area [mym^2],Diameter [mym],Perimeter [mym],Volume [mym^3] ,Irregularity [-],Diameter Ratio [-]
14278.5,134.8330480242178,423.5905131340024,72567.89698176,303.9676234657966,954.942452809295,14705527.456970893,1.11360559368801,1.1065501085385465
