Area [-],Diameter [-],Perimeter [-],Area [mym^2],Diameter [mym],Perimeter [mym],Volume [mym^3] ,Irregularity [-],Diameter Ratio [-]
10630.5,116.3407623333591,365.49528425951706,54027.595956479985,262.27861460432473,823.9725688346552,9446855.345245192,1.1337346586550354,1.1957293192584364
13828.5,132.69134502434665,416.862154723436,70280.85326976002,299.1393682228871,939.774041608514,14015846.696854293,1.1803218879850168,1.1216100181004556
28283.5,189.76741201670262,596.1719074824204,143745.77961855996,427.8116536504544,1344.0099482283686,40997413.12259328,1.0920113225626211,1.0973471983520042
7036.5,94.6527868397385,297.3604997775231,35761.74017664001,213.38524265150647,670.3695106984482,5087351.736821637,1.0873026135820825,1.048901078690727
