Area [-],Diameter [-],Perimeter [-],Area [mym^2],Diameter [mym],Perimeter [mym],Volume [mym^3] ,Irregularity [-],Diameter Ratio [-]
54185.0,262.6603981027113,825.1719770684483,275385.47452160006,592.1416014827524,1860.26770510311,108711463.93887198,1.2833382225625543,1.5048812380294827
