Area [-],Diameter [-],Perimeter [-],Area [mym^2],Diameter [mym],Perimeter [mym],Volume [mym^3] ,Irregularity [-],Diameter Ratio [-]
41275.5,229.24571714367144,720.1966608454819,209775.27274368,516.8115447286929,1623.6113522100543,72276188.50169608,1.2062090256170612,1.0482682408765163
46788.5,244.07574324139867,766.7865618866466,237794.09937536003,550.2443555634092,1728.6436251172563,87229907.3117175,1.0813869660416504,1.0615593654344513
13524.5,131.2247241291469,412.25462929347515,68735.82818432,295.8330180767488,929.3868362792105,13556218.334514825,1.0775683385766193,1.12783624413905
