Area [-],Diameter [-],Perimeter [-],Area [mym^2],Diameter [mym],Perimeter [mym],Volume [mym^3] ,Irregularity [-],Diameter Ratio [-]
14573.0,136.21644498894224,427.93658287537914,74064.64003328001,307.0863535830714,964.7402324342547,15162826.82484182,1.1182359041177803,1.2603876986376203
26539.0,183.8219363343953,577.4936447567869,134879.67349503996,414.40817327226074,1301.9016727397004,37263492.736425646,1.0774831582764246,1.021725290166535
