Area [-],Diameter [-],Perimeter [-],Area [mym^2],Diameter [mym],Perimeter [mym],Volume [mym^3] ,Irregularity [-],Diameter Ratio [-]
19100.0,155.94510349620344,489.9159915069727,97072.29977599999,351.56264132184106,1104.4666112533193,22751329.405624077,1.08085673566154,1.0087978019813153
