Area [-],Diameter [-],Perimeter [-],Area [mym^2],Diameter [mym],Perimeter [mym],Volume [mym^3] ,Irregularity [-],Diameter Ratio [-]
12817,127.7462768,401.3267648,65140.08724,287.9912065,904.7510586,12506514.88,1.088435561,1.174202519
2621.5,57.77367451,181.5013514,13323.3002,130.2449718,409.1766466,1156861.906,1.117867392,1.180391276
