Area [-],Diameter [-],Perimeter [-],Area [mym^2],Diameter [mym],Perimeter [mym],Volume [mym^3] ,Irregularity [-],Diameter Ratio [-]
38379.5,221.05722586507588,694.471756800662,195056.87587711998,498.35140999022707,1565.6171285314124,64804579.41443429,1.1345015513437207,1.0889961538598691
