Area [-],Diameter [-],Perimeter [-],Area [mym^2],Diameter [mym],Perimeter [mym],Volume [mym^3] ,Irregularity [-],Diameter Ratio [-]
13204.5,129.66299228559959,407.3483040069097,67109.48598911999,292.3122498086557,918.326016553177,13077949.888654746,1.07904277479499,1.0426302013764863
6071.5,87.92311354734625,276.21860760108416,30857.301994240002,198.21386718113737,622.7072289758842,4077563.439369689,1.0758823085216005,1.0047479550972616
