Area [-],Diameter [-],Perimeter [-],Area [mym^2],Diameter [mym],Perimeter [mym],Volume [mym^3] ,Irregularity [-],Diameter Ratio [-]
16030.0,142.8636759365538,448.81947478711027,81469.5793408,322.07187103136687,1011.8186239600615,17492706.56695323,1.0897534992560534,1.1286526696253425
55655.0,266.1994494025776,836.2902346327857,282856.48398079997,600.120038733171,1885.3327049561522,113165229.41499084,1.140346963961434,1.2594506729297066
