Area [-],Diameter [-],Perimeter [-],Area [mym^2],Diameter [mym],Perimeter [mym],Volume [mym^3] ,Irregularity [-],Diameter Ratio [-]
13596.0,131.57113988340782,413.34292648214904,69099.21401855999,296.6139777531546,931.8402934613567,13663861.819774412,1.0873434870555312,1.139882438099788
