Area [-],Diameter [-],Perimeter [-],Area [mym^2],Diameter [mym],Perimeter [mym],Volume [mym^3] ,Irregularity [-],Diameter Ratio [-]
13127.5,129.28438468550968,406.15887315187393,66718.14739840002,291.45871683501304,915.6445636335848,12963723.75356462,1.070314711614724,1.1038800035181662
23602.5,173.35407798667927,544.6078978727837,119955.4426944,390.80943341316976,1227.7640449644036,31253145.729482945,1.1927308289407799,1.2120553986038647
19397.5,157.15490469279132,493.7166940584773,98584.28978560002,354.29001713942876,1113.0349150854313,23284953.145212427,1.3528280152619505,1.1357936602902685
