Area [-],Diameter [-],Perimeter [-],Area [mym^2],Diameter [mym],Perimeter [mym],Volume [mym^3] ,Irregularity [-],Diameter Ratio [-]
31860.5,201.41015,632.7486475,161925.236,454.0590421,1426.468551,49015745.03,1.087539537,1.021637025
22153,167.9466452,527.6199468,112588.6208,378.6189169,1189.466408,28418787.77,1.088962691,1.01681659
