Area [-],Diameter [-],Perimeter [-],Area [mym^2],Diameter [mym],Perimeter [mym],Volume [mym^3] ,Irregularity [-],Diameter Ratio [-]
2537.5,56.84052554969452,178.56977749310323,12896.385375999997,128.1412807992313,402.5677063804519,1101706.2265074106,1.115740810586466,1.1959154610286045
8524.0,104.17818331744189,327.28541537440617,43321.690224640006,234.859296470841,737.8322404200613,6783001.125391107,1.1066515304235762,1.0716521725961616
4001.5,71.37834432275488,224.24168214976947,20336.900919040003,160.9153394412186,505.5304482384403,2181679.543046502,1.2462579716969047,1.5114244206823506
1838.0,48.37576131931392,151.9769363725699,9341.30298368,109.0583163182613,342.6168053583216,679164.517079261,1.140942650522006,1.2402905579915933
6002.0,87.4184405460338,274.63313060769593,30504.080798720002,197.0761323669786,619.1329296419897,4007750.843481036,1.143521066569029,1.265935499266411
7659.0,98.7509072015372,310.2351245996767,38925.48397824,222.62404519514547,699.394064897511,5777165.802943076,1.0585259057908967,1.0430283925371033
2233.5,53.32710870810442,167.53205295456513,11351.36029056,120.2206338715506,377.6842601807716,909778.4862903147,1.1048360575805714,1.1467619581253923
4743.0,77.71084326320798,244.13581429996205,24105.440724479995,175.19132505257605,550.3797797578344,2815376.0676653194,1.120538131544132,1.2151171726645489
9129.0,107.81189082790127,338.7010441945594,46396.493437439996,243.0511266824206,763.5676340322148,7517813.33605555,1.1170117354990377,1.2323634509850014
