Area [-],Diameter [-],Perimeter [-],Area [mym^2],Diameter [mym],Perimeter [mym],Volume [mym^3] ,Irregularity [-],Diameter Ratio [-]
9111.0,107.70554995951726,338.3669645036679,46305.01168896,242.8113918287357,762.8144847770689,7495589.557894836,1.1544191748372175,1.0438642898091202
1346.5,41.40551952319759,130.0792759521463,6843.343018240001,93.34460321309665,293.2507197065186,425859.4257924854,1.107977342214633,1.2127725377678862
7669.5,98.81857461199453,310.4477080392569,38978.84833152,222.77659460528048,699.8733130037007,5789050.061954497,1.1883445040807983,1.2137977410141514
