Area [-],Diameter [-],Perimeter [-],Area [mym^2],Diameter [mym],Perimeter [mym],Volume [mym^3] ,Irregularity [-],Diameter Ratio [-]
8642.0,104.89678806141434,329.54297875890484,43921.40390912001,236.47931900565248,742.921691314075,6924335.790800601,1.2495756590809517,1.3960939411980058
5851.5,86.31547483515227,271.16806163322906,29739.191735040004,194.5896064683673,611.3212781459516,3857958.4109391705,1.0811697787588943,1.0195159114639047
