Area [-],Diameter [-],Perimeter [-],Area [mym^2],Diameter [mym],Perimeter [mym],Volume [mym^3] ,Irregularity [-],Diameter Ratio [-]
1078.0,37.04797199880859,116.38963666185744,5478.74027008,83.52094807411409,262.3887968904914,305059.72107260633,1.2848145958156332,1.1825392329386661
9359.5,109.16448836022067,342.95035466535774,47567.96804991999,246.10042255928147,773.1472795575825,7804331.358247806,1.1873529007242662,1.282549968729863
