Area [-],Diameter [-],Perimeter [-],Area [mym^2],Diameter [mym],Perimeter [mym],Volume [mym^3] ,Irregularity [-],Diameter Ratio [-]
2299.0,54.103398353025284,169.97083880010635,11684.252208639999,121.97070124706019,383.1822589909597,950090.9569568882,1.1070517856115494,1.2615924560525817
8575.5,104.49241941823526,328.27261720015133,43583.42967168,235.56771033646956,740.0577882160211,6844565.8242454715,1.128612019691981,1.1693485290711663
