Area [-],Diameter [-],Perimeter [-],Area [mym^2],Diameter [mym],Perimeter [mym],Volume [mym^3] ,Irregularity [-],Diameter Ratio [-]
4127.0,72.48903090207521,227.731006947803,20974.73199872,163.41927126563837,513.396782063127,2285116.9454819257,1.1385327887946128,1.1625722402087477
7809.5,99.71641903221983,313.26836947390325,39690.37304192,224.8006950662364,706.2322121419675,5948282.298174552,1.079877332047067,1.0070871697493964
3213.5,63.965266176312014,200.9528103044175,16332.033263360001,144.2032960678778,453.0280155502788,1570088.6853778204,1.1016502995540933,1.0943997381904862
