Area [-],Diameter [-],Perimeter [-],Area [mym^2],Diameter [mym],Perimeter [mym],Volume [mym^3] ,Irregularity [-],Diameter Ratio [-]
5428.0,83.1332920605365,261.1709396061162,27586.829486079994,187.4156936212735,588.7837662480283,3446803.1886303215,1.0793951098508952,1.11240757277306
9057.0,107.38589552015837,337.36274046529064,46030.566443519994,242.09076286064501,760.5505621049512,7429049.963479576,1.1148464261136235,1.2686945340607214
3069.0,62.51057640745456,196.38276761332267,15597.638115839996,140.92384345296554,442.7253113074746,1465386.0747150958,1.0691646353785498,1.107010666912958
1431.5,42.69241628542926,134.12218136630182,7275.340163839999,96.24578327387172,302.3650456721908,466813.8751017594,1.200049953582414,1.1711682815142523
2434.5,55.67496449624152,174.90805945026491,12372.906481920001,125.51363996032688,394.31272922467724,1035312.3529563345,1.0574316478286359,1.0417608798639726
3387.5,65.67418791116008,206.3215462721761,17216.356832000005,148.05588922691928,465.1312939159938,1699322.0133398047,1.246494696502567,1.2891688203434655
