Area [-],Diameter [-],Perimeter [-],Area [mym^2],Diameter [mym],Perimeter [mym],Volume [mym^3] ,Irregularity [-],Diameter Ratio [-]
1912.5,49.346434818596556,155.02639710695053,9719.935775999998,111.24660265504407,349.49150963790925,720873.2220701462,1.2660232675920324,1.418542195749874
11717.5,122.14411310183668,383.7270483999709,59552.077100799994,275.3616885767806,865.0742579128943,10932240.339153942,1.1735315457530293,1.0946317135459904
5724.5,85.37364800590659,268.209225385517,29093.73717631999,192.4663520645158,604.6508777091095,3733043.6415000637,1.1023632539354897,1.1489016169769957
2913.5,60.906349534230806,191.34294025371162,14807.337455360004,137.30727438996993,431.3635245079675,1355436.7646453301,1.1180129232747658,1.2318239784222704
