Area [-],Diameter [-],Perimeter [-],Area [mym^2],Diameter [mym],Perimeter [mym],Volume [mym^3] ,Irregularity [-],Diameter Ratio [-]
9580.5,110.44578515423404,346.9756672604983,48691.16062848,248.98897805170523,782.2219442720674,8082374.883357774,1.2177130749761629,1.3710323435238736
5075.0,80.38464212479242,252.5358011606925,25792.770752,181.21913720613202,569.316710136665,3116095.7745553316,1.091185835561348,1.1015572638928004
