Area [-],Diameter [-],Perimeter [-],Area [mym^2],Diameter [mym],Perimeter [mym],Volume [mym^3] ,Irregularity [-],Diameter Ratio [-]
7745.0,99.30377774271146,311.9720186302159,39362.56344320001,223.87043654316872,703.3097187999588,5874742.8409915725,1.4880029723867454,1.0857860312573546
