Area [-],Diameter [-],Perimeter [-],Area [mym^2],Diameter [mym],Perimeter [mym],Volume [mym^3] ,Irregularity [-],Diameter Ratio [-]
5516.5,83.80826897467531,263.29144212091734,28036.614749440003,188.93736157650804,593.5642271173961,3531442.678864136,1.4588032086519427,1.1153243596871008
8376.5,103.2728959915141,324.4413713618835,42572.048119039995,232.8184167232694,731.4206275982301,6607704.55982782,1.4738368872846659,1.15454679239268
