Area [-],Diameter [-],Perimeter [-],Area [mym^2],Diameter [mym],Perimeter [mym],Volume [mym^3] ,Irregularity [-],Diameter Ratio [-]
4880.5,78.82921792127563,247.64929190970838,24804.25963648,177.71258888172378,558.3005636812466,2938686.1301955376,1.2707221149180306,1.2141540656317436
110959.0,375.8688423430026,1180.826793818077,563929.0738662401,847.358718178065,2662.055923983473,318566811.4497603,1.5288627168349298,1.08815835658999
9825.5,111.84907307079187,351.38422627002774,49936.32887167999,252.1525503307932,792.1605997031504,8394381.786100887,1.344157651211997,1.3377187692509314
123030.5,395.78693486336743,1243.4013269535772,625280.2920204801,892.2620659559756,2803.1239514841445,371942590.1064995,1.366780795847194,1.123768263811949
