Area [-],Diameter [-],Perimeter [-],Area [mym^2],Diameter [mym],Perimeter [mym],Volume [mym^3] ,Irregularity [-],Diameter Ratio [-]
32600.5,203.73572533588376,640.0546579890002,165686.15229567996,459.30181919721633,1442.9392209704022,50733300.77679524,1.7687086206372205,1.122830025134124
1678.5,46.22913124684446,145.2330991069249,8530.67304576,104.21895348288615,327.4134986266515,592705.211555848,1.54712275201145,1.4940272359427536
19380.0,157.08399783863234,493.4939336063623,98495.34919679999,354.13016472741276,1112.5327239221833,23253449.49063121,1.419350145976542,1.2413740589943325
