Area [-],Diameter [-],Perimeter [-],Area [mym^2],Diameter [mym],Perimeter [mym],Volume [mym^3] ,Irregularity [-],Diameter Ratio [-]
120187.0,391.18645319474575,1228.9484875404607,610828.7169203201,881.8907400822349,2770.5414703112147,359122792.81889534,1.3296747042890364,1.070884233981608
121573.0,393.4355743601332,1236.0143100706753,617872.8115532798,886.9611588374843,2786.4706606233303,365352789.9663144,1.4147653825978974,1.0645085206679086
