Area [-],Diameter [-],Perimeter [-],Area [mym^2],Diameter [mym],Perimeter [mym],Volume [mym^3] ,Irregularity [-],Diameter Ratio [-]
26549.5,183.8582967748429,577.6078744493784,134933.03784832,414.4901442492058,1302.1591921586785,37285609.54782247,1.509117713847099,1.3324364278622005
1536.0,44.223251132330944,138.9314408751874,7806.44253696,99.69689735272688,313.20704030902243,518852.0668648413,1.0942403264242173,1.142727684371241
16204.0,143.63695061817685,451.2487888461043,82353.90290943997,323.81514147361787,1017.2952695746575,17778293.81434993,1.900899905826627,1.3199619288805176
148233.5,434.4384352868652,1364.8285967342604,753369.9868505598,979.3980085107088,3076.869588477716,491899376.5287848,1.4341461594083098,1.0726488970515695
