Area [-],Diameter [-],Perimeter [-],Area [mym^2],Diameter [mym],Perimeter [mym],Volume [mym^3] ,Irregularity [-],Diameter Ratio [-]
7999.5,100.9221469158724,317.0562753354145,40656.01372032,227.51888800714275,714.7716671161586,6166674.021633563,1.2745068683756642,1.2939796246217985
281799.0,598.9971873613632,1881.8051633354075,1432192.5133286396,1350.3792591874571,4242.341560223343,1289335376.7750337,1.4251454185380423,1.0862463497816923
