Area [-],Diameter [-],Perimeter [-],Area [mym^2],Diameter [mym],Perimeter [mym],Volume [mym^3] ,Irregularity [-],Diameter Ratio [-]
141089.5,423.8404543538898,1331.5340576923402,717061.89734272,955.5059202954092,3001.810379661612,456771258.7528186,1.3935799688133208,1.0660288245637004
129503.0,406.06445395015527,1275.6891054137586,658175.6040780799,915.43170498523,2875.9135192447775,401676543.6139202,1.3695316962529482,1.1271299518953883
15615.5,141.0045109590893,442.9787357520964,79362.95796608,317.8805695061709,998.6512618795261,16818628.183967877,1.8934691891946953,1.6897305389401798
