Area [-],Diameter [-],Perimeter [-],Area [mym^2],Diameter [mym],Perimeter [mym],Volume [mym^3] ,Irregularity [-],Diameter Ratio [-]
107849.5,370.5647693452724,1164.163557054304,548125.6018163201,835.4012160119821,2624.490323023223,305269862.8564355,1.3518005534742954,1.1515777987500617
6429.5,90.47813908826114,284.2454570701567,32676.772325119997,203.97391676057592,640.8029584189612,4443472.825498878,1.502937295180367,1.3465390967615196
89263.0,337.12487520456693,1059.1090312850433,453663.07303168,760.0143186611757,2387.6554001290015,229860287.56793833,1.2371284901659039,1.0885007910991549
