Area [-],Diameter [-],Perimeter [-],Area [mym^2],Diameter [mym],Perimeter [mym],Volume [mym^3] ,Irregularity [-],Diameter Ratio [-]
10720.5,116.8322068,367.0392025,54485.0047,263.3865269,827.4531781,9567077.439,1.570562293,1.400460288
1746,47.14950949,148.1245526,8873.729603,106.2938542,333.9319915,628815.2804,1.489636916,1.505721739
1321.5,41.01933761,128.8660497,6716.285034,92.47399472,290.5156225,414054.4712,1.458288513,1.340034582
1513,43.89090374,137.8873408,7689.549192,98.94765339,310.853221,507241.8988,1.495180917,1.528853988
