Area [-],Diameter [-],Perimeter [-],Area [mym^2],Diameter [mym],Perimeter [mym],Volume [mym^3] ,Irregularity [-],Diameter Ratio [-]
6139.0,88.4105059658023,277.74979604232107,31200.35855104,199.3126446493047,626.1591401978086,4145750.6512095537,1.4172710659217893,1.2156950783830425
5677.5,85.02245300644934,267.10591375524467,28854.8681664,191.6746180577394,602.1635719698236,3687163.889934096,1.212808285075014,1.0151696953021947
7200.5,95.74947175763185,300.8058370588796,36595.24055168,215.85760913040525,678.1366790655381,5266240.754025131,1.4617016210336475,1.3527012644665695
4869.0,78.73628987522531,247.35734984292424,24745.812963840006,177.50309189470795,557.6424094858885,2928305.541686498,1.361330327706765,1.6120721644230225
4273.5,73.76441685816894,231.73775009795864,21719.291784959998,166.29450136505605,522.4295838208379,2407865.8649213873,1.2252999999994139,1.3212260979930321
4554.0,76.14678513715423,239.22218078136416,23144.882365440004,171.6653124132005,539.3024843535075,2648782.308020022,1.1959912938554547,1.38113952180899
12476.5,126.03798308402216,395.96000173003864,63409.55749504,284.14002906461957,892.6522279001991,12011462.339743553,1.5222300226478545,1.1846811229627345
