Area [-],Diameter [-],Perimeter [-],Area [mym^2],Diameter [mym],Perimeter [mym],Volume [mym^3] ,Irregularity [-],Diameter Ratio [-]
115315.0,383.175701344873,1203.7819683791697,586067.6569984001,863.8313011118817,2713.806069514,337509057.7896799,1.4993542862195284,1.0470844426346257
141458.0,424.3935903370203,1333.2717856333793,718934.7320268798,956.7529100557786,3005.72791353189,458561931.33792573,1.6140107441233749,1.096883616001105
