Area [-],Diameter [-],Perimeter [-],Area [mym^2],Diameter [mym],Perimeter [mym],Volume [mym^3] ,Irregularity [-],Diameter Ratio [-]
116338.5,384.8724188288526,1209.1123635620572,591269.41086336,867.6563810077653,2725.8229124143018,342012451.4868642,1.591173744102792,1.069912034282384
