Area [-],Diameter [-],Perimeter [-],Area [mym^2],Diameter [mym],Perimeter [mym],Volume [mym^3] ,Irregularity [-],Diameter Ratio [-]
2495.5,56.36815842199032,177.0857923949104,12682.92796288,127.07637634653499,399.2222103750861,1074467.0179912874,1.1223503837854638,1.1847115158305264
126216.0,400.87803928164146,1259.3955031926853,641470.0203417599,903.7394517565325,2839.18122239759,386481176.33460927,1.4090510118680843,1.0784011598738996
