Area [-],Diameter [-],Perimeter [-],Area [mym^2],Diameter [mym],Perimeter [mym],Volume [mym^3] ,Irregularity [-],Diameter Ratio [-]
68824.0,296.02269917500047,929.9827370240027,349785.54763263994,667.3535730201211,2096.553082346912,155620423.33562803,1.3287448801857735,1.270747912572744
109347.0,373.12856296209196,1172.2179522462247,555736.3750579199,841.1810323417401,2642.6481515438886,311649931.78738505,1.3603663636221188,1.1133825058987272
8559.0,104.39184481264931,327.95665275810484,43499.57140223999,235.3409749456366,739.3454779778715,6824821.029013661,1.197341733232205,1.162196578932064
