Area [-],Diameter [-],Perimeter [-],Area [mym^2],Diameter [mym],Perimeter [mym],Volume [mym^3] ,Irregularity [-],Diameter Ratio [-]
127870.5,403.4969358062805,1267.6230092750031,649878.71772288,909.6434920816787,2857.7293121095668,394105297.479336,1.678184128568183,1.0819061265296745
3484.0,66.60305228634276,209.23965976943128,17706.80065024,150.1499210743311,471.70988898420586,1772449.8134083003,1.5015839069687875,1.1967076750090833
104552.5,364.8566533598135,1146.2309818085478,531369.1948864,822.5328393343635,2584.06312538919,291379075.0698169,1.5598146228337118,1.440984235056252
4307.0,74.05297238581545,232.64427402376563,21889.54948352,166.94502094658236,524.4732513591773,2436234.1980249984,1.6291797185905539,1.8145429530398487
