Area [-],Diameter [-],Perimeter [-],Area [mym^2],Diameter [mym],Perimeter [mym],Volume [mym^3] ,Irregularity [-],Diameter Ratio [-]
25034.5,178.53547373749686,560.8857326988935,127233.32401792,402.4903719938129,1264.4607957963856,34140125.27598797,1.493596825938133,1.0529580915695576
3323.5,65.0508387872694,204.36323724393952,16891.088392959995,146.65061096202012,460.7164820427372,1651392.2884273801,1.6935061571934213,1.5158442698273422
