Area [-],Diameter [-],Perimeter [-],Area [mym^2],Diameter [mym],Perimeter [mym],Volume [mym^3] ,Irregularity [-],Diameter Ratio [-]
134092.0,413.19636619000835,1298.0946685125282,681498.3676211201,931.5098879387548,2926.4246206946436,423214978.7021292,1.5160292422847352,1.0588457105404028
