Area [-],Diameter [-],Perimeter [-],Area [mym^2],Diameter [mym],Perimeter [mym],Volume [mym^3] ,Irregularity [-],Diameter Ratio [-]
83276.5,325.62391335271707,1022.9776940220553,423237.76818304,734.0865502623653,2306.2009134033215,207128768.79082036,1.2511451359024337,1.0145664442936988
13045.0,128.87749943675271,404.88060544352504,66298.8560512,290.5414347302153,912.7628369118828,12841709.83872511,1.2153537339792209,1.3388450103735199
