Area [-],Diameter [-],Perimeter [-],Area [mym^2],Diameter [mym],Perimeter [mym],Volume [mym^3] ,Irregularity [-],Diameter Ratio [-]
1368.5,41.74240430270003,131.1376307005374,6955.154044159999,94.10407626000695,295.63667465129146,436338.8977144855,1.2478463149248675,1.2457356222922806
26858.0,184.92341034194942,580.9540274070391,136500.93337088,416.89133627489076,1309.7027593864289,37937371.010504,1.6835463820617722,1.4404747454572504
3886.5,70.34518811271464,220.99592619029636,19752.434192639994,158.58619208130386,498.21321600340406,2088308.88196488,2.1116178481116106,1.6474178216604283
