Area [-],Diameter [-],Perimeter [-],Area [mym^2],Diameter [mym],Perimeter [mym],Volume [mym^3] ,Irregularity [-],Diameter Ratio [-]
122375.5,394.73196717106396,1240.087048201662,621951.37283968,889.8837467904466,2795.6522414658266,368976278.6560243,1.5558767169925596,1.079397408340302
174418.0,471.2492916850036,1480.4733127670008,886447.9781324799,1062.3844031746721,3337.579036301927,627832337.4624463,1.590279107299459,1.1379888260524298
