Area [-],Diameter [-],Perimeter [-],Area [mym^2],Diameter [mym],Perimeter [mym],Volume [mym^3] ,Irregularity [-],Diameter Ratio [-]
15569.5,140.79667287174834,442.3257931437699,79129.17127552,317.41201932206945,997.1792680633149,16744366.69456313,1.062636483737436,1.0085465594016398
