Area [-],Diameter [-],Perimeter [-],Area [mym^2],Diameter [mym],Perimeter [mym],Volume [mym^3] ,Irregularity [-],Diameter Ratio [-]
23674.5,173.61828706053004,545.437935158205,120321.36968832,391.4050663492589,1229.6352810206572,31396262.457393732,1.0592802639873946,0.9964388137275282
25624.0,180.62527534731626,567.4510380837623,130229.35128064,407.20162074298975,1279.2616202560337,35353068.60652318,1.0921724579109928,1.0201727392762234
