Area [-],Diameter [-],Perimeter [-],Area [mym^2],Diameter [mym],Perimeter [mym],Volume [mym^3] ,Irregularity [-],Diameter Ratio [-]
16796.5,146.23942017508193,459.42468808726835,85365.17713023999,329.6821488427047,1035.7270168239377,18762250.021757085,1.063632309656299,1.0052009220496598
22956.5,170.96527018290223,537.1032368255998,116672.26438783998,385.42410510033477,1210.845537099632,29978868.727808584,1.0899738708629194,1.0072367282865262
27023.5,185.49228781043882,582.7412086828382,137342.05722496,418.1738136398533,1313.7317808545904,38288567.89526966,1.151398919594538,1.0281577432812128
