Area [-],Diameter [-],Perimeter [-],Area [mym^2],Diameter [mym],Perimeter [mym],Volume [mym^3] ,Irregularity [-],Diameter Ratio [-]
20752.5,162.5512339298489,510.6697623459692,105470.83251839996,366.45550177145134,1151.253912232753,25766911.235188648,1.062919948483942,1.035166603012046
18089.5,151.76385190316805,476.7802022194821,91936.61606271999,342.136427730502,1074.8532878836004,20969910.264886472,1.0584729394260168,1.0015560233472633
