Area [-],Diameter [-],Perimeter [-],Area [mym^2],Diameter [mym],Perimeter [mym],Volume [mym^3] ,Irregularity [-],Diameter Ratio [-]
9107.0,107.68190439392835,338.2926797685238,46284.68241151999,242.75808526567207,762.64701727016,7490653.919566882,1.0563707112361622,1.002954030278922
12205.5,124.6616431115242,391.6361021835971,62032.248948479995,281.03720823062014,882.9044287627012,11622246.70983176,1.0589366375444407,1.020997456829514
33473.0,206.44405363419915,648.5631222744972,170120.47593727996,465.40747451293856,1462.1207028556266,52783560.71260574,1.079897680834181,1.0923068025984015
