Area [-],Diameter [-],Perimeter [-],Area [mym^2],Diameter [mym],Perimeter [mym],Volume [mym^3] ,Irregularity [-],Diameter Ratio [-]
36239.5,214.80587627304317,674.8325628473104,184180.71244672,484.2583674699485,1521.3425296829766,59460700.752600424,1.0636653663071463,1.005818574915583
