Area [-],Diameter [-],Perimeter [-],Area [mym^2],Diameter [mym],Perimeter [mym],Volume [mym^3] ,Irregularity [-],Diameter Ratio [-]
54814.5,264.1817348434323,829.9513973967336,278584.79455872,595.5713030310338,1871.0424302911963,110611406.0666465,1.2321376297270872,1.1269153387730932
