Area [-],Diameter [-],Perimeter [-],Area [mym^2],Diameter [mym],Perimeter [mym],Volume [mym^3] ,Irregularity [-],Diameter Ratio [-]
21688.0,166.17466487469204,522.0531063830783,110225.34227968002,374.62416449350576,1176.9165230300118,27528717.838357214,1.09307212272312,1.0144865048061202
