Area [-],Diameter [-],Perimeter [-],Area [mym^2],Diameter [mym],Perimeter [mym],Volume [mym^3] ,Irregularity [-],Diameter Ratio [-]
24825.0,177.78687155707087,558.533929588406,126168.57811199999,400.80272323826057,1259.1588908641024,33712473.12959253,1.0783562455460398,1.0200881244989464
19894.5,159.15547154507033,500.0016601846123,101110.20250751998,358.80009505120654,1127.20374272019,24185566.846896607,1.0762259981132039,1.003389992024218
