Area [-],Diameter [-],Perimeter [-],Area [mym^2],Diameter [mym],Perimeter [mym],Volume [mym^3] ,Irregularity [-],Diameter Ratio [-]
63483.5,284.30565002861744,893.1725415039753,322643.4210905599,640.9386574245151,2013.5681775665616,137863094.0937573,1.143134524477312,1.0301465881239011
