Area [-],Diameter [-],Perimeter [-],Area [mym^2],Diameter [mym],Perimeter [mym],Volume [mym^3] ,Irregularity [-],Diameter Ratio [-]
6649.0,92.00961761111768,289.0567387466933,33792.34142464,207.4264819425037,651.6495118305455,4672950.9988753395,1.1264998203967076,1.2521296431472895
5305.5,82.18985584968748,258.20704733698227,26964.245364480004,185.28881102753544,582.1019675164928,3330781.9758928227,1.0681587999154945,1.0840200464388483
4535.0,75.9877709593719,238.72262300862658,23048.318297600003,171.306830850808,538.1762813106478,2632222.9093350316,1.1071789202303544,1.142855078551554
6169.5,88.62985598117368,278.4389044391766,31355.369291520004,199.80714732395793,627.7126661676797,4176684.594285229,1.1149072255156947,1.2190513961047214
4193.0,73.06636306177103,229.5447494193845,21310.165076480003,164.7208088864566,517.4856830910604,2340151.7526011365,1.0802491050531018,1.0290103357420637
