Area [-],Diameter [-],Perimeter [-],Area [mym^2],Diameter [mym],Perimeter [mym],Volume [mym^3] ,Irregularity [-],Diameter Ratio [-]
4399.5,74.84395351036949,235.1292145137928,22359.664024319998,168.72820879377696,530.0753011998944,2515137.3733694456,1.068508601986854,1.0956128872673603
6766.0,92.81561700316446,291.5888605155454,34386.97278976,209.24352697193396,657.3579271462454,4796834.312278204,1.1091690994133283,1.223542071071806
6200.5,88.85224700102061,279.1375664333521,31512.921191680005,200.30850563910087,629.287729767349,4208204.10148545,1.0982086736252752,1.1952702330945757
4522.5,75.88297464560002,238.39339567915755,22984.789305600003,171.07057804104068,537.4340712190927,2621347.461773682,1.0654957095400095,1.090251027654782
