Area [-],Diameter [-],Perimeter [-],Area [mym^2],Diameter [mym],Perimeter [mym],Volume [mym^3] ,Irregularity [-],Diameter Ratio [-]
3338.0,65.19258853831448,204.80855722047093,16964.782023679993,146.97017160077615,461.7204113978296,1662211.2834600077,1.0730240115296357,1.121129358258514
3339.5,65.20723471857303,204.85456955277434,16972.405502720005,147.00318994955106,461.8241415997745,1663331.8333447697,1.0782988288780777,1.1320479824738499
5651.5,84.82755028332936,266.4936087921263,28722.727863039996,191.2352293587377,600.7831916609695,3661864.967131373,1.0631431270277654,1.09199179706727
3261.0,64.43627980711926,202.4325432667022,16573.443432960004,145.26514919716968,456.36392554045347,1605029.1553331912,1.0651566235500407,1.0973736893602204
2616.5,57.718552206370816,181.3281795873735,13297.888605439999,130.12070409404237,408.7862480617748,1153553.7522026638,1.0611100913708076,1.0379266457831073
3683.5,68.483413050402,215.14698733189832,18720.723362560002,154.3890063808263,485.0273682410316,1926849.2524506396,1.0763838109267616,1.124359849637313
