Area [-],Diameter [-],Perimeter [-],Area [mym^2],Diameter [mym],Perimeter [mym],Volume [mym^3] ,Irregularity [-],Diameter Ratio [-]
2006.5,50.544585728949286,158.79049920480657,10197.673795839999,113.94771406734327,357.97730140731596,774667.7452269435,1.2685809274533995,1.0929061015803456
60825.5,278.2901937336072,874.2744281995807,309134.61623168003,627.3774127530442,1970.964270933135,129296050.48255776,1.0564410557074644,1.0065880958046047
1186.0,38.85951749643713,122.08077468885091,6027.630760960001,87.60489624396786,275.2188984585455,352033.31160723325,1.2221085467205641,1.4040332534765807
60042.5,276.4931922575328,868.6289815638554,305155.1601728,623.326252625382,1958.2371760375556,126807481.63987313,1.0556096189189346,1.0071055364273436
60768.0,278.1586249866546,873.8610927907124,308842.38286847994,627.0808041699141,1970.032447587382,129112753.20727926,1.0558777306921894,1.0128917191930007
