Area [-],Diameter [-],Perimeter [-],Area [mym^2],Diameter [mym],Perimeter [mym],Volume [mym^3] ,Irregularity [-],Diameter Ratio [-]
20420.0,161.2437642313402,506.56222514634305,103780.9613312,363.50794208313334,1141.9938803699158,25150135.787275836,1.2087331445690408,1.3314171234071668
40802.0,227.92700564936158,716.0538065027536,207368.79452671995,513.8386415359207,1614.2717013798076,71036066.45103417,1.0571960114656713,1.0175671356391864
41929.0,231.05337234327624,725.8755771407837,213096.56844543997,520.8867226106819,1636.4139011061825,73999448.75808538,1.0620971106127648,1.0558246382107734
1179.0,38.7446696107059,121.71996941475736,5992.054525440001,87.34598317037538,274.405499048629,348921.26249003597,1.5883843419350256,1.6693446620484047
1330.0,41.151046092387084,129.27982409137823,6759.4847488,92.77091831067744,291.44843543160306,418055.73830212984,1.1812413729813964,1.2119760101842383
