Area [-],Diameter [-],Perimeter [-],Area [mym^2],Diameter [mym],Perimeter [mym],Volume [mym^3] ,Irregularity [-],Diameter Ratio [-]
1165.0,38.51394643004615,120.99513116538381,5920.902054399999,86.82584083189603,272.77142369924127,342724.8662377203,1.308875237671388,1.6488657162683582
38906.5,222.56975164482395,699.2234966786837,197735.25817984002,501.76124810809114,1576.3294509124246,66143926.62619478,1.0565528634609098,1.0207338467192335
1680.0,46.24978308224886,145.2979787613145,8538.296524799996,104.26551098062183,327.55976331950745,593499.9000415596,1.2309380613201695,1.0535540531441245
1069.5,36.90162182200474,115.9298640215589,5435.5405555199995,83.19101623552748,261.3522854502024,301458.76173542155,1.2128899905337032,1.4391209213581573
