Area [-],Diameter [-],Perimeter [-],Area [mym^2],Diameter [mym],Perimeter [mym],Volume [mym^3] ,Irregularity [-],Diameter Ratio [-]
2272.0,53.78475848823986,168.96980214175562,11547.029585919998,121.25235953588793,380.92552194837384,933403.0552823379,1.260550376292683,1.1738832620078334
58268.0,272.3768011278282,855.696957431473,296136.58446847997,614.0462604625758,1929.0832208335128,121227708.18601988,1.0551533112515274,1.0022880027579124
40429.0,226.88279254738094,712.773314292789,205473.08940544003,511.4845675188156,1606.8761597416635,70064209.51419762,1.0546067099467566,1.0137392854593328
