Area [-],Diameter [-],Perimeter [-],Area [mym^2],Diameter [mym],Perimeter [mym],Volume [mym^3] ,Irregularity [-],Diameter Ratio [-]
80551.5,320.2520182414694,1006.1013878047046,409388.4479270399,721.9761499235685,2268.154968666926,197045796.97169968,1.0593225826139465,1.0455496512557803
3627.0,67.95616108017312,213.4905764156365,18433.572318720006,153.2003695391423,481.29315547141096,1882686.7274362724,1.1605406843904134,1.231548482692158
72854.0,304.566238759544,956.8230582184583,370267.29465343995,686.6141286595159,2157.0619024476923,169487170.59305862,1.147936076088803,1.0373766029469937
