Area [-],Diameter [-],Perimeter [-],Area [mym^2],Diameter [mym],Perimeter [mym],Volume [mym^3] ,Irregularity [-],Diameter Ratio [-]
2440.0,55.73781919983771,175.10552332532626,12400.8592384,125.65533960411413,394.75789178461554,1038822.7859893121,1.0765489452473835,1.030121349445693
56895.0,269.1485907407042,845.5552353950421,289158.55998719996,606.7685829658435,1906.219722674583,116968219.79725145,1.0545968705656532,1.0140985915473764
1575.0,44.78115991081385,140.68416299504253,8004.652991999999,100.95464690293873,317.1583770560239,538737.944258608,1.1673339214824123,1.3855709416871838
