Area [-],Diameter [-],Perimeter [-],Area [mym^2],Diameter [mym],Perimeter [mym],Volume [mym^3] ,Irregularity [-],Diameter Ratio [-]
84390.0,327.79366250768237,1029.7941620274269,428896.9307904,738.9780327573192,2321.5679588746316,211296940.1140946,1.083658600880443,1.0887582718749886
57407.5,270.3580943200774,849.3550029544915,291763.24865920004,609.4952878351825,1914.7859186606056,118552216.81417803,1.0552780503818024,1.0029775014483924
58525.5,272.9779862468726,857.5856361849105,297445.28170368006,615.4015721949496,1933.3410582152624,122032196.00160958,1.0585083249822227,1.0288380101091237
