Area [-],Diameter [-],Perimeter [-],Area [mym^2],Diameter [mym],Perimeter [mym],Volume [mym^3] ,Irregularity [-],Diameter Ratio [-]
77828.5,314.7925092936943,988.9498346021667,395549.29230976006,709.6682329517045,2229.4885071271246,187139178.21250975,1.056202297358705,1.0260727001564331
55703.5,266.31541258469275,836.6545437138055,283102.97646975995,600.3814661309314,1886.1540033484032,113313186.7192967,1.0569543884558648,1.0361052086876943
1235.0,39.65414023463283,124.57715564554192,6276.664409599999,89.39629374495624,280.8467396873097,374073.6901994092,1.291190278479824,1.5231574213551753
62383.0,281.83062736192045,885.3970284768118,317050.3286348801,635.3589663247135,1996.0390609981246,134293846.04957873,1.0972027105847832,1.1197178007854451
1007.5,35.81604167577255,112.51941340927291,5120.4367551999985,80.74368435386164,253.66376558986485,275628.6194105201,1.0945162639683226,1.0863171782510068
54033.5,262.29294489262844,824.017588763114,274615.50313856005,591.3132149659416,1857.6652521075641,108255850.69356771,1.0599215552385637,1.0598836355045742
1445.5,42.90067321050659,134.77643979218394,7346.49263488,96.71527768576605,303.8400058674995,473678.7167992362,1.221357174365933,1.1465689435213722
1536.0,44.223251132330944,138.9314408751874,7806.44253696,99.69689735272688,313.20704030902243,518852.0668648413,1.1111058093743698,1.186404999754116
