Area [-],Diameter [-],Perimeter [-],Area [mym^2],Diameter [mym],Perimeter [mym],Volume [mym^3] ,Irregularity [-],Diameter Ratio [-]
1361.5,41.63550936588772,130.8018103523419,6919.5778086400005,93.86309231445728,294.87960125831955,432995.3137529642,1.1935988502460937,1.3523594664621938
20242.5,160.5414322980256,504.35578430426034,102878.8496448,361.9246049726689,1137.0196801355244,24822924.678491224,1.1864621665424329,1.2540582528984001
40830.0,228.00519865024282,716.2994570598843,207511.09946879998,514.0149198371074,1614.825495995803,71109200.77251016,1.0568334525014655,1.0081690415550033
41928.0,231.0506170337052,725.866921080477,213091.48612607998,520.880511040785,1636.3943868838273,73996801.46119526,1.0628594402816245,1.0568187288119006
1319.5,40.98828587874891,128.76849779991585,6706.12039552,92.40399168505154,290.29570144013024,413114.8621777231,1.2253132349536926,1.2437827311581588
1266.5,40.15666673675847,126.155889212854,6436.757469440002,90.52918949134829,284.4058366414581,388476.29110719025,1.554156659558961,1.6354444058366842
