Area [-],Diameter [-],Perimeter [-],Area [mym^2],Diameter [mym],Perimeter [mym],Volume [mym^3] ,Irregularity [-],Diameter Ratio [-]
1766.5,47.42549584110497,148.99158932726866,8977.91714944,106.91603782418704,335.8866389793945,639922.219687963,1.1529626965856026,1.1696244669752525
132376.5,410.54475346012435,1289.7643814401595,672779.64875904,925.5320922005043,2907.644821518695,415119437.27058315,1.0743576038172664,1.0209067236579146
2384.0,55.09449223514659,173.08445205919642,12116.249354239999,124.20502329491447,390.20158872225244,1003266.0221935809,1.2768041556748726,1.317399407298894
