Area [-],Diameter [-],Perimeter [-],Area [mym^2],Diameter [mym],Perimeter [mym],Volume [mym^3] ,Irregularity [-],Diameter Ratio [-]
99951.0,356.7373904370332,1120.7235650577773,507982.90235136007,804.2287730012476,2526.559205066253,272356310.84243125,1.084881208686652,1.0760231666855702
96897.0,351.2450599883265,1103.4689000690328,492461.49902592,791.8468632376832,2487.6602883156274,259969395.51266813,1.226594415059182,1.1589435056136381
