Area [-],Diameter [-],Perimeter [-],Area [mym^2],Diameter [mym],Perimeter [mym],Volume [mym^3] ,Irregularity [-],Diameter Ratio [-]
39048.5,222.9755465574443,700.4983389950359,198456.94752896,502.6760721591024,1579.2034554304087,66506372.58436179,1.0567923793338787,1.000825336506234
61356.0,279.50113686132056,878.07871823352,311830.78665215994,630.107362940161,1979.5406623856472,130991249.77396564,1.0576391937437597,1.014485335808091
