Area [-],Diameter [-],Perimeter [-],Area [mym^2],Diameter [mym],Perimeter [mym],Volume [mym^3] ,Irregularity [-],Diameter Ratio [-]
1268.5,40.18836103272381,126.25545978021944,6446.922108159998,90.60064111217255,284.63030852852665,389396.85079968994,1.1693720768563116,1.3370989902228516
1270.0,40.212115361090575,126.33008620370742,6454.5455872,90.65419287004259,284.798546337638,390087.74703367404,1.2076975969190544,1.3456589645225485
38445.0,221.24577803280977,695.0641109056332,195389.7677952,498.77648199716634,1566.9525316256595,64970547.33275539,1.056567013166516,1.0169685586797208
