Area [-],Diameter [-],Perimeter [-],Area [mym^2],Diameter [mym],Perimeter [mym],Volume [mym^3] ,Irregularity [-],Diameter Ratio [-]
1725,46.86510658,147.2310745,8767.000896,105.6526963,331.9177344,617504.8553,1.125314339,1.238901293
1220.5,39.42066545,123.843673,6202.970779,88.86994819,279.1931763,367505.1278,1.085788503,1.166900647
1688,46.35977083,145.6435155,8578.95508,104.5134674,328.3387413,597744.2278,1.08167606,1.024974479
9060,107.4036791,337.4186091,46045.8134,242.1308541,760.6765124,7432741.417,1.21262271,1.205830673
3017,61.97873592,194.7119415,15333.35751,139.7248623,438.9586008,1428300.844,1.218616674,1.310184066
5256,81.80554411,256.9996964,26712.67056,184.4224186,579.3801156,3284276.875,1.135824824,1.202564857
1386.5,42.01602824,131.9972456,7046.635793,94.72093406,297.5745906,444975.9495,1.180189358,1.085840281
2782.5,59.52133259,186.9917812,14141.55362,134.1848922,421.5542715,1265055.232,1.257695454,1.363889219
