Area [-],Diameter [-],Perimeter [-],Area [mym^2],Diameter [mym],Perimeter [mym],Volume [mym^3] ,Irregularity [-],Diameter Ratio [-]
1843.5,48.448086656949336,152.2041531219537,9369.25574016,109.22136655942658,343.12904279813245,682215.2770566846,1.1481441437235962,1.094043345169133
1822.5,48.17135113612482,151.33476284274406,9262.5270336,108.59749400127978,341.1690893526822,670591.4826453783,1.107351219150209,1.1734360702656799
1049.0,36.54624854109086,114.81342593295774,5331.353008640001,82.38986271103524,258.83538742325993,292832.9616306095,1.1300082145986394,1.215264036533888
6645.5,91.98539772451672,288.980649728877,33774.55330688,207.37188063015049,651.4779767487803,4669261.7577939825,1.1556077042120458,1.0393280544579904
