Area [-],Diameter [-],Perimeter [-],Area [mym^2],Diameter [mym],Perimeter [mym],Volume [mym^3] ,Irregularity [-],Diameter Ratio [-]
5528.5,83.89937319830433,263.57765448058126,28097.602581760002,189.1427469382573,594.2094642610224,3542971.823129038,1.3535923330614419,1.4913807234554894
1065.5,36.832549937729205,115.71286829734926,5415.211278079999,83.03530057961672,260.8630902895442,299769.130785002,1.134674693508837,1.30487129296783
1625.0,45.4864184146723,142.89979792964598,8258.76896,102.54458167403723,322.1533044525939,564594.672097149,1.0816568236359112,1.079761237470926
1549.5,44.41716644009537,139.54064378147874,7875.053848319998,100.134060022551,314.5804273409656,525707.4098189973,1.0961201939309395,1.0361109053801487
