Area [-],Diameter [-],Perimeter [-],Area [mym^2],Diameter [mym],Perimeter [mym],Volume [mym^3] ,Irregularity [-],Diameter Ratio [-]
3353,65.3389026,205.2682164,17041.01681,147.300022,462.7566671,1673428.101,1.304461569,1.350931929
4954.5,79.42458892,249.5197051,25180.35127,179.0547933,562.5172231,3005775.06,1.120809254,1.08217967
4032,71.64985586,225.0946608,20491.91166,161.527435,507.4534033,2206670.62,1.342767438,1.31196855
9308,108.8637391,342.0055229,47306.2286,245.4224133,771.0172508,7740005.86,1.230858655,1.148064599
3479.5,66.56002551,209.1044872,17683.93021,150.0529215,471.4051559,1769016.928,1.096282492,1.04902954
1577.5,44.81668642,140.7957728,8017.35879,101.0347379,317.4099902,540021.1625,1.074581007,1.017830266
