Area [-],Diameter [-],Perimeter [-],Area [mym^2],Diameter [mym],Perimeter [mym],Volume [mym^3] ,Irregularity [-],Diameter Ratio [-]
1566,44.65303044,140.2816324,7958.912118,100.6657918,316.250912,534126.7935,1.119141152,1.126193495
14703,136.8226627,429.841072,74725.34155,308.4530108,969.0337126,15366171.05,1.149432169,1.052019612
7846.5,99.95235909,314.009597,39878.41886,225.3325983,707.9032355,5990605.159,1.059313346,1.038547218
