Area [-],Diameter [-],Perimeter [-],Area [mym^2],Diameter [mym],Perimeter [mym],Volume [mym^3] ,Irregularity [-],Diameter Ratio [-]
2410,55.39410892,174.0257256,12248.38966,124.8804791,392.3235959,1019723.179,1.279080584,1.51083655
1010.5,35.86932617,112.6868116,5135.683713,80.86380892,254.041148,276860.631,1.361637592,1.531199007
1191.5,38.94951755,122.3635182,6055.583517,87.80779237,275.8563154,354484.9468,1.149118412,1.076345297
1039.5,36.38038629,114.2923543,5283.070975,82.01594286,257.6606836,288864.0314,1.093278009,1.143542453
7807,99.700457,313.2182233,39677.66724,224.7647103,706.1191625,5945426.254,1.240911793,1.152097956
