Area [-],Diameter [-],Perimeter [-],Area [mym^2],Diameter [mym],Perimeter [mym],Volume [mym^3] ,Irregularity [-],Diameter Ratio [-]
7481.5,97.59990601397176,306.61914772454793,38023.37229184,220.02922811789793,691.2422066302208,5577502.170542015,1.0614568150135693,1.0172285432638908
1168.0,38.563503319209346,121.15081872431368,5936.14901248,86.93756188282555,273.1224057320928,344049.5480787692,1.1312661705381306,1.296524616233384
1572.0,44.73849085880832,140.55011421472634,7989.40603392,100.85845379209748,316.85617748567904,537199.42619895,1.1243276897835115,1.180937352506809
1746.5,47.156260081562465,148.14576024300627,8876.27076224,106.30907272787442,333.9798018918333,629085.4093435184,1.1437289766112002,1.2539381780658587
18058.5,151.63375718684787,476.37149761441975,91779.06416256003,341.84314220202987,1073.9319042219481,20916029.121127486,1.1003463966659033,1.0909571648616976
5231.0,81.61075945308704,256.387762351702,26585.612572160004,183.98329611103944,578.000571445677,3260872.420104724,1.227574433488774,1.227226845175113
