Area [-],Diameter [-],Perimeter [-],Area [mym^2],Diameter [mym],Perimeter [mym],Volume [mym^3] ,Irregularity [-],Diameter Ratio [-]
3626.0,67.9467923393717,213.46114364836134,18428.48999936,153.17924864987955,481.2268022408658,1881908.167902523,1.2505136439618063,1.1412149173735098
1430.0,42.67004275802032,134.051892856959,7267.716684799999,96.19534439368101,302.20658725672837,466080.3396333584,1.070772675608521,1.079338320649417
5606.5,84.48915615366086,265.4305122803418,28494.023491839987,190.47235363281303,598.3865468848026,3618215.8126396188,1.0536241369873889,0.9959349815699613
1894.5,49.11366731878985,154.2951364395633,9628.45402752,110.72185160347983,347.8429555893515,710720.1720039983,1.0874078630797395,1.101592909332164
11001.5,118.35347418392031,371.8184050230333,55913.13643903999,266.81607220022994,838.2274122839262,9945682.299373468,1.2116581660173031,1.106518526749263
4915.5,79.11137075127502,248.53570116762404,24982.140814079998,178.3486742216744,560.2988847122916,2970354.462273566,1.0722500640988415,1.1321991183840843
