Area [-],Diameter [-],Perimeter [-],Area [mym^2],Diameter [mym],Perimeter [mym],Volume [mym^3] ,Irregularity [-],Diameter Ratio [-]
11052.5,118.6274845,372.6792337,56172.33473,267.433801,840.1680644,10014920.66,1.093176308,1.112120093
2719.5,58.84364827,184.8627731,13821.3675,132.6571207,416.7546357,1222335.211,1.097859315,1.002657071
11183,119.3257635,374.8729419,56835.5774,269.0080012,845.1135603,10192816.72,1.109146162,1.203776038
5273,81.93773318,257.4149806,26799.06999,184.7204257,580.3163323,3300223.744,1.093259425,1.081133456
5962.5,87.13030922,273.7279394,30303.32918,196.4265691,617.0922665,3968252.656,1.133791044,1.068901
