Area [-],Diameter [-],Perimeter [-],Area [mym^2],Diameter [mym],Perimeter [mym],Volume [mym^3] ,Irregularity [-],Diameter Ratio [-]
3584.5,67.55684383,212.2360843,18217.57375,152.3001487,478.4650284,1849692.794,1.084679599,1.038674612
1159.5,38.42292613,120.7091824,5892.949298,86.62064466,272.1267809,340300.7114,1.104277741,1.102844672
1190,38.92499272,122.2864712,6047.960038,87.75250359,275.6826206,353815.7566,1.068889107,1.082187333
1417,42.4756452,133.4411749,7201.646533,95.75709453,300.8297847,459739.1652,1.244176584,1.101441697
2101.5,51.7272936,162.5060856,10680.49414,116.6140107,366.3537193,830330.1715,1.102084591,1.040544053
