Area [-],Diameter [-],Perimeter [-],Area [mym^2],Diameter [mym],Perimeter [mym],Volume [mym^3] ,Irregularity [-],Diameter Ratio [-]
5410.0,82.99533683898892,260.7375404955779,27495.3477376,187.10468736981662,587.8067112932308,3429672.2950453623,1.1234902041002228,1.0841658859122136
1592.5,45.02925687806481,141.46358260473605,8093.5935807999995,101.5139567059093,318.91550062411693,547741.8055710377,1.1094962719949382,1.1052002504182117
2363.5,54.85710222005495,172.33866933174895,12012.061807360002,123.66985124489187,388.52029614149484,990353.2645737723,1.3765778116211493,1.1306047768245024
1135.5,38.02319690724042,119.45339606978465,5770.97363328,85.7194951076828,269.2957360997225,329789.9640830077,1.2804434411697039,1.392202288503736
2720.5,58.85446611304881,184.89675837170356,13826.44981888,132.68150840525723,416.8312520731685,1223009.478572396,1.2901864732111303,1.4519675156864995
1615.0,45.34624421875849,142.45942770554032,8207.945766400002,102.22857296676915,321.1605338193701,559391.0551251377,1.2835430777396026,1.1908373213775814
1622.0,45.444411554782334,142.7678294872153,8243.52200192,102.4498814091013,321.85579479597817,563031.9009933476,1.0870513244821014,1.0166267533675408
1942.0,49.725558778918575,156.21745015549803,9869.86419712,112.10129971119403,352.17661963055474,737616.4029800884,1.1673953894372544,1.2267333238266451
1846.0,48.48092614194896,152.30732140677623,9381.96153856,109.29539989440974,343.3616253794363,683603.4921005913,1.095500930284027,1.1344667764589236
