Area [-],Diameter [-],Perimeter [-],Area [mym^2],Diameter [mym],Perimeter [mym],Volume [mym^3] ,Irregularity [-],Diameter Ratio [-]
4917.0,79.12344053100064,248.5736194989405,24989.76429312,178.37588433308784,560.3843677984114,2971714.203373801,1.2808757297609432,1.3916378610200566
1843.5,48.448086656949336,152.2041531219537,9369.25574016,109.22136655942658,343.12904279813245,682215.2770566846,1.0683688213513498,1.018234797573474
3552.0,67.24988373892774,211.27174070898306,18052.398366719994,151.60813790103867,476.29101225433135,1824593.6673507802,1.0861851572331565,1.095361383912325
1836.5,48.356017452909896,151.91490918692156,9333.67950464,109.01380574584007,342.47697127099593,678333.282941836,1.261105543617135,1.315385809320912
1469.0,43.247992915463186,135.86757682572255,7465.92713984,97.4982752286202,306.2998651959089,485276.6794112969,1.1006239124780057,1.074720742914869
9416.0,109.49348635067884,343.98393233522694,47855.11909376,246.84211562897036,775.4773770565355,7875105.893853369,1.4231158880163812,1.2874303776120621
1717.5,46.76311493134992,146.91065832730408,8728.883500799999,105.42276630123526,331.1953881330743,613482.0302503643,1.197488881910106,1.1977174521644465
