Area [-],Diameter [-],Perimeter [-],Area [mym^2],Diameter [mym],Perimeter [mym],Volume [mym^3] ,Irregularity [-],Diameter Ratio [-]
1450.5,42.97480610355739,135.0093351443817,7371.90423168,96.88240287985978,304.3650451494941,476138.5305102433,1.1206370523084472,1.0600002817887992
11193.5,119.38176931170456,375.04888944220244,56888.94175616001,269.13426073630677,845.5102163585012,10207175.522409959,1.1009733378148419,1.0917931226319115
2824.5,59.968867707373526,188.39775423358284,14355.01103232,135.19381535950288,424.72389714418915,1293805.8073247313,1.1095492017468862,1.0581423220039534
5433.5,83.17539940582496,261.30322373273657,27614.782242560006,187.5106204204918,589.0819875830813,3452043.3007194703,1.2347132663756484,1.0943789453857957
