Area [-],Diameter [-],Perimeter [-],Area [mym^2],Diameter [mym],Perimeter [mym],Volume [mym^3] ,Irregularity [-],Diameter Ratio [-]
3311,64.92839235,203.9785604,16827.5594,146.3745677,459.8492666,1642084.489,1.115216366,1.112058142
2908,60.84883397,191.1622498,14779.3847,137.1776113,430.9561759,1351600.46,1.138417049,1.161234154
2329,54.45525594,171.076232,11836.72179,122.763929,385.6742575,968748.3155,1.125285869,1.219493475
1018,36.00219239,113.1042231,5173.801108,81.16334251,254.9821606,279948.661,1.126367921,1.121576034
11205,119.4430789,375.2414992,56947.38843,269.2724771,845.9444358,10222909.56,1.276248986,1.285556632
5495.5,83.64859783,262.7898204,27929.88604,188.5773989,592.4333711,3511296.842,1.304916709,1.181587466
