Area [-],Diameter [-],Perimeter [-],Area [mym^2],Diameter [mym],Perimeter [mym],Volume [mym^3] ,Irregularity [-],Diameter Ratio [-]
3181.5,63.64598661011486,199.94976396481118,16169.39904384,143.48351221384294,450.76674788227035,1546694.7767982113,1.0978850622120782,1.1680031775608486
6766.5,92.81904642609985,291.59963436544524,34389.51394944001,209.2512582629995,657.3822157134597,4797366.04331553,1.1241650920672057,1.035896493066971
4270.5,73.73852097643072,231.6563957861316,21704.044826880003,166.23612168926542,522.246178660255,2405330.8246603305,1.0663922184511818,1.0835999943452297
4026.5,71.60097085149148,224.94108401694254,20463.958903040002,161.4172286876024,507.1071798077953,2202157.0227371366,1.0669777881071245,0.9875659123009364
