Area [-],Diameter [-],Perimeter [-],Area [mym^2],Diameter [mym],Perimeter [mym],Volume [mym^3] ,Irregularity [-],Diameter Ratio [-]
4395.0,74.8056668916937,235.00893355383016,22336.793587199994,168.64189544063427,529.8041398037547,2511279.472407741,1.086858060902099,1.0271623227727293
