Area [-],Diameter [-],Perimeter [-],Area [mym^2],Diameter [mym],Perimeter [mym],Volume [mym^3] ,Irregularity [-],Diameter Ratio [-]
6887.5,93.6452741165481,294.1953052079499,35004.474592,211.11390596834602,663.2338960608022,4926620.904991229,1.1029830040233652,1.0668938686887355
3250.0,64.32750982580687,202.0908322924801,16517.537920000002,145.01993815129902,455.59357232016714,1596914.8850467578,1.1519272525403454,1.1894818158738267
