Area [-],Diameter [-],Perimeter [-],Area [mym^2],Diameter [mym],Perimeter [mym],Volume [mym^3] ,Irregularity [-],Diameter Ratio [-]
11938.5,123.29059292914744,387.32882100293926,60675.26967935999,277.94631269946996,873.1940940690263,11242978.31961604,1.1542155883908192,1.1259899990030406
