Area [-],Diameter [-],Perimeter [-],Area [mym^2],Diameter [mym],Perimeter [mym],Volume [mym^3] ,Irregularity [-],Diameter Ratio [-]
3234.0,64.16896981932557,201.59276417281836,16436.220810239996,144.66252556068756,454.4707275512017,1585136.808721632,1.068888706323734,1.0175195668075496
1608.5,45.254898162591296,142.17245560655104,8174.910690559998,102.02264241774581,320.51358391940863,556017.3267866735,1.4072065823805107,1.5891971004664494
5673.5,84.99249706329934,267.0118043843133,28834.53888896,191.60708537950202,601.9514118039958,3683267.969850354,1.0693229825856014,1.0693339277946534
