Area [-],Diameter [-],Perimeter [-],Area [mym^2],Diameter [mym],Perimeter [mym],Volume [mym^3] ,Irregularity [-],Diameter Ratio [-]
3537.0,67.1077362882125,210.82517132208955,17976.163576320007,151.28768068814625,475.2842662285187,1813048.0634214578,1.0718146638415784,1.0612076105899673
7076.5,94.92143929754953,298.2044963653511,35965.03295104,213.99089275239564,672.2722166060474,5130793.006041584,1.091606139469398,1.1693880836767458
