Area [-],Diameter [-],Perimeter [-],Area [mym^2],Diameter [mym],Perimeter [mym],Volume [mym^3] ,Irregularity [-],Diameter Ratio [-]
3401.0,65.80492148497929,206.73225790726408,17284.968143360005,148.35061499573732,466.05720222613616,1709490.4361661228,1.0776931450446847,1.1281444548541275
5242.0,81.69652191802123,256.657193081493,26641.518085120006,184.17663901198708,578.6079760829178,3271163.506062982,1.078228351209611,1.0472896428871714
1834.0,48.32309308233785,151.81147422620833,9320.97370624,108.93958104482245,342.24378749556405,676948.6469917275,1.107732610151537,1.2285993439580565
3864.5,70.14580686419565,220.36955152468553,19640.623166720008,158.13670699464268,496.8011169572511,2070602.3139385283,1.0993670593426925,1.1868673644610033
