Area [-],Diameter [-],Perimeter [-],Area [mym^2],Diameter [mym],Perimeter [mym],Volume [mym^3] ,Irregularity [-],Diameter Ratio [-]
4807.0,78.2333847634239,245.77742683823618,24430.709163519998,176.36934261066284,554.0806310641196,2872552.0764548793,1.0900375941454294,1.0719567928850122
4410.5,74.93746067257975,235.42297592765055,22415.569537280004,168.9390113402638,530.7375569312954,2524576.1041713455,1.0783357227424337,1.0141790143125178
