Area [-],Diameter [-],Perimeter [-],Area [mym^2],Diameter [mym],Perimeter [mym],Volume [mym^3] ,Irregularity [-],Diameter Ratio [-]
1369.5,41.7576526700772,131.18553485946873,6960.236363519999,94.13845217942203,295.7446697871863,436817.25204313453,1.0849206893484875,1.0297513689224453
5771.5,85.7234042280111,269.3080169634279,29332.606186240002,193.25484249162824,607.1279934423519,3779112.125593848,1.1152667845269695,1.121345450312811
5032.5,80.04734854371947,251.4761621242907,25576.7721792,180.45874255696117,566.9278598930009,3077034.7640828663,1.065170561831331,1.0505158831267882
2285.0,53.93841265480332,169.45252094262486,11613.099737600001,121.59875748898861,382.01376321305344,941425.6657919065,1.0554744850963276,1.0382211348782264
2677.0,58.38203714547849,183.41257899784165,13605.36892672,131.6164645407667,413.4853180927342,1193793.704605128,1.060503415336415,1.079099035941728
4554.5,76.15096523679985,239.23531295170213,23147.423525119997,171.67473602984157,539.3320895183173,2649218.5489639468,1.0715403297417463,1.086453888953731
