Area [-],Diameter [-],Perimeter [-],Area [mym^2],Diameter [mym],Perimeter [mym],Volume [mym^3] ,Irregularity [-],Diameter Ratio [-]
86805.0,332.45083648674404,1044.4251055865366,441170.7320448001,749.4771657757158,2354.5519580342884,220431593.25075635,1.057781665707281,0.9926279731684725
1453.5,43.01922451965585,135.14887971408072,7387.15118976,96.98253975711215,304.6796344274236,477616.455968465,1.1833163568900749,1.246213832246799
56185.5,267.46513873908407,840.2665149540813,285552.65440128004,602.9734087733912,1894.296831312481,114787104.93908662,1.0575797340867845,1.0065706729724353
