Area [-],Diameter [-],Perimeter [-],Area [mym^2],Diameter [mym],Perimeter [mym],Volume [mym^3] ,Irregularity [-],Diameter Ratio [-]
3698.5,68.62271093597948,215.5846045458891,18796.958152959993,154.70303953407213,486.01393248825235,1938631.0401717795,1.2895500625585716,1.4817718983113726
36765.5,216.35916546788727,679.7123647707331,186854.01243007998,487.760102630805,1532.3435551391406,60759954.85324901,1.3939385446417327,1.1340681006113849
6238.5,89.12409831145735,279.99161251308885,31706.04932736,200.92136723334943,631.2130912495076,4246948.520280794,1.2219983041260576,1.2212251623607402
20451.5,161.3680840474695,506.95278736739044,103941.05439104,363.7882086766152,1142.8743638410451,25208353.323250044,1.1575063637234284,1.2022201950749634
5167.0,81.10997921123261,254.8145148228292,26260.344133120005,182.8543371338028,574.4538422165862,3201211.8795781364,1.1149586424037317,1.1738501392070162
12792.0,127.62162926499646,400.93517293807304,65013.029253119996,287.710201015008,903.8682538715918,12469941.143339833,1.321382908353585,1.226177024192302
2146.5,52.27818553444665,164.2367636180218,10909.198506240002,117.85594146885653,370.2553599004683,857142.573749039,1.1504934300974539,1.2856523242464044
3803.0,69.585415056805,218.60902873945517,19328.06052608,156.8733597040612,492.8321943902277,2021371.8608597426,1.186040759296837,1.089139816050771
2857.5,60.318173041635866,189.49512930556114,14522.727571199997,135.98128930506388,427.197819506457,1316546.1462386497,1.206856518220523,1.2004952815617043
