Area [-],Diameter [-],Perimeter [-],Area [mym^2],Diameter [mym],Perimeter [mym],Volume [mym^3] ,Irregularity [-],Diameter Ratio [-]
1605.5,45.212676198963315,142.03981139579724,8159.6637324799985,101.92745722294289,320.2145508106853,554462.5173639691,1.1049952543632189,1.182024470058882
2431.0,55.63492907563719,174.78228446701098,12355.11836416,125.42338410811648,394.02918210242956,1033080.5041928556,1.1432701852912635,1.1930270922228658
10275.0,114.37891554894983,359.33196081414815,52220.83142400001,257.8558272135525,810.0779724594156,8976963.789743332,1.193212667096868,1.2251466999419456
26614.0,184.0814962009534,578.3090761267326,135260.84744704,414.99332503542934,1303.739981220106,37421565.886104725,1.2790660746297269,1.0900307710461699
25785.5,181.19359337672108,569.2364618298432,131050.14585728002,408.48283690848,1283.2866795491984,35687823.57136789,1.1027276131282613,1.2391259456533485
12212.5,124.69738545806875,391.7483900769235,62067.825184,281.1177857766702,883.1575705894163,11632246.38913302,1.1304703829977403,1.0111450411022012
19553.0,157.7835632067125,495.6916830274288,99374.59044608,355.70726489321265,1117.4873302170354,23565509.178305533,1.1233650406096478,1.204771110183638
