Area [-],Diameter [-],Perimeter [-],Area [mym^2],Diameter [mym],Perimeter [mym],Volume [mym^3] ,Irregularity [-],Diameter Ratio [-]
2465.5,56.0283151410476,176.01814324012892,12530.45838208,126.3102336539777,396.8153021205466,1055150.084021312,1.1138966231183383,1.2198552709432247
1091.5,37.279229647062586,117.11615399069863,5547.351581439998,84.04229531633788,264.026657556631,310808.1065539562,1.0827813057400721,1.1197135293696185
43952.5,236.5630171645015,743.1846368350341,223380.6416703999,533.3076658956521,1675.4354452809005,79420405.743676,1.2215602295694312,1.4090145777702385
3308.5,64.90387533696494,203.90153794811684,16814.85360256,146.31929655965376,459.67562715023456,1640225.0339200927,1.2058026014481482,1.078573046573865
