Area [-],Diameter [-],Perimeter [-],Area [mym^2],Diameter [mym],Perimeter [mym],Volume [mym^3] ,Irregularity [-],Diameter Ratio [-]
2195.0,52.86549726138668,166.0818578247437,11155.690995200002,119.17997702607013,374.41494028010226,886356.6643452491,1.0768955419497075,1.0860903436000144
83534.0,326.1269570733261,1024.558052479155,424546.46541823994,735.2206120261063,2309.7636735090073,208090208.0922124,1.0615329725226055,1.0776518679008513
1868.5,48.77548656177252,153.2327102577322,9496.31372416,109.95945690485996,345.4478220050315,696139.6664712011,1.6621348767183695,1.5753301363620897
1009.5,35.85157347188749,112.63103983891645,5130.601393920001,80.82378723502316,253.91541621285327,276449.75696660223,1.2545073149675585,1.500625932498865
99298.0,355.57016229305884,1117.056609695604,504664.14780928,801.5973738734718,2518.2924208977697,269691637.0480084,1.0740973557075086,1.0807014719002128
