Area [-],Diameter [-],Perimeter [-],Area [mym^2],Diameter [mym],Perimeter [mym],Volume [mym^3] ,Irregularity [-],Diameter Ratio [-]
1047.5,36.5201098452631,114.73130879817083,5323.729529599998,82.33093563516113,258.6502625545963,292205.08882700274,1.3607871476591402,1.593567023303052
2887.0,60.62872723099517,190.47076406539387,14672.655992319998,136.6814026695555,429.3972905090239,1336986.1346121042,1.3210550475674006,1.052529347455101
6757.5,92.7572974139925,291.40564412264234,34343.773075199984,209.1120512901047,656.9448841100849,4787797.891197958,1.358063107942806,1.2014757185794547
1367.0,41.719521301819455,131.0657416330789,6947.530565119999,94.05248882282177,295.47460793761303,435621.69388144085,1.273046718472775,1.4072526649335704
11709.0,122.09980274064336,383.58784329476805,59508.877386240005,275.2617952985064,864.7604339237251,10920346.950356742,1.4597840240818356,1.7382491917180083
78076.0,315.29264294420597,990.5210508044272,396807.1663513599,710.7957342534179,2233.0306569335007,188032560.775822,1.0607698361953983,1.0764959553555917
9869.5,112.09923142806862,352.17012192748246,50159.950923519995,252.7165073314379,793.9323228733164,8450831.736872204,1.1011897536641393,1.164439934086731
1066.5,36.84983004655586,115.7671553602923,5420.29359744,83.07425685695553,260.985475044243,300191.2417025613,1.5309833582314285,1.6141829797882
