Area [-],Diameter [-],Perimeter [-],Area [mym^2],Diameter [mym],Perimeter [mym],Volume [mym^3] ,Irregularity [-],Diameter Ratio [-]
15964.5,142.57150034955973,447.90157810945146,81136.68742272002,321.41319038804744,1009.7493176899474,17385601.041369464,1.1117903457956957,1.0760529935502465
3060.0,62.418851374321186,196.0946049230806,15551.897241599996,140.71705853826967,442.07567733859287,1458944.823018254,1.1548037818163053,1.1309170883483686
2755.5,59.23184587295707,186.08233185304482,14004.33099648,133.5322733359944,419.5040089295042,1246686.7696731375,1.2942419893219712,1.4215311338683894
1428.0,42.64019312669459,133.9581174744737,7257.552046080001,96.12805138482028,301.99518003445354,465102.89067572396,1.2543053633600794,1.2095664959483385
4304.0,74.02717744545,232.56323682861373,21874.30252544,166.88686883302248,524.2905611064268,2433689.237584639,1.0947255903918611,1.0415140014448017
1917.0,49.404455338130255,155.20867394487504,9742.80621312,111.37740411428085,349.90243454132633,723418.976537195,1.1306083896009198,1.0178066564654147
32096.0,202.1531509223138,635.0828538375698,163122.12217856004,455.7340634392643,1431.7307856914174,49560205.051514186,1.1209506383112997,1.077977959982902
