Area [-],Diameter [-],Perimeter [-],Area [mym^2],Diameter [mym],Perimeter [mym],Volume [mym^3] ,Irregularity [-],Diameter Ratio [-]
2605.5,57.597097442557526,180.94661819363418,13241.983092479999,129.84689647450168,407.92605605572885,1146286.9384842347,1.6744037869369448,1.5149283866655723
2026.0,50.78959851813597,159.560229583351,10296.779023359997,114.50007089928572,359.7125815727065,785987.9521393316,1.0729237391080773,1.0632098220015986
68393.5,295.0954232156852,927.0696136823674,347597.6091481599,665.2631220974406,2089.985737085529,154162580.4636738,1.0573605283235772,1.040186841516516
