Area [-],Diameter [-],Perimeter [-],Area [mym^2],Diameter [mym],Perimeter [mym],Volume [mym^3] ,Irregularity [-],Diameter Ratio [-]
4897.5,78.9663895,248.0802291,24890.65907,178.0218285,559.2720685,2954053.759,1.185129268,1.375638187
2159.5,52.4362546,164.7333522,10975.26866,118.2122924,371.3748693,864941.1117,1.153779807,1.096034623
4140,72.60311092,228.0893999,21040.80215,163.6764533,514.2047431,2295922.58,1.176696139,1.297088088
5829,86.14936626,270.6462161,29624.83955,194.2151313,610.1448297,3835728.068,1.339512729,1.457326034
