Area [-],Diameter [-],Perimeter [-],Area [mym^2],Diameter [mym],Perimeter [mym],Volume [mym^3] ,Irregularity [-],Diameter Ratio [-]
1742.5,47.10222826,147.9760143,8855.941485,106.1872634,333.5971265,626925.4606,1.083060837,1.024790267
2393,55.19838975,173.4108557,12161.99023,124.4392498,390.9374331,1008952.627,1.075536279,1.099218286
70616,299.8517695,942.0121163,358893.0639,675.9858292,2123.672115,161737750.3,1.058345982,1.015117151
3807,69.62200045,218.7239651,19348.3898,156.9558378,493.091307,2024561.821,1.112265948,1.210483836
