Area [-],Diameter [-],Perimeter [-],Area [mym^2],Diameter [mym],Perimeter [mym],Volume [mym^3] ,Irregularity [-],Diameter Ratio [-]
9537.5,110.1976504191973,346.19612899980643,48472.62089600001,248.4295831050384,780.4645532171636,8028022.000801235,1.0686089017335596,1.0476354079243324
70747.0,300.12976871909683,942.8854765315183,359558.84776192,676.6125506003319,2125.6410182926547,162188019.38340613,1.0754266569377129,1.059541783791553
1450.0,42.96739856991561,134.98606369111147,7369.363071999999,96.86570333601775,304.31258198524165,475892.3580718376,1.364337292010964,1.518408906750919
