Area [-],Diameter [-],Perimeter [-],Area [mym^2],Diameter [mym],Perimeter [mym],Volume [mym^3] ,Irregularity [-],Diameter Ratio [-]
84482.5,327.9732608583943,1030.3583868866206,429367.0453312,739.3829192791642,2322.839947397197,211644439.61283457,1.0605596041788121,1.0443759145824625
1574.0,44.76694141230944,140.639494264596,7999.570672640001,100.92259271991041,317.0576758701053,538224.9419526578,1.1270636834391237,1.1151760168152227
68432.0,295.17846893924474,927.3305095174142,347793.2784435201,665.4503403766333,2090.5739006560584,154292770.34729707,1.0585880869647566,1.056009519642564
71773.5,302.2992862446903,949.701216851757,364775.8485849599,681.5035109100297,2141.006423270601,165730681.0038904,1.061945661839397,1.0681075601839707
2449.5,55.84621978996234,175.4460738229066,12449.141272320001,125.8997178944911,395.5256288263607,1044895.5828091694,1.35968443974728,1.521682119423793
