Area [-],Diameter [-],Perimeter [-],Area [mym^2],Diameter [mym],Perimeter [mym],Volume [mym^3] ,Irregularity [-],Diameter Ratio [-]
17258.5,148.23698824116676,465.700233248726,87713.20867456002,334.1854662908863,1049.874605835928,19541653.027185105,1.0885612174388362,1.0384881271634652
10841.0,117.48697759528031,369.09622570580126,55097.424181759976,264.8626422907999,832.0905312311583,9728832.901465308,1.0760377392317464,1.0105328402156823
