Area [-],Diameter [-],Perimeter [-],Area [mym^2],Diameter [mym],Perimeter [mym],Volume [mym^3] ,Irregularity [-],Diameter Ratio [-]
3475.0,66.51697090182844,208.9692271242303,17661.059776000002,149.95585920108203,471.1002256288647,1765586.2620745,1.0757274661911362,1.081114249391994
47322.0,245.46332055107007,771.1457645689982,240505.51675391998,553.3725098503323,1738.4710116443496,88726094.29264525,1.1112689617436442,1.192921163272765
