Area [-],Diameter [-],Perimeter [-],Area [mym^2],Diameter [mym],Perimeter [mym],Volume [mym^3] ,Irregularity [-],Diameter Ratio [-]
9375.5,109.25775648284436,343.2433651142064,47649.28515968,246.31068621492432,773.807842313467,7824352.08355426,1.068975732512258,1.0467746333762393
18237.5,152.3834183797815,478.7266277108214,92688.79932799998,343.53317839537937,1079.2413095112756,21227785.223199554,1.1884511534011803,1.3796170272479331
