Area [-],Diameter [-],Perimeter [-],Area [mym^2],Diameter [mym],Perimeter [mym],Volume [mym^3] ,Irregularity [-],Diameter Ratio [-]
34592.5,209.86790834058246,659.3194790670299,175810.1324608,473.12621256300906,1486.369833608712,55453588.067586154,1.2398803470515956,1.3092516127574367
