Area [-],Diameter [-],Perimeter [-],Area [mym^2],Diameter [mym],Perimeter [mym],Volume [mym^3] ,Irregularity [-],Diameter Ratio [-]
12447.0,125.88888995188802,395.4916118414253,63259.62907392,283.8039135075363,891.5962897353091,11968886.865475746,1.0685872956616567,1.038344964521174
17195.0,147.9640293169969,464.8427074978223,87390.4813952,333.57010769223785,1047.9413997830907,19433901.526848916,1.1072574958157966,1.0997865634608424
21267.5,164.55583252396457,516.9673945626395,108088.2269888,370.9746688420257,1165.4512943020143,26731996.141927857,1.1246908416491095,1.0863564885230348
