Area [-],Diameter [-],Perimeter [-],Area [mym^2],Diameter [mym],Perimeter [mym],Volume [mym^3] ,Irregularity [-],Diameter Ratio [-]
12271.0,124.99568973946735,392.6855406158997,62365.14086656001,281.7902829486552,885.2702827644844,11715927.127280457,1.1484009752294904,1.134662538615202
