Area [-],Diameter [-],Perimeter [-],Area [mym^2],Diameter [mym],Perimeter [mym],Volume [mym^3] ,Irregularity [-],Diameter Ratio [-]
14863.5,137.5674233718546,432.1808066382952,75541.05380735999,310.131999249509,974.3084104853727,15618465.36179419,1.0951119333492543,1.0742754731868194
15876.0,142.17577505403457,446.65837042819,80686.90215935998,320.52106728181553,1006.9466302933115,17241234.663854323,1.0934896418053355,1.0699448566395962
