Area [-],Diameter [-],Perimeter [-],Area [mym^2],Diameter [mym],Perimeter [mym],Volume [mym^3] ,Irregularity [-],Diameter Ratio [-]
12655.5,126.93889497863077,398.7902999196727,64319.29266047999,286.1710448398252,899.0328521389101,12270879.456005372,1.086649384113191,1.0398704039626407
20477.5,161.4706251220769,507.27492965406833,104073.19469439998,364.01937727521016,1143.6006014121315,25256439.682464793,1.1245537642216672,1.0526698919659412
