Area [-],Diameter [-],Perimeter [-],Area [mym^2],Diameter [mym],Perimeter [mym],Volume [mym^3] ,Irregularity [-],Diameter Ratio [-]
31523.0,200.34053551063136,629.3883545764445,160209.95318528,451.6477032551673,1418.8931065571364,48238971.59649972,1.1157493956329843,1.0357718911353435
