Area [-],Diameter [-],Perimeter [-],Area [mym^2],Diameter [mym],Perimeter [mym],Volume [mym^3] ,Irregularity [-],Diameter Ratio [-]
14750.0,137.04117368456699,430.52754448675853,74964.21056000002,308.9456219544878,970.5812962909484,15439909.770524262,1.0830298132562775,1.1080835710707158
37979.5,219.90225394313063,690.8433054955763,193023.94813312,495.7476412893937,1557.4371479092272,63794111.332907,1.196870319702451,1.2628011085798532
