Area [-],Diameter [-],Perimeter [-],Area [mym^2],Diameter [mym],Perimeter [mym],Volume [mym^3] ,Irregularity [-],Diameter Ratio [-]
10478.0,115.50326380555242,362.8642050371673,53252.542254080014,260.3905579232374,818.04106383579,9244306.125580445,1.0549905918135658,1.0223679076113132
