Area [-],Diameter [-],Perimeter [-],Area [mym^2],Diameter [mym],Perimeter [mym],Volume [mym^3] ,Irregularity [-],Diameter Ratio [-]
2029.0,50.82718796340838,159.6783203084713,10312.02598144,114.58481254470784,359.97880530341774,787734.3760263062,1.0690911363465565,1.0624235210272857
17538.0,149.43251030336498,469.4560765765325,89133.71693567999,336.880651227906,1058.3417790341348,20018283.071770474,1.106056039047919,1.0977271091859393
11925.5,123.22344821802052,387.1178796717356,60609.19952768001,277.79494166270547,872.7185479319606,11224619.36467676,1.0764623363319554,1.0367813699355382
