Area [-],Diameter [-],Perimeter [-],Area [mym^2],Diameter [mym],Perimeter [mym],Volume [mym^3] ,Irregularity [-],Diameter Ratio [-]
10906.5,117.8413641072355,370.209563768291,55430.31609984,265.6615712433517,834.6004405592352,9817136.579732766,1.0909750304661452,1.0063186973095883
