Area [-],Diameter [-],Perimeter [-],Area [mym^2],Diameter [mym],Perimeter [mym],Volume [mym^3] ,Irregularity [-],Diameter Ratio [-]
8281.0,102.68250420569166,322.5866008648039,42086.686620160006,231.48743748131128,727.239232989614,6495026.158519887,1.1546517294092573,1.2996827690250958
15273.5,139.45187050202128,438.10097189850524,77624.80474496001,314.38029685975675,987.6548310479901,16269139.439600788,1.1654848990788205,1.15456045626897
9034.5,107.2524249931433,336.9434304381493,45916.21425792,241.78986690454224,759.6052695797638,7401383.556121948,1.0756510253148914,1.0468361071252996
9762.0,111.48705949887035,350.2469270919793,49613.60159232,251.33642693425332,789.5966724361581,8313136.901035528,1.0799517472825468,1.0225401989470815
8922.0,106.58256526340095,334.8390040322551,45344.45332992,240.2797351298111,754.8610506903159,7263568.823812839,1.0891090423960654,1.1131871251483707
