Area [-],Diameter [-],Perimeter [-],Area [mym^2],Diameter [mym],Perimeter [mym],Volume [mym^3] ,Irregularity [-],Diameter Ratio [-]
12369.5,125.4963606986338,394.25844482308275,62865.749323519995,282.918995559,888.8162380091577,11857276.435782773,1.4016188474223632,1.1000452981267812
