Area [-],Diameter [-],Perimeter [-],Area [mym^2],Diameter [mym],Perimeter [mym],Volume [mym^3] ,Irregularity [-],Diameter Ratio [-]
16732.5,145.96054495061708,458.54857573082137,85039.9086912,329.05345253667116,1033.7519091275637,18655117.03882842,1.1581877610284872,1.0923290998778892
6459.5,90.68897859837647,284.9078289262215,32829.241905920004,204.4492333521799,642.2962095312737,4474608.892799068,1.1002259402532837,1.129714728836485
4875.5,78.78882789048386,247.52240288569467,24778.848039680008,177.62153359630682,558.0145050655101,2934171.326371869,1.084957537018478,1.1279526064947596
13281.0,130.03804979169632,408.5265819127369,67498.28342015999,293.1577794504002,920.9823262640741,13191764.589445243,1.1388358779174728,1.1431554227424208
24145.5,175.33683420035527,550.8369102275277,122715.14210688001,395.2793590212809,1241.8067304169385,32337841.809475288,1.1685017431192286,1.095594309066961
