Area [-],Diameter [-],Perimeter [-],Area [mym^2],Diameter [mym],Perimeter [mym],Volume [mym^3] ,Irregularity [-],Diameter Ratio [-]
20930.5,163.24686916164526,512.855164879759,106375.48536448,368.02374183801305,1156.1806837049285,26099136.109113812,1.3684097835331615,1.034685101533572
1281.5,40.393767793783624,126.90076415176262,6512.992259840001,91.0637101143058,286.08508270373363,395398.1594178582,3.2729923777394214,1.8083434864921655
