Area [-],Diameter [-],Perimeter [-],Area [mym^2],Diameter [mym],Perimeter [mym],Volume [mym^3] ,Irregularity [-],Diameter Ratio [-]
2355.0,54.758370390756774,172.02849414215032,11968.862092799998,123.44727020892206,387.8210371940637,985015.5685754706,1.0977996013505709,1.1896430327180723
7563.0,98.130070196816,308.28470762656787,38437.58131968,221.224430251702,694.9970448733345,5668888.0184664475,1.0981214548818843,1.1022770754926376
