Area [-],Diameter [-],Perimeter [-],Area [mym^2],Diameter [mym],Perimeter [mym],Volume [mym^3] ,Irregularity [-],Diameter Ratio [-]
2515.5,56.59358686972669,177.79399675022916,12784.574350079998,127.58458223911185,400.81878627371657,1087409.7183732144,1.0635648917344984,1.0601907975565246
2918.5,60.95858931528495,191.50705636609644,14832.749052159996,137.42504375237837,431.7335078717278,1358927.458307424,1.074231275959601,1.0787803003912306
6334.0,89.80367072872089,282.1265522267463,32191.410826239997,202.45339529082835,636.0260993399768,4344840.280649479,1.1300542962148583,1.2660590990653577
11881.5,122.99591721179543,386.4030699341149,60385.577475839986,277.2819957622716,871.1070808594686,11162555.625172125,1.072021855387744,1.0881131981357035
11046.5,118.59528081216797,372.5780629499254,56141.84081024,267.36120106295147,839.9399851143119,10006766.659273861,1.09255214816375,1.1696749236176862
8110.5,101.61992583924935,319.2484124749253,41220.15116928,229.09196081200372,719.7136210834717,6295470.170891709,1.4515471049314848,1.6571192155118513
9655.0,110.87437848492318,348.3221329195689,49069.7934208,249.95519885641082,785.2574164538761,8176833.314892709,1.0885368239146405,1.0560490607853283
