Area [-],Diameter [-],Perimeter [-],Area [mym^2],Diameter [mym],Perimeter [mym],Volume [mym^3] ,Irregularity [-],Diameter Ratio [-]
12823.5,127.77866528459029,401.428516143578,65173.12231296,288.06422301758033,904.9804467940821,12516029.893808367,1.2886138824504612,1.3101099321854524
5099.0,80.57448999903502,253.13222584771268,25914.74641664,181.64713025382454,570.6612899510834,3138226.211892159,1.0907644990161656,1.1663374245742164
5366.5,82.66099453080183,259.6871731563931,27274.266845439997,186.35094607023964,585.4387631637726,3388390.286679942,1.106411399114965,1.178361775433495
6013.5,87.502148557992,274.8961070831104,30562.527471359994,197.26484370913715,619.725783808164,4019274.80332936,1.0785617324809758,1.0489153711692438
6877.5,93.57726737256266,293.9816557206507,34953.6513984,210.96059156470525,662.752244656635,4915895.317568633,1.0747210210119895,1.0805644876343554
7349.0,96.73178078717827,303.8918518896575,37349.96497664,218.0721266066147,685.0937909000439,5429990.860758975,1.1058169817258623,1.138851795500568
