Area [-],Diameter [-],Perimeter [-],Area [mym^2],Diameter [mym],Perimeter [mym],Volume [mym^3] ,Irregularity [-],Diameter Ratio [-]
6530.5,91.18602330890947,286.4693409373376,33190.08658048,205.5697709476055,645.8164822091339,4548585.664053645,1.138513722248053,1.2355065253497017
15393.5,139.9986176070347,439.8186285869869,78234.68306816001,315.61288353329905,991.5271162865033,16461249.276970498,1.0777886489610446,1.062587004162296
10459.5,115.40125223825535,362.5437262467657,53158.51934592,260.16058304592286,817.3185764507085,9219834.257928345,1.3459690930539117,1.4554219843688345
23907.5,174.47055458086876,548.1154125389943,121505.55009920002,393.32641824711055,1235.671386027909,31860895.211775463,1.0741208674902507,1.0099248486989167
20925.5,163.2273693145719,512.7939043034471,106350.07376767999,367.97978138277085,1156.0425778616911,26089784.59671496,1.329571235998001,1.4163917142293716
