Area [-],Diameter [-],Perimeter [-],Area [mym^2],Diameter [mym],Perimeter [mym],Volume [mym^3] ,Irregularity [-],Diameter Ratio [-]
16502.0,144.95171253634658,455.3792352294459,83868.43407871999,326.7791407419397,1026.6069479012629,18270969.882410757,1.1887410469874402,1.1715359817360185
30907.0,198.37342213393828,623.2084856434474,157079.24445952,447.21304285875044,1404.9612100345876,46831924.58979696,1.0765674463482842,1.0454313939426472
