Area [-],Diameter [-],Perimeter [-],Area [mym^2],Diameter [mym],Perimeter [mym],Volume [mym^3] ,Irregularity [-],Diameter Ratio [-]
4318.0,74.14747705867296,232.9411692097447,21945.45499648,167.15807228107232,525.1425718664484,2445573.3016950823,1.0979789469246262,1.1552380863096918
7027.0,94.58886975143528,297.1596983224709,35713.458142719996,213.2411479676357,669.9168238981783,5077052.541498479,1.0826018009726062,1.1171156836695257
