Area [-],Diameter [-],Perimeter [-],Area [mym^2],Diameter [mym],Perimeter [mym],Volume [mym^3] ,Irregularity [-],Diameter Ratio [-]
2988.5,61.68530116195457,193.7900889648704,15188.511407360002,139.0633429395104,436.88037656240385,1408110.11372158,1.4957679541065867,1.5230240371927846
3038.0,62.19406512606668,195.38841809693625,15440.08621568,140.21030042020473,440.4836497577331,1443239.4178762364,1.2835660355356593,1.4084942516262255
4557.0,76.17186229414466,239.30096299353823,23160.12932352,171.72184635591972,539.4800909726326,2651400.112851155,1.5037455573122736,1.4867572592166052
1397.0,42.17482239435066,132.49611220054632,7100.00014592,95.07891960582414,298.69923534491164,450040.2287168449,1.3712193991891504,1.5292001301971894
2260.5,53.64846680823074,168.54162920109354,11488.582913279999,120.94510357247538,379.9602488709453,926325.2335650803,1.5606623661323387,1.862064613666976
2497.5,56.390741819700054,177.15674023124842,12693.092601599998,127.1272883583318,399.3821551773264,1075758.9622150739,1.2496263104588872,1.0783893656601002
2336.5,54.542865677132404,171.35146611701404,11874.839184640003,122.9614363825273,386.29474521419644,973431.5219699027,1.1462356620627596,1.1630353311778268
1177.0,38.71179334716084,121.61668558672673,5981.88988672,87.2718669218394,274.17265598671673,348033.79875661654,1.223950575301959,1.1660334016248926
3763.0,69.21849757715358,217.4563234809086,19124.76775168,156.04618093793505,490.23353565536036,1989564.645983095,1.5460157719392238,1.6322208313073376
