Area [-],Diameter [-],Perimeter [-],Area [mym^2],Diameter [mym],Perimeter [mym],Volume [mym^3] ,Irregularity [-],Diameter Ratio [-]
2801.5,59.72420434443274,187.62912160996552,14238.11768704,134.64224627408916,422.9910917575062,1278034.7653986027,1.0787726312060377,1.1423864017176202
2164.0,52.49085991681687,164.90489989528282,10998.13909504,118.33539459647196,371.7616063239256,867646.0864256289,1.1925164258275325,1.2998728811192557
3174.0,63.570923502725734,199.71394625808188,16131.28164864,143.3142899445449,450.23512044421983,1541228.7835802063,1.524139510425935,1.5457037984970554
2120.0,51.95447848683061,163.219807935316,10774.517043199998,117.12617630071092,367.9627350093764,841318.6551712384,1.1650946230185095,1.0977260424637612
1238.0,39.702273944726784,124.72837215556312,6291.91136768,89.50480638099206,281.1876421875015,375437.5391537076,1.0667486511398292,1.0074989673308816
3085.5,62.678390337343096,196.90997062263054,15681.496385279997,141.30216317650627,443.9138377716583,1477219.5740564184,1.2409238869596073,1.1120174356025034
2140.5,52.205069155261306,164.00706173831603,10878.704590079999,117.69110790362109,369.7375199828596,853551.1971751488,1.1306744769801509,1.1876241331202517
1766.5,47.42549584110497,148.99158932726866,8977.91714944,106.91603782418704,335.8866389793945,639922.219687963,1.1205553164231303,1.13245076149199
1438.5,42.79667142549209,134.44970854842217,7310.916399359999,96.48081606162937,303.10342295156295,470242.12024573446,1.1340153722912087,1.1679336600446466
