Area [-],Diameter [-],Perimeter [-],Area [mym^2],Diameter [mym],Perimeter [mym],Volume [mym^3] ,Irregularity [-],Diameter Ratio [-]
1167.0,38.54699143520717,121.09894511083552,5931.0666931199985,86.90033749153103,273.00546185786754,343607.7982112712,1.0656890746463348,1.0272650396368734
1330.5,41.15878052457499,129.30412252671945,6762.025908479998,92.78835481460186,291.5032138242363,418291.50617438165,1.086338420996261,1.002559948850356
1655.5,45.91130651929938,144.2346232777401,8413.77970048,103.50244941710852,325.1625347173373,580564.5385704171,1.297160478205207,1.4402162049953051
1228.5,39.549649564909515,124.24888852517049,6243.62933376,89.16072997913201,280.1066942911444,371124.36607810896,1.1050116021159377,1.1194572823289044
2249.0,53.5118280019416,168.11236573106032,11430.136240639999,120.63706504757714,378.99251730410236,919265.3927765043,1.2550828533900464,1.344494486797205
3392.0,65.71779466584124,206.45854093232933,17239.227269119994,148.1541962946725,465.4401346778432,1702709.2405317833,1.6267079988333462,1.3659120058406824
1952.0,49.853421059372025,156.61914135644184,9920.687390720002,112.3895524362483,353.0821922739625,743321.077135302,1.0961702246586222,1.0430578061648277
