Area [-],Diameter [-],Perimeter [-],Area [mym^2],Diameter [mym],Perimeter [mym],Volume [mym^3] ,Irregularity [-],Diameter Ratio [-]
1063,36.78931416,115.5770391,5402.50548,82.93782983,260.5568769,298714.7201,1.084964363,1.032908628
1400.5,42.22762108,132.6619842,7117.788264,95.19794897,299.0731771,451732.5626,1.091580101,1.065653211
1741,47.08195034,147.9123093,8848.318006,106.1415488,333.4535101,626116.1185,1.073966143,1.044848239
1527.5,44.10071887,138.5464944,7763.242822,99.42066061,312.339217,514551.1533,1.084596377,1.052645524
2437.5,55.70925767,175.0157946,12388.15344,125.5909505,394.5556074,1037226.644,1.140358415,1.05126446
1071.5,36.93610933,116.0382097,5445.705194,83.26876487,261.59654,302304.7636,1.313946817,1.464013085
2769.5,59.38212626,186.5544516,14075.48347,133.8710654,420.5683557,1256199.979,1.097547152,1.033970911
