Area [-],Diameter [-],Perimeter [-],Area [mym^2],Diameter [mym],Perimeter [mym],Volume [mym^3] ,Irregularity [-],Diameter Ratio [-]
2040.0,50.964778732569144,160.11057445806856,10367.9314944,114.89499717470387,360.95327905826974,794148.9731710741,1.4746536655107783,1.540448883072228
1042.5,36.43284541984618,114.4571595203613,5298.3179328,82.13420671450123,258.03222042270255,290115.42688782926,1.1603571388444043,1.2942357464554644
2434.0,55.66924691322298,174.89009713345757,12370.36532224,125.50075024116988,394.27223497766676,1034993.4191323142,1.467166700381222,1.3632662579163384
2097.5,51.67804122721762,162.35135467133733,10660.1648576,116.5029761426394,366.00489397106287,827960.6213877172,1.3143082427618944,1.4711530148380019
1186.5,38.867707931241206,122.10650569866111,6030.1719206399985,87.62336076019017,275.2769064470616,352255.9530988049,1.1571575368721119,1.0989312848502835
1709.5,46.65407808246521,146.56810896387728,8688.224945920001,105.17695362910958,330.42314484816495,609200.6881708674,1.2275786407627354,1.387822547205552
1621.0,45.430400636750925,142.72381289005776,8238.43968256,102.41829519549128,321.7565637793462,562511.2982391197,1.079177903777691,1.0117000137899441
2199.0,52.91364435448217,166.23311637870424,11176.020272640002,119.28851983274461,374.7559375641508,888780.610629315,1.075915654993424,1.0583281624837921
