Area [-],Diameter [-],Perimeter [-],Area [mym^2],Diameter [mym],Perimeter [mym],Volume [mym^3] ,Irregularity [-],Diameter Ratio [-]
1721.5,46.81753813,147.0816338,8749.212778,105.545458,331.5808353,615626.4463,1.190464427,1.257140842
3392.5,65.72263807,206.473757,17241.76843,148.1651153,465.4744377,1703085.738,1.167395709,1.080297476
5206,81.41550878,255.7743643,26458.55459,183.543123,576.6177268,3237523.826,1.170090753,1.10965685
2271,53.77292075,168.9326128,11541.94727,121.2256725,380.8416823,932786.8799,1.099143832,1.047904977
