Area [-],Diameter [-],Perimeter [-],Area [mym^2],Diameter [mym],Perimeter [mym],Volume [mym^3] ,Irregularity [-],Diameter Ratio [-]
11257.5,119.72257170164737,376.1195517267726,57214.2101952,269.9025656441938,847.9239174128362,10294841.415327115,1.063731993563664,1.0592026311268692
48553.5,248.63675560000925,781.11540480539,246764.39304576008,560.5267018246609,1760.9465685932712,92212020.90780278,1.1362420125724617,1.1635039849957747
12850.0,127.91062563308351,401.8430818049694,65307.80377600001,288.3617144272235,905.9150436211231,12554846.841549374,1.0918676150038698,1.0873893617206924
