Area [-],Diameter [-],Perimeter [-],Area [mym^2],Diameter [mym],Perimeter [mym],Volume [mym^3] ,Irregularity [-],Diameter Ratio [-]
13866.5,132.87353441174858,417.4345195644599,70473.98140544,299.550095977846,941.0643809061185,14073658.595960326,1.0693286022577246,1.0009517740971616
18119.5,151.8896439222529,477.1753895025193,92089.08564351998,342.42001325832695,1075.7441980944795,21022097.284667544,1.0714851812603892,1.0165276606553544
17895.0,150.94575732042202,474.21008228838554,90948.1049472,340.2921153031594,1069.0592095109364,20632615.34353095,1.0717091643660772,1.0188253814114163
15000.5,138.1999630636702,434.16798868720707,76237.33155967998,311.55799673073807,978.7883136964394,15834900.197887314,1.0679930159001387,1.0435751406966214
4534.0,75.9793925734421,238.6963015329406,23043.23597824,171.28794261756786,538.1169421758613,2631352.321309232,1.0625316046114255,1.0002712238918992
20434.5,161.30100271508135,506.7420451463669,103854.65496191996,363.6369805208794,1142.3992665779695,25176928.762260232,1.0740315045595623,1.0615546400744704
