Area [-],Diameter [-],Perimeter [-],Area [mym^2],Diameter [mym],Perimeter [mym],Volume [mym^3] ,Irregularity [-],Diameter Ratio [-]
9912.5,112.3431661792888,352.936465549871,50378.490655999994,253.26643383458867,795.6599679356292,8506120.446942843,1.05993694925732,1.0511260644969274
17042.0,147.30427122584274,462.7700163255059,86612.88653311998,332.08274905153985,1043.2687248042205,19175096.975471716,1.062579666890863,1.0595588564212233
12625.0,126.78584010953837,398.30946386733586,64164.28191999999,285.8259979429433,897.9488553425219,12226546.608050898,1.0568678276296928,1.0206229899261088
15393.5,139.9986176070347,439.8186285869869,78234.68306816001,315.61288353329905,991.5271162865033,16461249.276970498,1.0754480533722017,1.0382691588873108
