Area [-],Diameter [-],Perimeter [-],Area [mym^2],Diameter [mym],Perimeter [mym],Volume [mym^3] ,Irregularity [-],Diameter Ratio [-]
20926.0,163.22931940410712,512.8000306904048,106352.61492736002,367.9841776646191,1156.0563891884485,26090719.697684314,1.1394276839928486,1.1952635194063115
15730.5,141.52277081253206,444.6068971003227,79947.42469248,319.0489345197723,1002.3217888229675,17004760.44382365,1.0852661303020912,1.0211996940432184
15487.0,140.42314919312082,441.1523338990519,78709.87992832,316.56994754097155,994.5338215420225,16611455.039909622,1.0757246429510385,1.0566797180791396
17770.5,150.41975711227636,472.55760389868846,90315.35618688,339.1063004339158,1065.333862229203,20417670.872602835,1.0711364216729127,1.0658807851213357
