Area [-],Diameter [-],Perimeter [-],Area [mym^2],Diameter [mym],Perimeter [mym],Volume [mym^3] ,Irregularity [-],Diameter Ratio [-]
15556.5,140.737880393562,442.1410911262133,79063.10112384002,317.2794775592462,996.7628758349354,16723399.612523874,1.0771053528303367,1.0671452417744693
15291.5,139.53401914342516,438.359049466842,77716.28649343998,314.56549275693766,988.2366411180486,16297907.970698856,1.0604547873128154,1.0493029086902532
15579.0,140.8396210852227,442.4607189357057,79177.45330944002,317.50884177452605,997.4834447686551,16759694.329957942,1.0602129705703505,1.0357660079302045
15365.0,139.86895868939533,439.4112930838586,78089.8369664,315.3205804693728,990.6088191282508,16415555.14733596,1.0638000123989286,1.0161358966473264
15696.5,141.3697439834121,444.1261491381573,79774.62583424,318.7039508362042,1001.2379906170618,16949658.953234807,1.0713859473269303,1.0484262038130725
