Area [-],Diameter [-],Perimeter [-],Area [mym^2],Diameter [mym],Perimeter [mym],Volume [mym^3] ,Irregularity [-],Diameter Ratio [-]
11340.5,120.16311021719233,377.503544290832,57636.042702080005,270.8957156736384,851.0439902492517,10408904.690917565,1.0589231830398451,1.011211720796482
16911.5,146.73919231339903,460.99476856547426,85949.64385664,330.8088351513268,1039.2666062540052,18955267.71059098,1.056415649718026,1.0085921672780385
19072.0,155.83075626200696,489.5567590760627,96929.99483391999,351.3048569170685,1103.6567576610757,22701318.6440683,1.0677016761830906,1.0294506573090578
5902.0,86.68713741396085,272.33567406042835,29995.848862720002,195.42748258603334,613.9535436018296,3908008.820848334,1.0553936967993784,1.0266805740163554
