Area [-],Diameter [-],Perimeter [-],Area [mym^2],Diameter [mym],Perimeter [mym],Volume [mym^3] ,Irregularity [-],Diameter Ratio [-]
18565.5,153.74761386044554,483.01237421093595,94355.80007808002,346.60862068698844,1088.903096421134,21803022.479253702,1.0623831825648224,1.0341623912571545
9053.0,107.36217955354404,337.28823455880223,46010.23716608,242.03729758550966,760.3825959893637,7424128.9766309215,1.0619727257250537,1.0663594193396262
16409.5,144.54488683219358,454.1011545859874,83398.31953791999,325.8619928744972,1023.72564289865,18117561.73800715,1.0672929086587737,1.0271889777958743
