Area [-],Diameter [-],Perimeter [-],Area [mym^2],Diameter [mym],Perimeter [mym],Volume [mym^3] ,Irregularity [-],Diameter Ratio [-]
12990.5,128.60800249549843,404.0339558327156,66021.86964607998,289.93388082585165,910.8541500292741,12761317.923910977,1.0711997623889797,1.0497013978949352
14001.0,133.51639174961633,419.4541154544115,71157.55335936001,300.99935356033507,945.6173578804254,14278918.374734944,1.0608084207727353,1.0036220889738436
12498.5,126.14905647634639,396.3089490833737,63521.36852096,284.3904329202753,893.4388948135578,12043246.328909444,1.062456358879872,1.0322797391411471
13689.0,132.02036255017498,414.7542011118908,69571.86971904,297.62670533311444,935.0218709866465,13804297.578895027,1.0888084393163482,1.0373599501872333
