Area [-],Diameter [-],Perimeter [-],Area [mym^2],Diameter [mym],Perimeter [mym],Volume [mym^3] ,Irregularity [-],Diameter Ratio [-]
16240.5,143.79863290821442,451.7567287407019,82539.40756607999,324.1796380282786,1018.4403692730383,17838396.84522691,1.0599951746238685,1.0292170169271866
