Area [-],Diameter [-],Perimeter [-],Area [mym^2],Diameter [mym],Perimeter [mym],Volume [mym^3] ,Irregularity [-],Diameter Ratio [-]
13651.0,131.83699414496564,414.17813227718466,69378.74158336,297.21331960041056,933.7231814056851,13746857.397126315,1.110123517024432,1.1566011466845807
15697.0,141.37199557800636,444.1332227311935,79777.16699392001,318.70902683105754,1001.2539373252026,16950468.837314006,1.0654142254241652,1.0753753137599051
