Area [-],Diameter [-],Perimeter [-],Area [mym^2],Diameter [mym],Perimeter [mym],Volume [mym^3] ,Irregularity [-],Diameter Ratio [-]
12844.0,127.8807597435143,401.7492553457059,65277.30985984,288.29438476577866,905.7035212513595,12546054.590138445,1.0665238849144751,1.0478511409281492
