Area [-],Diameter [-],Perimeter [-],Area [mym^2],Diameter [mym],Perimeter [mym],Volume [mym^3] ,Irregularity [-],Diameter Ratio [-]
7939.5,100.54295283820157,315.8650020067191,40351.07455872001,226.66403287844162,712.0860605239475,6097424.86030544,1.0686408501074414,1.061965276339641
11786.5,122.50321585175222,384.85520296098946,59902.75713663999,276.1712498161902,867.6175695552546,11028946.203907719,1.059482245769721,1.0367074783872579
10778.5,117.14782299696377,368.03074011129877,54779.77922176001,264.0980521643551,829.688500506912,9644821.993640156,1.0571425716149991,1.0442317430517045
