Area [-],Diameter [-],Perimeter [-],Area [mym^2],Diameter [mym],Perimeter [mym],Volume [mym^3] ,Irregularity [-],Diameter Ratio [-]
14857.0,137.5373400794501,432.0862971878815,75508.01873152,310.0641794751123,974.09534838036,15608221.247853441,1.059813799327077,1.0195331454870582
17546.5,149.4687180372386,469.569826527273,89176.91665024,336.9622779431507,1058.5982169230842,20032837.982940905,1.058722676048118,1.0407762498005235
28120.5,189.21979975077963,594.451532810781,142917.36156287996,426.57711655815757,1340.1315355686247,40643517.33439534,1.2130673295645602,1.1700798106100017
16820.5,146.343861375248,459.7527997944422,85487.15279487999,329.9176010843591,1036.4667118565906,18802477.582412582,1.0693344440343469,0.9979466450187353
17821.0,150.63333604061663,473.2285818909238,90572.01331456,339.58779276996614,1066.8465150148986,20504766.725482278,1.0880610394673436,1.005820627489093
