Area [-],Diameter [-],Perimeter [-],Area [mym^2],Diameter [mym],Perimeter [mym],Volume [mym^3] ,Irregularity [-],Diameter Ratio [-]
10026.0,112.98451077698546,354.9513090264143,50955.33390336,254.712281095636,800.2022310691484,8652632.888343083,1.061771538574598,1.044390945170479
12809.5,127.7088953373455,401.2093273898724,65101.96984191998,287.90693364851165,904.4863076677282,12495539.00777671,1.062723726075446,1.0356091476226659
8698.0,105.23610388125572,330.60897084576527,44206.01379328,237.2442725899029,745.3248638746933,6991749.057657286,1.0627735776019802,1.0454067562280538
4379.0,74.66937770194203,234.58076843654257,22255.476477439996,168.3346450912581,528.8388843633415,2497578.4894444696,1.0655839854047875,1.0713896708679727
16512.5,144.9978206127229,455.52408802346093,83921.798432,326.88308678932253,1026.9335040400904,18288411.013575654,1.0691028219030743,1.0387310538683794
18691.0,154.26639404175145,484.6421702173546,94993.63115776,347.7781587277245,1092.5773085380042,22024473.423270915,1.0826556261436213,1.11454434472626
5165.0,81.09427999900558,254.76519429302962,26250.179494400003,182.81894482975818,574.342654014206,3199353.411171976,1.0653784735790817,1.086066349153142
