Area [-],Diameter [-],Perimeter [-],Area [mym^2],Diameter [mym],Perimeter [mym],Volume [mym^3] ,Irregularity [-],Diameter Ratio [-]
15654.0,141.1782271927376,443.52448139553525,79558.62726143998,318.27219538330763,999.8815908580946,16880865.973453846,1.0699712344567596,0.9967135262657916
19897.0,159.16547119773037,500.03307501994755,101122.90830592002,358.82263826816336,1127.2745643249698,24190125.83178653,1.0657326671773397,1.0617880795895251
9788.0,111.63542745861535,350.71303878434225,49745.741895679996,251.67090766270246,790.6474746354212,8346370.676826873,1.0730511830856477,1.1296971773738582
18426.0,153.16889975216935,481.1942902198467,93646.81652735999,345.3039676012906,1084.8044078716225,21557744.86675168,1.1212290135074436,1.154587276392994
16298.0,144.0529697718644,452.5557515630818,82831.64092928,324.7530150536911,1020.2416863238115,17933216.75575227,1.0726761009094625,0.999632289622711
