Area [-],Diameter [-],Perimeter [-],Area [mym^2],Diameter [mym],Perimeter [mym],Volume [mym^3] ,Irregularity [-],Diameter Ratio [-]
12363.5,125.46592011910319,394.1628129220584,62835.25540735998,282.8503703165062,888.6006454514884,11848650.173936015,1.0626572036663264,1.0426318013417546
12439.5,125.85095675732092,395.3724411960461,63221.51167872002,283.7183969137043,891.3276314323664,11958070.629298316,1.0776937292028248,1.0091301907612413
