Area [-],Diameter [-],Perimeter [-],Area [mym^2],Diameter [mym],Perimeter [mym],Volume [mym^3] ,Irregularity [-],Diameter Ratio [-]
18116.5,151.87706940876419,477.13588550332065,92073.83868544,342.391665275118,1075.655140278686,21016876.63718692,1.0715738938285022,1.080719464537426
6997.0,94.38674215435097,296.52469574838307,35560.98856192001,212.78547151276882,668.4852740951548,5044574.479072218,1.0592967466634353,1.0594708294568496
8555.5,104.37049834594873,327.8895908551382,43481.78328448001,235.29285147110681,739.1942936238236,6820635.184036006,1.058215059014025,1.0347751683815942
25299.0,179.47614672221732,563.8409440371217,128577.59748863999,404.61102517056673,1271.1230242372874,34682609.02256475,1.0885239915597176,1.0954192360695416
