Area [-],Diameter [-],Perimeter [-],Area [mym^2],Diameter [mym],Perimeter [mym],Volume [mym^3] ,Irregularity [-],Diameter Ratio [-]
16093.0,143.14413712556646,449.70056959812956,81789.76546048,322.70414273587704,1013.8049641020233,17595930.764995098,1.0620130520166524,1.0309922088031216
18000.0,151.3879513212096,475.59927571272135,91481.74848000001,341.28899745853494,1072.191007166759,20814476.149662036,1.0710421355952657,1.0172540063855429
