Area [-],Diameter [-],Perimeter [-],Area [mym^2],Diameter [mym],Perimeter [mym],Volume [mym^3] ,Irregularity [-],Diameter Ratio [-]
11925.0,123.22086499845234,387.10976424811753,60606.658368000004,277.78911805251096,872.7002525209562,11223913.450771036,1.062131483730561,1.0874781637158857
13209.5,129.68753897803415,407.42541971553203,67134.89758592,292.3675878720802,918.4998662066955,13085378.712823046,1.0724495618654837,1.0741519503149748
9706.5,111.16968849903222,349.2498766904253,49331.53286784,250.62094575221823,787.3489220108949,8242343.615163133,1.0644162805497202,1.0749427010231398
