Area [-],Diameter [-],Perimeter [-],Area [mym^2],Diameter [mym],Perimeter [mym],Volume [mym^3] ,Irregularity [-],Diameter Ratio [-]
11995.5,123.5845660220994,388.2523647121102,60964.96188288,278.60904564022087,875.2761310069812,11323593.231787762,1.077281065582898,1.0056173038140406
27287.0,186.3944405211389,585.5754050111897,138681.24837632,420.20762671085555,1320.1211930572258,38849945.499674745,1.0601262061854977,1.0280667720043968
15272.5,139.44730526965293,438.0866297980349,77619.7224256,314.3700049999056,987.6224982166899,16267541.68468477,1.062221949144074,1.0183291089596525
