Area [-],Diameter [-],Perimeter [-],Area [mym^2],Diameter [mym],Perimeter [mym],Volume [mym^3] ,Irregularity [-],Diameter Ratio [-]
15173,138.9923149,436.6572355,77114.03165,313.3442748,984.4000718,16108826.88,1.065929295,1.014444576
20068,159.8479627,502.1771854,101991.9849,360.3612471,1132.108247,24502639.26,1.068747422,1.039343255
10884.5,117.7224525,369.835992,55318.50507,265.3934969,833.7582603,9787447.671,1.063725861,1.010502364
17112,147.6064873,463.7194561,86968.64889,332.7640649,1045.409142,19293360.75,1.061884066,1.011547093
10573.5,116.0284376,364.5140871,53737.90375,261.5745097,821.7605579,9370977.217,1.059191988,1.008373485
