Area [-],Diameter [-],Perimeter [-],Area [mym^2],Diameter [mym],Perimeter [mym],Volume [mym^3] ,Irregularity [-],Diameter Ratio [-]
24641.0,177.12677838717426,556.460185735174,125233.43134975998,399.31460919604564,1254.4838427213763,33338359.131806146,1.0724645677239257,1.0572931691444838
14630.0,136.48257961906873,428.77266947425034,74354.33223680001,307.68632749322853,966.62510606275,15251874.279434912,1.0606073560934068,1.0051005140756735
21623.0,165.9254612041456,521.270209962442,109894.99152127997,374.0623597386258,1175.1515613393292,27405053.234604176,1.0675836661119535,1.002607663891969
