Area [-],Diameter [-],Perimeter [-],Area [mym^2],Diameter [mym],Perimeter [mym],Volume [mym^3] ,Irregularity [-],Diameter Ratio [-]
34580,209.829987,659.2003458,175746.6035,473.0407228,1486.101259,55423533.55,1.292139462,1.053233635
30267.5,196.3104122,616.7273486,153829.1012,442.5621932,1390.350135,45385962.94,1.460924321,1.058741965
30647.5,197.5388796,620.5866929,155760.3826,445.3316501,1399.05064,46243352.13,1.441617823,1.096490566
25423.5,179.9172186,565.2266124,129210.3462,405.6053777,1274.246875,34938940.86,1.563656755,1.076119751
30534,197.1727574,619.4364861,155183.5393,444.5062643,1396.457614,45986703.57,1.410278195,1.057298956
