Area [-],Diameter [-],Perimeter [-],Area [mym^2],Diameter [mym],Perimeter [mym],Volume [mym^3] ,Irregularity [-],Diameter Ratio [-]
99205.0,355.40361426897704,1116.5333836466789,504191.4921088,801.2219080079818,2517.112860093073,269312846.2058694,1.3792329042106224,1.0469354863682314
9778.5,111.58123896154223,350.5428006000283,49697.45986176,251.54874511490078,790.2636896727037,8334222.442415918,1.2320589365170227,1.2535768327159322
44990.0,239.33877061110465,751.9049234710591,228653.54800639997,539.5653244656743,1695.0944594731554,82249017.2135339,1.3925404209665717,1.0502675144355011
1190.0,38.92499271977894,122.28647116949371,6047.9600384000005,87.75250358746965,275.6826206045066,353815.75664437935,1.8207394464426554,1.3967900080281237
