Area [-],Diameter [-],Perimeter [-],Area [mym^2],Diameter [mym],Perimeter [mym],Volume [mym^3] ,Irregularity [-],Diameter Ratio [-]
20825.5,162.8368819981583,511.56715221888214,105841.84183168,367.09946677664806,1153.2769879622479,25902989.132712033,1.1987233366535646,1.0253712775011157
153553.5,442.16556676486107,1389.1040962188547,780407.9258457598,996.8180537147027,3131.596274515786,518616473.163399,1.3126432965610273,1.0480797443378629
