Area [-],Diameter [-],Perimeter [-],Area [mym^2],Diameter [mym],Perimeter [mym],Volume [mym^3] ,Irregularity [-],Diameter Ratio [-]
95669.5,349.0131668362107,1096.4572009387484,486222.95201152,786.8152833155534,2471.853113796314,255045099.8276459,1.3519177683254464,1.0291148177529625
13572.5,131.45738366831281,412.9855507925064,68979.7795136,296.3575257418444,931.0346257066265,13628451.188578978,1.2258465706624622,1.2374161967042807
