Area [-],Diameter [-],Perimeter [-],Area [mym^2],Diameter [mym],Perimeter [mym],Volume [mym^3] ,Irregularity [-],Diameter Ratio [-]
95335.0,348.4024856359764,1094.538689366407,484522.9161856,785.4385636177452,2467.5280213076276,253708655.5524659,1.291939102090153,1.0291717892510308
6555.5,91.36039533359825,287.01714680909146,33317.14456448,205.96287524006388,647.0514557664158,4574729.926192778,1.4506961551566777,1.3184365944230143
128626.5,404.68796164560837,1271.3647273020713,653720.95115904,912.3285407338595,2866.1646412297896,397605520.94538504,1.3119306369145396,1.0353662929690215
