Area [-],Diameter [-],Perimeter [-],Area [mym^2],Diameter [mym],Perimeter [mym],Volume [mym^3] ,Irregularity [-],Diameter Ratio [-]
17862.0,150.8065142759406,473.7726373627792,90780.38840832,339.9782057836805,1068.0730336706495,20575569.047604173,1.658080949788892,1.1092990317220066
82549.5,324.19945681341807,1018.5026318228356,419542.92200832,730.8752554401697,2296.1123331814006,204422360.19396403,1.2609644264198863,1.0348162848233404
20684.5,162.28469848717862,509.832416557355,105125.23480191999,365.85462426949545,1149.3661998869009,25640368.853132617,1.39922373675042,1.6335138296316345
