Area [-],Diameter [-],Perimeter [-],Area [mym^2],Diameter [mym],Perimeter [mym],Volume [mym^3] ,Irregularity [-],Diameter Ratio [-]
43448.0,235.20142801363548,738.9070783614658,220816.61155328003,530.2380993139399,1665.7921174580886,78056920.27130386,1.4896526032079065,1.105975358395773
28639.0,190.95629688928912,599.9068994641021,145552.54415104003,430.4918757072134,1352.430114151872,41772791.83035881,1.4029454330198168,1.0537826112514301
25975.5,181.85992905054212,571.3298170875441,132015.78653567997,409.98502405154215,1288.0059396421595,36082996.94534267,1.3632228261481516,1.0561889385824421
23618.5,173.41282590202906,544.7924598920603,120036.75980415998,390.9418747135343,1228.1801215806606,31284930.60825101,1.219958977341567,1.0249421429977439
30559.0,197.25345940581585,619.6900189644836,155310.59732224004,444.68819888447126,1397.0291787535318,46043193.193932205,1.3141204422003228,1.1048571229367845
35091.0,211.3746646698738,664.0530936818815,178343.66866175996,476.52304403176345,1497.0412943964336,56656578.58299604,1.480265279556624,1.0826643259035158
