Area [-],Diameter [-],Perimeter [-],Area [mym^2],Diameter [mym],Perimeter [mym],Volume [mym^3] ,Irregularity [-],Diameter Ratio [-]
12387.5,125.58763816716528,394.54520144765957,62957.231072,283.1247714840574,889.4627021436038,11883167.773686001,1.1579407147589273,1.0431798858458627
10066.0,113.2096694514393,355.6586658639705,51158.62667776,255.21987881132475,801.7968963237352,8704465.667234475,1.7532354597004447,1.397327048069814
23647.0,173.51742135691273,545.1210562047218,120181.60590591999,391.17767470702404,1228.9209091079244,31341574.09388915,1.199543703085674,1.0771092339623984
4612.0,76.63015581557022,240.74073455363657,23439.65688832,172.7550232706215,542.7259119777183,2699545.647464737,1.323141479348416,1.5065198012226506
101487.5,359.46891144619144,1129.3048913932748,515791.886048,810.386713964294,2545.9049471569992,278660594.4159229,1.421507098803777,1.0675313261072121
14460.5,135.6896474925144,426.281599730672,73492.87910527998,305.89874130712445,961.0092384328268,14987586.142227879,1.3240052043307342,1.0821626764328294
