Area [-],Diameter [-],Perimeter [-],Area [mym^2],Diameter [mym],Perimeter [mym],Volume [mym^3] ,Irregularity [-],Diameter Ratio [-]
100025.0,356.8694235461125,1121.1383593032913,508358.9939839998,804.526428442356,2527.49431721334,272658830.5309977,1.5685726773978887,1.3478317480530575
88182.5,335.0782686979394,1052.679427319033,448171.6269631999,755.4004489526345,2373.160500948028,225699365.47722253,1.342811860363887,1.0176199478625352
6011.5,87.48759639614882,274.85039011837,30552.362832640003,197.2320373154779,619.6227194828533,4017269.844188849,1.1703239507608645,1.1111857846626862
