Area [-],Diameter [-],Perimeter [-],Area [mym^2],Diameter [mym],Perimeter [mym],Volume [mym^3] ,Irregularity [-],Diameter Ratio [-]
84122.5,327.2737288600839,1028.1607422997774,427537.41036159993,737.8058943421731,2317.8855774406184,210293080.9443846,1.3437915139343055,1.019329952675187
109683.5,373.70224725703645,1174.020234612702,557446.5755225599,842.4743462162629,2646.7112169108755,313089626.1759088,1.3619419339017385,1.0011516712587463
