Area [-],Diameter [-],Perimeter [-],Area [mym^2],Diameter [mym],Perimeter [mym],Volume [mym^3] ,Irregularity [-],Diameter Ratio [-]
25368.0,179.72072994187846,564.6093248832005,128928.27752448,405.1624135809708,1272.8552620166872,34824594.73377036,1.1701906843089267,1.0872760849510035
32354.0,202.96401708273675,637.6302650101991,164433.36057344,457.56208011132173,1437.4736694389928,50158980.33578547,1.4404734334806717,1.1138082837998136
38396.5,221.10617851933418,694.6255460996535,195143.27530624,498.46176885398694,1565.963831127059,64847641.45940595,1.4714470074896857,1.0427066102144555
33999.0,208.05977814428908,653.6390705256208,172793.77592063995,469.0499638484853,1473.5639205929594,54032609.56587962,1.3116975376047206,1.0480465633198794
36437.5,215.3918891492609,676.6735765941451,185187.01167999997,485.57947489809374,1525.4929110738406,59948674.59301436,1.4840934406963688,1.0639974560988572
36132.5,214.48852615033576,673.8355780331971,183636.90427519998,483.5429333533169,1519.0949271180393,59197551.57676831,1.307937956785042,1.0767957209354715
