Area [-],Diameter [-],Perimeter [-],Area [mym^2],Diameter [mym],Perimeter [mym],Volume [mym^3] ,Irregularity [-],Diameter Ratio [-]
35132.5,211.49961774293612,664.4456453382576,178554.5849152,476.8047382396752,1497.9262628505678,56757114.747990526,1.2795080563517638,1.0401016167685189
1213.5,39.30745714919905,123.48801861121933,6167.394543359999,88.61473139715434,278.3913891571329,364348.0072534145,1.2346787810565063,1.3978064638812266
28759.5,191.3576042043036,601.1676435767836,146164.96363391998,431.39658291818205,1355.2723356795007,42036710.56935562,1.3610553396285108,1.055528226855749
29185.5,192.76963643911375,605.603673672295,148330.03168127997,434.579868388338,1365.272921926822,42974163.764059104,1.3016455161276808,1.1073742127281145
2243.5,53.446355522274274,167.90667786992512,11402.183484160001,120.48946388941512,378.5288145899592,915895.3167834546,1.647053590125814,1.5168129252514444
28744.0,191.3060309396113,601.0056213873046,146086.18768384,431.2803161502597,1354.9070728555394,42002731.47298179,1.7233520843965708,1.4578637743640044
24414.5,176.31082458243066,553.8967912565229,124082.28601472001,397.47512293863167,1248.704926208705,32879747.92547153,1.423819111965074,1.1223401768697598
27485.0,187.06947609657206,587.6960918158821,139687.54760959998,421.72942691211205,1324.9020693897248,39273566.26676998,1.3712223915420914,1.0658491810682111
