Area [-],Diameter [-],Perimeter [-],Area [mym^2],Diameter [mym],Perimeter [mym],Volume [mym^3] ,Irregularity [-],Diameter Ratio [-]
118181.5,387.90895743217715,1218.6519309306036,600636.1254438399,874.5019536351001,2747.3289130899525,350171643.41630334,1.4213118839430279,1.130421067526754
3312.5,64.94309810853827,204.024759919145,16835.182879999997,146.40772037588866,459.95341876172046,1643200.498381325,1.1627882242352208,1.078936294663694
53122.0,260.07120389505127,817.0377835669462,269982.96904192003,586.3045220610036,1841.9299792733236,105528157.08582245,1.3360485609423784,1.049812148883675
