Area [-],Diameter [-],Perimeter [-],Area [mym^2],Diameter [mym],Perimeter [mym],Volume [mym^3] ,Irregularity [-],Diameter Ratio [-]
8226.5,102.34405265946731,321.5233239735894,41809.70021504,230.7244323155031,724.8421815660599,6431012.898264315,1.2956312987104757,1.3084342269632987
18070.0,151.68203114859844,476.523154738015,91837.51083519998,341.9519710214003,1074.273800041381,20936011.895863894,1.1867817832263203,1.046989098054848
21136.0,164.0463075400431,515.3666746163314,107419.90199296003,369.8259957182732,1161.8426312550573,26484448.14300384,1.5099556092417221,1.0985915004907965
