Area [-],Diameter [-],Perimeter [-],Area [mym^2],Diameter [mym],Perimeter [mym],Volume [mym^3] ,Irregularity [-],Diameter Ratio [-]
74643.0,308.2830182440589,968.4996653420236,379359.56398848,694.9932363294064,2183.385645547058,175768220.73924413,1.2994720314267594,1.0354510505179537
