Area [-],Diameter [-],Perimeter [-],Area [mym^2],Diameter [mym],Perimeter [mym],Volume [mym^3] ,Irregularity [-],Diameter Ratio [-]
34651.5,210.04680450887724,659.8814979551001,176109.98930304,473.5295160848128,1487.6368489899778,55595518.6749134,1.4528852539674875,1.1011777800770675
2516.5,56.60483472571965,177.82933293198525,12789.65666944,127.60993940566237,400.8984481618676,1088058.2084043093,1.296475068485682,1.149262568546372
25338.0,179.61443033481345,564.2753748185656,128775.80794368,404.92277174680345,1272.1024049909743,34762838.05765929,1.3631823627647632,1.067196966649142
30178.0,196.0199555683496,615.8148523705247,153374.23364608,441.9073878332873,1388.293003184111,45184804.634314336,1.6895184941406713,1.2297081287707048
1958.5,49.93635597802283,156.87968908760126,9953.722466560002,112.57652091685468,353.6695710790883,747036.9636381721,1.3996759899945175,1.6458542835852426
1022.0,36.07285426355026,113.32621394838475,5194.130385920001,81.32264265174771,255.48261672523859,281600.2728405045,1.5782121899144312,1.9297188266512006
1399.0,42.20500116200085,132.59092159529055,7110.16478464,95.1469546196147,298.912973644423,451007.0174014164,1.4154908730432834,1.102038487476877
