Area [-],Diameter [-],Perimeter [-],Area [mym^2],Diameter [mym],Perimeter [mym],Volume [mym^3] ,Irregularity [-],Diameter Ratio [-]
12753.5,127.42943354570755,400.3313722783036,64817.359957759996,287.2769149854431,902.5070456642077,12413687.47077752,1.17582045720882,1.0680307738301105
72764.5,304.3791038374378,956.2351565219394,369812.42707071995,686.1922516911197,2155.73653686306,169174948.02334356,1.2918632159256376,1.045494217591021
14951.5,137.97405934851588,433.4582912352596,75988.29791103999,311.0487193952942,977.1883717607692,15757375.169504732,1.2885696345635038,1.2386943251011209
9115.5,107.73214501732237,338.4505153418902,46327.882126079996,242.87134772705153,763.0028417867571,7501143.446200687,1.2559028388692184,1.3992208019748569
101910.0,360.216382198201,1131.6531400165613,517939.1659775999,812.0718120276243,2551.198838853336,280402531.35700405,1.2556018344971975,1.0320128211163409
16140.5,143.35523315107088,450.3637473210562,82031.17563007996,323.18003761577415,1015.3000319605891,17673892.283863615,1.2954606083777134,1.1173938080734314
72181.5,303.1572862365362,952.3967033229203,366849.43488384,683.4377860916472,2147.0831279711915,167145843.73732236,1.2144249802016929,1.0702889096800206
111861.5,377.3943366472163,1185.6192755172879,568515.86708864,850.7977925374844,2672.860094726174,322461363.1610325,1.3222768667257156,1.1960367674074255
24273.0,175.79915662299578,552.289338954085,123363.13782527999,396.3216186908817,1245.081085738089,32594318.979800865,1.3712963851721323,1.2073606013881353
