Area [-],Diameter [-],Perimeter [-],Area [mym^2],Diameter [mym],Perimeter [mym],Volume [mym^3] ,Irregularity [-],Diameter Ratio [-]
110709.0,375.44517144063144,1179.495792423648,562658.49402624,846.4035944957595,2659.0553144398723,317490781.21158695,1.41250426866677,1.0854697138045668
149066.5,435.65739130108204,1368.6580599935733,757603.5588774399,982.1460229491594,3085.5027304495115,496051548.215738,1.2962218421671483,1.0428819583240916
110831.5,375.6528298872713,1180.1481706740678,563281.07814784,846.8717396978644,2660.5260359676186,318017884.3933,1.4187577449829807,1.1354280601160676
82899.0,324.8850335410978,1020.6564346339865,421319.1926246399,732.4208196150508,2300.9678662388587,205721965.58779347,1.242111089046677,1.034243091028243
