Area [-],Diameter [-],Perimeter [-],Area [mym^2],Diameter [mym],Perimeter [mym],Volume [mym^3] ,Irregularity [-],Diameter Ratio [-]
28482.5,190.4338345,598.2655355,144757.1612,429.3140366,1348.729823,41430854.12,1.544164515,1.138842988
31825,201.2979099,632.3960348,161744.8136,453.806008,1425.673621,48933845.46,1.229760272,1.057359178
40797.5,227.9144364,716.0143191,207345.9241,513.8103055,1614.182681,71024315.06,1.429244482,1.032733251
32373.5,203.0251718,637.8223884,164532.4658,457.6999474,1437.906792,50204333.96,1.543581889,1.096322905
1073.5,36.97056466,116.1464543,5455.869833,83.34644097,261.8405667,303151.5553,1.2925482,1.5147235
25178.5,179.048211,562.4965444,127965.178,403.646287,1268.09221,34435112.64,1.25120062,1.056434941
31708.5,200.929132,631.2374851,161152.7234,452.9746353,1423.061786,48665397.41,1.556065411,1.082052999
