Area [-],Diameter [-],Perimeter [-],Area [mym^2],Diameter [mym],Perimeter [mym],Volume [mym^3] ,Irregularity [-],Diameter Ratio [-]
3802.5,69.58084052995808,218.59465743951924,19325.519366400007,156.8630468907375,492.7997957316522,2020973.2337063067,1.1569104451194105,1.3107923259427656
69411.5,297.283478618279,933.9435924608036,352771.41025664,670.1958741970482,2105.482434843636,157617295.79244956,1.4165543715037494,1.1495851943581965
