Area [-],Diameter [-],Perimeter [-],Area [mym^2],Diameter [mym],Perimeter [mym],Volume [mym^3] ,Irregularity [-],Diameter Ratio [-]
6990.0,94.33951673449884,296.3763327163129,35525.4123264,212.6790065262542,668.1508044756558,5037006.266676199,1.4384854461343943,1.6757265668635728
3377.5,65.57718019511827,206.01678754411765,17165.533638400004,147.83719503187464,464.44424583945886,1691802.896217564,1.181358696877941,1.051354715457011
1000.5,35.6914018288373,112.12784578179657,5084.860519680001,80.4626962829308,252.78101553048216,272761.05842405173,1.098338482559326,1.1778207730536108
80424.0,319.99846428659737,1005.30482456279,408740.45220864005,721.4045378877051,2266.359196494354,196578144.69439042,1.1956270940548621,1.0391721051679146
