Area [-],Diameter [-],Perimeter [-],Area [mym^2],Diameter [mym],Perimeter [mym],Volume [mym^3] ,Irregularity [-],Diameter Ratio [-]
20641.0,162.11396436728853,509.2960395005911,104904.15390976002,365.46972126961526,1148.1569914501326,25559527.926283207,1.8146718503314854,1.9093117223882612
3359.0,65.39733657241258,205.45179214023048,17071.510730240007,147.43175556884694,463.1705202009356,1677921.864781128,1.1615951330406438,1.3269165724554755
11793.5,122.53958776996984,384.9694687120589,59938.333372160014,276.25324666862,867.8751702644656,11038772.795976866,1.1797654042379908,1.0770842368246358
