Area [-],Diameter [-],Perimeter [-],Area [mym^2],Diameter [mym],Perimeter [mym],Volume [mym^3] ,Irregularity [-],Diameter Ratio [-]
3081.0,62.63266749332202,196.7663280717527,15658.625948160005,141.19908559694517,443.5900100049593,1473989.1103898606,1.2847418543790918,1.4241196280251476
57366.5,270.2615332285557,849.0516473387444,291554.87356543995,609.277600510456,1914.1020337604652,118425235.8553871,1.413730343231764,1.124954362676637
12682.0,127.07172740752104,399.20760530243285,64453.97412352,286.4705022675154,899.9736253938047,12309441.56020148,1.3817068289434593,1.1156845058287121
30508.0,197.08879225054972,619.172701839212,155051.39903487999,444.31697324963926,1395.8629390263193,45927978.87819994,1.3000417343247643,1.1769207324955868
34568.0,209.79357612282868,659.0859575178097,175685.61563648004,472.95863801130497,1485.84338262815,55394686.32640481,1.2313316272112134,1.0859545029783804
9809.0,111.75511932035691,351.089061857884,49852.47060223999,251.9407409958126,791.4951810524137,8373245.589333538,1.2791699940948544,1.353358728934768
3445.0,66.22922490572147,208.06524641676071,17508.590195200002,149.30716462745846,469.0622915219453,1742771.9724462877,1.1413738382104892,1.0801424150126515
