Area [-],Diameter [-],Perimeter [-],Area [mym^2],Diameter [mym],Perimeter [mym],Volume [mym^3] ,Irregularity [-],Diameter Ratio [-]
10997.5,118.33195634833793,371.7508047488465,55892.80716159999,266.767562391693,838.0750142257995,9940258.614485992,1.1434029398316958,1.1958639978454915
44246.0,237.35154706964101,745.6618765921562,224872.30240256005,535.0853277137987,1681.020134589357,80217246.41655353,1.358142188304225,1.1094290738032908
