Area [-],Diameter [-],Perimeter [-],Area [mym^2],Diameter [mym],Perimeter [mym],Volume [mym^3] ,Irregularity [-],Diameter Ratio [-]
33304.0,205.9222421154642,646.923803040681,169261.56396544,464.2311026251025,1458.4250215749114,52384321.647817016,1.229126768676371,1.1131197284699663
1185.0,38.8431314457417,122.0292963923648,6022.548441599998,87.56795553128008,275.10284578694717,351588.16941267246,1.215835339934449,1.205215851944412
288710.0,606.2977725181652,1904.7406280309233,1467316.4224255998,1366.8376983649516,4294.047271832914,1337055601.0675347,1.4662578797763939,1.0419133063497252
