Area [-],Diameter [-],Perimeter [-],Area [mym^2],Diameter [mym],Perimeter [mym],Volume [mym^3] ,Irregularity [-],Diameter Ratio [-]
2027.0,50.802131423574885,159.59960286700604,10301.86134272,114.52832508130722,359.8013447033784,786569.9498677254,1.3302580467832708,1.397194098818523
12623.5,126.77830805372159,398.28580121611543,64156.65844096001,285.80901767630996,897.8955102616108,12224367.684270212,1.289391293125691,1.4451348107452686
8457.5,103.77101449633051,326.00625679723186,42983.7159872,233.9413750805275,734.9485053236796,6703779.749410947,1.4456359314822371,1.623598099071854
