Area [-],Diameter [-],Perimeter [-],Area [mym^2],Diameter [mym],Perimeter [mym],Volume [mym^3] ,Irregularity [-],Diameter Ratio [-]
1844.5,48.46122512136902,152.24542882525404,9374.33805952,109.25098591361431,343.2220947436527,682770.4501933854,1.2669966115073434,1.54460397970986
129354.5,405.8315718243772,1274.9574846382618,657420.8796531201,914.9066955208759,2874.2641533684973,400985843.0465756,1.4088521608335192,1.1278020098238768
149321.5,436.0298598481205,1369.8282044446426,758899.5503142399,982.9857160416028,3088.140704100002,497324945.24619573,1.495719245946401,1.2623172647195569
8513.5,104.11399936657321,327.0837755458788,43268.32587135999,234.71460017200263,737.377663590629,6770471.871338785,1.2031970818694666,1.3551281786256333
