Area [-],Diameter [-],Perimeter [-],Area [mym^2],Diameter [mym],Perimeter [mym],Volume [mym^3] ,Irregularity [-],Diameter Ratio [-]
2358.5,54.79904621668046,172.1562810180509,11986.650210559998,123.53896979088442,388.1091199270939,987212.2788375133,1.1833600744085446,1.2848864686459294
23690.0,173.67511282499862,545.6164585623941,120400.14563839999,391.5331743526769,1230.0377441830612,31427100.809551567,1.3113059788002568,1.3052132571279624
1018.5,36.01103270266993,113.13199578688965,5176.34226816,81.18327212489909,255.044771301964,280154.9353117671,1.1343024581128796,1.2496170374104159
