Area [-],Diameter [-],Perimeter [-],Area [mym^2],Diameter [mym],Perimeter [mym],Volume [mym^3] ,Irregularity [-],Diameter Ratio [-]
43786.0,236.1145203196403,741.7756424420598,222534.43549695998,532.2965746085971,1672.25900832138,78969545.16499306,1.8562294039290441,1.441475782922438
3421.0,65.99812484108159,207.33922415144397,17386.614530559997,148.78617264173434,467.42554692701526,1724591.8874661243,1.3313871099762258,1.5305157483916532
44120.5,237.01469434085251,744.6036225340525,224234.47132287992,534.3259269220179,1678.634406640768,79876194.49164431,1.6708936324104837,1.3950491832637715
