Area [-],Diameter [-],Perimeter [-],Area [mym^2],Diameter [mym],Perimeter [mym],Volume [mym^3] ,Irregularity [-],Diameter Ratio [-]
2035.5,50.9085365465206,159.93388441955662,10345.061057279998,114.76820479047603,360.55494903544843,791522.723994593,1.1801895998613046,1.2778567635621734
3760.0,69.190900328036,217.36962416582148,19109.520793599993,155.98396569952433,490.0380807194279,1987185.8906688325,1.413354531620295,1.2228726001225394
3371.0,65.51404815230268,205.81845238220205,17132.49856256,147.69487015455115,463.9971190504363,1686921.433746889,1.5241861016321134,1.1950397695371127
128205.5,404.0251383918381,1269.282406637398,651581.2947084799,910.8342719905597,2861.47025752335,395655049.4723098,1.0812705786738253,1.0059876646233274
7272.0,96.22368715297759,302.29562866111695,36958.62638592,216.92668031767266,681.495265253622,5344874.75399918,1.5737244097814718,1.326950865190188
1539.5,44.273607026306124,139.08963858176477,7824.2306547200005,99.81041968010453,313.5636812187305,520626.4968810282,1.2097739813267587,1.4116245632416229
1802.5,47.90630730274596,150.50210308292176,9160.880646399999,107.99997918331049,339.2919411901388,659583.2794079946,1.4512033834485607,1.7565487668014235
