Area [-],Diameter [-],Perimeter [-],Area [mym^2],Diameter [mym],Perimeter [mym],Volume [mym^3] ,Irregularity [-],Diameter Ratio [-]
20204.0,160.3886896318728,503.875929066385,102683.18034943998,361.58026190609405,1135.9378944872583,24752140.829400804,1.2921198766525492,1.2240942427589727
1456.0,43.056204862184465,135.26505688649584,7399.8569881600015,97.06590824130866,304.94154424491626,478849.22627436364,1.167206471991034,1.161272809808515
2903.0,60.796499885817255,190.99783740525618,14753.973102079999,137.05962934258642,430.58552464640957,1348116.0564677163,1.1570547115828682,1.1243865152899104
5944.5,86.99869236763375,273.3144528140766,30211.847435519998,196.12985207359353,616.1601024240542,3950296.7789323423,1.2642809068670378,1.5555308207047707
