Area [-],Diameter [-],Perimeter [-],Area [mym^2],Diameter [mym],Perimeter [mym],Volume [mym^3] ,Irregularity [-],Diameter Ratio [-]
8561.5,104.40708961679803,328.0045457228239,43512.27720064,235.37534283210948,739.4534478775341,6827811.442337614,1.0872854097299722,1.0732168959787844
