Area [-],Diameter [-],Perimeter [-],Area [mym^2],Diameter [mym],Perimeter [mym],Volume [mym^3] ,Irregularity [-],Diameter Ratio [-]
5071.5,80.35691850192103,252.44870483074882,25774.982634239997,181.15663707073077,569.1203601704401,3112872.7830502694,1.0597077898623162,1.0204472935088928
1857.0,48.62515639638805,152.76043411454742,9437.867051520001,109.62055258001722,344.3831226678357,689722.8009095737,1.1672437107866844,1.3524055817175347
5010.5,79.87219002190645,250.92588539894928,25464.96115328,180.0638651853859,565.6873160433913,3056879.554703533,1.0628374651321408,1.0141201834804359
10252.5,114.25361452661905,358.9383160429065,52106.47923839999,257.57334858880995,809.1905396871282,8947493.560405325,1.3684888919956135,1.293214314507441
