Area [-],Diameter [-],Perimeter [-],Area [mym^2],Diameter [mym],Perimeter [mym],Volume [mym^3] ,Irregularity [-],Diameter Ratio [-]
4001.0,71.37388470922251,224.2276718606583,20334.359759360002,160.90528568847122,505.4988634426681,2181270.6442479827,1.0812706092297737,1.0699645045870905
9426.0,109.55161317239306,344.16654313130084,47905.94228736,246.9731567358429,775.8890548352045,7887654.528742936,1.0858278703686,1.141014690521234
2078.0,51.43726056041154,161.5949198973729,10561.059630079999,115.96016020739177,364.29958741663745,816441.4444425963,1.2643259831868678,1.4590478264220568
