Area [-],Diameter [-],Perimeter [-],Area [mym^2],Diameter [mym],Perimeter [mym],Volume [mym^3] ,Irregularity [-],Diameter Ratio [-]
3731.0,68.92355723123185,216.52974105691365,18962.133532159998,155.38126742208908,488.1446482387061,1964240.2275026105,1.0620504555514312,1.0316786737047126
6906.0,93.77095656940391,294.59014827852684,35098.49750016,211.39724449006417,664.1240302791109,4946483.7715168195,1.0814785511409077,1.0344354323420615
7145.5,95.38308637753921,299.65480344039787,36315.712986880004,215.0316299295244,675.5417888760329,5206017.970414403,1.0700130724028558,1.0643132110555862
2433.0,55.65780998512833,174.8541669641758,12365.28300288,125.4749668304733,394.1912340040379,1034355.6497571887,1.0733586887007593,1.150411841637894
6239.5,89.1312410963465,280.0140522336228,31711.13164672,200.93746992760356,631.2636793554793,4247969.707755385,1.0750766806860659,1.1237993875458248
31061.5,198.86862527505755,624.7642121936223,157864.46280064,448.32942882008973,1408.468439969302,47183522.95893416,1.1136937929174133,1.0483725275012572
