Area [-],Diameter [-],Perimeter [-],Area [mym^2],Diameter [mym],Perimeter [mym],Volume [mym^3] ,Irregularity [-],Diameter Ratio [-]
3331.5,65.12908369757089,204.60905087932346,16931.746947839998,146.8270062878038,461.2706443023468,1657358.4770493377,1.090349874289192,1.1208510216261904
1832.5,48.303327687926284,151.74937940832967,9313.3502272,108.895021939661,342.10380093813836,676118.3182151272,1.1024523726068043,1.2050629280777545
2538.0,56.84612532563537,178.58736970806078,12898.92653568,128.15390493411238,402.6073662698522,1102031.8700037561,1.0825966799066655,1.1163570910107665
11459.5,120.7919225896028,379.47901662048315,58240.83870591999,272.31331028600056,855.4974950692172,10573170.387894735,1.2382486765556941,1.2571656302478782
