Area [-],Diameter [-],Perimeter [-],Area [mym^2],Diameter [mym],Perimeter [mym],Volume [mym^3] ,Irregularity [-],Diameter Ratio [-]
2267.5,53.73146813262207,168.80238555203957,11524.159148799998,121.13222175818319,380.548097988518,930631.3343926914,1.1063368947461194,1.1420031789251814
1194.0,38.990357992890814,122.49182223130185,6068.289315840002,87.89986305917306,276.1455640382469,355601.1999105194,1.0631354265721402,1.0002472920897763
11664.5,121.86756200713668,382.85823751251917,59282.714174719986,274.7382317888889,863.1156106482232,10858152.045339115,1.071871076893232,1.0917867586055259
