Area [-],Diameter [-],Perimeter [-],Area [mym^2],Diameter [mym],Perimeter [mym],Volume [mym^3] ,Irregularity [-],Diameter Ratio [-]
4951.0,79.3965300626154,249.43155556523368,25162.56315136,178.99153737316016,562.3184988662629,3002590.575140771,1.0641049534230669,1.0420038636905378
9747.0,111.40137271386574,349.977734117699,49537.36680192,251.14325464613893,788.9898037949407,8293983.683489189,1.5907439336666387,1.632362262874989
13422.5,130.72894778589676,410.6971019756969,68217.4316096,294.71533988852565,925.8755466940111,13403149.02876368,1.0791483462733444,1.1294048261049638
