Area [-],Diameter [-],Perimeter [-],Area [mym^2],Diameter [mym],Perimeter [mym],Volume [mym^3] ,Irregularity [-],Diameter Ratio [-]
10098.0,113.38947447949334,356.22354001918364,51321.26089727999,255.62523126656978,803.0703486192475,8746006.123839442,1.07658414178386,1.107529328939727
7236.5,95.98853038502051,301.5568618864611,36778.20404864,216.39654289999024,679.8297894368378,5305784.140130748,1.068953576813333,1.095452852565367
7803.5,99.67810585750937,313.14800508569715,39659.87912576,224.7143218451691,705.9608626651957,5941428.561471025,1.0644195178345697,1.0333262165639394
7912.0,100.36867677689393,315.31749761281844,40211.310776319995,226.27114492582967,710.8517666183379,6065772.885550853,1.0679238059152218,0.9902195298111306
5227.0,81.57955074852212,256.2897173147128,26565.283294720004,183.91293920746827,577.7795387142885,3257132.887740675,1.0617189341915372,1.066443725195141
2346.5,54.659460221640124,171.71775868148814,11925.662378239997,123.22428712366549,387.12051517154686,979687.4966907607,1.0730807765209098,1.0636359663268469
22151.0,167.93906381610142,527.5961291354117,112578.45614335999,378.60182546701907,1189.412713522872,28414939.336089898,1.1772773606493845,1.1693374783921
