Area [-],Diameter [-],Perimeter [-],Area [mym^2],Diameter [mym],Perimeter [mym],Volume [mym^3] ,Irregularity [-],Diameter Ratio [-]
33943.5,207.8898902946413,653.1053521052331,172511.70719616,468.66696868023934,1472.3607057860374,53900359.24898488,1.580956401522416,1.3619368582640143
2324.0,54.39677106193454,170.8924963471794,11811.310192640001,122.63208068202522,385.2600437650812,965630.363002837,1.0728270546574927,1.076247550896416
