Area [-],Diameter [-],Perimeter [-],Area [mym^2],Diameter [mym],Perimeter [mym],Volume [mym^3] ,Irregularity [-],Diameter Ratio [-]
2567.0,57.16997386159244,179.6047698894993,13046.313797119998,128.88398907357399,404.9009932388872,1120973.9765856208,1.561488548057456,1.7255372267736708
8119.0,101.6731619637394,319.4156586925289,41263.350883839994,229.2119763310541,720.0906609564371,6305369.470751143,1.069338587208949,1.1072447989086696
3759.5,69.18629971628664,217.3551709177477,19106.97963392,155.9735940803966,490.0054973169704,1986789.5236822953,1.098172318448244,1.1700915916608197
