Area [-],Diameter [-],Perimeter [-],Area [mym^2],Diameter [mym],Perimeter [mym],Volume [mym^3] ,Irregularity [-],Diameter Ratio [-]
22382.0,168.81246248503817,530.3399919773984,113752.47191552001,380.57081542627003,1195.598477913847,28860580.66242889,1.3120595577025935,1.274855624791674
5959.0,87.10473263305981,273.64758813292383,30285.541066240003,196.36890924797004,616.9111226868635,3964759.1101081017,1.3387037089950724,1.3449054401863507
14469.0,135.7295213753186,426.4068672279597,73536.07881984,305.98863298851825,961.2916414787123,15000802.82227918,1.0985196006199829,1.1216067930961187
10173.5,113.81257623111419,357.55275337379663,51704.976008959995,256.5790718554238,806.0669272058872,8844276.50312394,1.0738227060819234,1.104270568303899
