Area [-],Diameter [-],Perimeter [-],Area [mym^2],Diameter [mym],Perimeter [mym],Volume [mym^3] ,Irregularity [-],Diameter Ratio [-]
16847.0,146.45909534799566,460.1148179966702,85621.83425791998,330.1773845525214,1037.2828456916932,18846928.863912996,1.1797983598909016,1.2142249624595607
33510.0,206.55812049899006,648.9214738989424,170308.52175359998,465.6646268529232,1462.9285707577758,52871102.821508735,1.1578479127258048,1.1916471418614691
7073.0,94.89796256986662,298.13074205013214,35947.244833280005,213.93796681750732,672.1059448778179,5126986.981548713,1.0624032259950047,1.0537634032593388
