Area [-],Diameter [-],Perimeter [-],Area [mym^2],Diameter [mym],Perimeter [mym],Volume [mym^3] ,Irregularity [-],Diameter Ratio [-]
9411.0,109.46441136507617,343.89259057405434,47829.70749696,246.77656898142772,775.2714561901481,7868834.074323374,1.3311972907412137,1.079164614787478
