Area [-],Diameter [-],Perimeter [-],Area [mym^2],Diameter [mym],Perimeter [mym],Volume [mym^3] ,Irregularity [-],Diameter Ratio [-]
13479.5,131.0062306,411.5682115,68507.12381,295.3404462,927.8393759,13488616.34,1.154961002,1.102770473
37175,217.5607503,683.4872549,188935.2222,490.4689555,1540.853667,61777907.4,1.123411812,1.157227243
