Area [-],Diameter [-],Perimeter [-],Area [mym^2],Diameter [mym],Perimeter [mym],Volume [mym^3] ,Irregularity [-],Diameter Ratio [-]
125719.5,400.0887888260958,1256.9159997597008,638946.6487795201,901.9601655295504,2833.5914298582693,384202950.0651515,1.1038856577101426,1.0130211398027322
245179.0,558.7231857893696,1755.2806558661687,1246077.9783654397,1259.5855500435548,3957.1047105846906,1046361210.5177288,1.1487009874049199,1.0402279298101809
