Area [-],Diameter [-],Perimeter [-],Area [mym^2],Diameter [mym],Perimeter [mym],Volume [mym^3] ,Irregularity [-],Diameter Ratio [-]
324461.0,642.741453404334,2019.231828172682,1649014.42186496,1448.9963325547305,4552.156233432494,1592943899.7414577,1.1382135402748446,1.0902334313483673
