Area [-],Diameter [-],Perimeter [-],Area [mym^2],Diameter [mym],Perimeter [mym],Volume [mym^3] ,Irregularity [-],Diameter Ratio [-]
80938.5,321.02040260947115,1008.5153384903522,411355.3055193599,723.7083956427917,2273.59697909265,198467525.4643776,1.129763580269445,1.0223650585968282
