Area [-],Diameter [-],Perimeter [-],Area [mym^2],Diameter [mym],Perimeter [mym],Volume [mym^3] ,Irregularity [-],Diameter Ratio [-]
201850.0,506.95502966712206,1592.6461969026263,1025866.1628160002,1142.87941888156,3590.461586297281,781627549.339604,1.1460632582617953,1.001886152897507
340646.5,658.5777057991157,2068.982882356522,1731274.3018662399,1484.6975799535264,4664.315009984543,1713612510.811025,1.1566120049422306,1.0918961321875904
