Area [-],Diameter [-],Perimeter [-],Area [mym^2],Diameter [mym],Perimeter [mym],Volume [mym^3] ,Irregularity [-],Diameter Ratio [-]
104476.0,364.72314798453755,1145.8115623023662,530980.3974553599,822.2318648163414,2583.117586054454,291059334.9204286,1.1462113951631152,0.9935379876288984
