Area [-],Diameter [-],Perimeter [-],Area [mym^2],Diameter [mym],Perimeter [mym],Volume [mym^3] ,Irregularity [-],Diameter Ratio [-]
220180.5,529.47381387521,1663.3910439385293,1119027.6178444799,1193.6457660002734,3749.9487694550203,890481718.7182903,1.1407808811027955,0.9992064499473712
