Area [-],Diameter [-],Perimeter [-],Area [mym^2],Diameter [mym],Perimeter [mym],Volume [mym^3] ,Irregularity [-],Diameter Ratio [-]
15995.0,142.70762599818877,448.3292294471496,81291.6981632,321.7200720503168,1010.7134148656542,17435447.32677154,1.0563395007649499,1.0372794983221651
