Area [-],Diameter [-],Perimeter [-],Area [mym^2],Diameter [mym],Perimeter [mym],Volume [mym^3] ,Irregularity [-],Diameter Ratio [-]
21235.0,164.43005118423815,516.5722408297962,107923.05160959999,370.6911073897465,1164.5604597266927,26670743.676028922,1.0643492364375164,1.0592701335961896
16392.5,144.46999424472597,453.8658725833908,83311.92010879998,325.6931550253102,1023.1952231519962,18089414.74096777,1.0553824750564327,1.0422632095674236
