Area [-],Diameter [-],Perimeter [-],Area [mym^2],Diameter [mym],Perimeter [mym],Volume [mym^3] ,Irregularity [-],Diameter Ratio [-]
24968.5,178.2999763676931,560.1458958919783,126897.89094016001,401.9594667233273,1262.792907698876,34005205.71374778,1.063600830270146,1.0768369346502575
35677.0,213.13227638608942,669.5747937374078,181321.90780672,480.48540388479995,1509.489415001612,58081686.73711622,1.067006544130626,1.0854299879268277
7754.5,99.36466197622181,312.1632920909315,39410.845477120005,224.00769395919446,703.740925689796,5885555.074874534,1.1157346807476582,1.083209710403781
13569.0,131.4404328298999,412.93229816307615,68961.99139584,296.3193117717263,930.9145729788388,13623179.885882013,1.0585333119447486,1.0436568716646433
