Area [-],Diameter [-],Perimeter [-],Area [mym^2],Diameter [mym],Perimeter [mym],Volume [mym^3] ,Irregularity [-],Diameter Ratio [-]
16706.5,145.8470995738962,458.1921765687313,84907.76838784,328.7977012793916,1032.9484428565481,18611652.71112319,1.0559554260622976,1.0284743435984454
