Area [-],Diameter [-],Perimeter [-],Area [mym^2],Diameter [mym],Perimeter [mym],Volume [mym^3] ,Irregularity [-],Diameter Ratio [-]
15515.0,140.5500321471541,441.55094845530857,78852.1848704,316.8559924725442,995.4324581976476,16656524.863826083,1.0570908045132188,1.0341116196582936
14657.5,136.61079249808796,429.17546211307274,74494.09601919999,307.9753706076895,967.5331617877113,15294897.886398619,1.0571163071895675,1.024647040534813
14579.0,136.24448364133477,428.02466889975204,74095.13394944,307.1495639210251,964.9388135676011,15172192.054160291,1.0601932969065406,1.0444865210691352
21201.5,164.3002988667475,516.1646119023814,107752.79391104,370.3985937651956,1163.6415010727285,26607655.559280097,1.0654985594261495,1.0604431402722911
