Area [-],Diameter [-],Perimeter [-],Area [mym^2],Diameter [mym],Perimeter [mym],Volume [mym^3] ,Irregularity [-],Diameter Ratio [-]
28329.0,189.91999121420162,596.6512491683739,143977.02514943999,428.15562819329614,1345.090576125182,41096382.43217365,1.0599838474891967,1.042691466209138
16681.0,145.7357500606054,457.84236175579616,84778.16924415997,328.5466749366288,1032.1598203422668,18569057.07492235,1.0544228486958815,1.0223984158865422
18015.0,151.4510164984176,475.7974008101353,91557.98327040003,341.43117159403266,1072.6376603863691,20840499.664533015,1.062487938075858,1.0785114773237925
15809.5,141.87769585981638,445.72192702144616,80348.92792192001,319.84907754637004,1004.8355122771482,17133020.318443924,1.0548587187898075,1.006751416587654
15116.0,138.7309949442327,435.83627454200416,76824.33944575998,312.7551550022782,982.5492973274942,16018138.794204198,1.0609862659431082,1.057680461407522
18440.5,153.22915461715752,481.3835864610366,93720.51015808,345.4398061689199,1085.2311573177608,21583196.575372964,1.0559475033060952,1.0311353632065805
