Area [-],Diameter [-],Perimeter [-],Area [mym^2],Diameter [mym],Perimeter [mym],Volume [mym^3] ,Irregularity [-],Diameter Ratio [-]
36625.0,215.9453595841442,678.4123552463536,186139.94656,486.82721864649466,1529.4128136673796,60411994.97520796,1.0861640227354699,1.0594745132607468
15960.5,142.5536381638349,447.8454623980013,81116.35814528001,321.3729218765494,1009.6228104300542,17379067.352755517,1.0550889679479671,1.003131185158895
19461.5,157.41394919086227,494.53050635056985,98909.55822463997,354.8740070558799,1114.8695735167246,23400287.5088699,1.0706869695200867,1.09855513511072
