Area [-],Diameter [-],Perimeter [-],Area [mym^2],Diameter [mym],Perimeter [mym],Volume [mym^3] ,Irregularity [-],Diameter Ratio [-]
16267.5,143.91811662879437,452.1320979194994,82676.6301888,324.44900212795403,1019.2866015497195,17882900.109372023,1.0690354346045234,1.0700731640751535
17343.5,148.60158156666535,466.84563696166026,88145.20582016,335.00740548389035,1052.4568039663668,19686197.80510354,1.0578025709761578,1.016139925349709
