Area [-],Diameter [-],Perimeter [-],Area [mym^2],Diameter [mym],Perimeter [mym],Volume [mym^3] ,Irregularity [-],Diameter Ratio [-]
18018.5,151.46572792817037,475.8436181297704,91575.77138815998,341.46433704126724,1072.7418527117543,20846573.37740046,1.0707033776814887,1.031450498880211
