Area [-],Diameter [-],Perimeter [-],Area [mym^2],Diameter [mym],Perimeter [mym],Volume [mym^3] ,Irregularity [-],Diameter Ratio [-]
11687.0,121.98504235897057,383.22731292278166,59397.06636031997,275.00307949406323,863.9476542531189,10889584.108000817,1.066777624230805,1.0329135241779435
13061.0,128.95651086232894,405.12882715766494,66380.17316096001,290.7195580880344,913.32242794424,12865343.071440997,1.0555821280277142,1.0391099999832918
