Area [-],Diameter [-],Perimeter [-],Area [mym^2],Diameter [mym],Perimeter [mym],Volume [mym^3] ,Irregularity [-],Diameter Ratio [-]
19895.5,159.15947148152517,500.0142263555937,101115.28482687997,358.8091125079503,1127.2320718960502,24187390.406480942,1.0608856782017233,1.0554058936905912
