Area [-],Diameter [-],Perimeter [-],Area [mym^2],Diameter [mym],Perimeter [mym],Volume [mym^3] ,Irregularity [-],Diameter Ratio [-]
15833.0,141.98310361374635,446.05307524682394,80468.36242688,320.0867087868298,1005.5820528364399,17171235.527123876,1.0591033392774263,1.0010236772466756
19681.0,158.29917081252427,497.31151209398206,100025.12732416,356.8696506797547,1121.1390728646732,23797288.16491398,1.0581200680586902,1.0452930600260073
