Area [-],Diameter [-],Perimeter [-],Area [mym^2],Diameter [mym],Perimeter [mym],Volume [mym^3] ,Irregularity [-],Diameter Ratio [-]
14106.5,134.0184824485286,421.0314799055501,71693.73805183999,302.1312668319629,949.1733682990721,14440613.267680876,1.0534752516917492,1.0073237476916541
16130.0,143.30859658994004,450.2172342432189,81977.81127680001,323.07490015236084,1014.9697328779127,17656648.795307495,1.0615564752051818,1.0547646735058762
26183.0,182.58485972226933,573.6072539602043,133070.36780288,411.619307757884,1293.1401933278844,36516221.78540566,1.0684012508609069,1.0789503592995477
1241.0,39.75034936973935,124.87940555760079,6307.1583257600005,89.61318761914038,281.5281318890552,376803.0415933028,1.52280129574957,1.8313650718159715
