Area [-],Diameter [-],Perimeter [-],Area [mym^2],Diameter [mym],Perimeter [mym],Volume [mym^3] ,Irregularity [-],Diameter Ratio [-]
23147.0,171.67316546852862,539.3271554544344,117640.44622591998,387.0199842322509,1215.859139256477,30352802.428953674,1.0763403175898412,1.0946562932479067
11606.5,121.56420022345668,381.9051983615302,58987.939651839995,274.05433298376073,860.9670791862336,10777266.970247561,1.0615307427634828,1.009313247662659
