Area [-],Diameter [-],Perimeter [-],Area [mym^2],Diameter [mym],Perimeter [mym],Volume [mym^3] ,Irregularity [-],Diameter Ratio [-]
4638.0,76.84585225294651,241.41836489670342,23571.797191679998,173.2412893190426,544.2535618231282,2722405.691369087,1.1456996109595607,1.2776376273448828
1900.5,49.19137886631332,154.53927446636214,9658.947943680001,110.89704451621675,348.3933403569668,714099.1867267342,1.0727483040916392,1.0108380567538309
2796.0,59.66554924811734,187.44485119028542,14210.164930559999,134.5100142249557,422.5756725233794,1274272.9912990616,1.1267098391681922,1.1540424228036366
5047.0,80.16258467813003,251.838187117583,25650.465809920006,180.71853089837634,567.7440090378792,3090342.998685183,1.1043108620448376,1.1553669723932554
3836.0,69.88667178800321,219.55545467303193,19495.77706496,157.55251287887444,494.9658170148832,2047739.1114071833,1.0913979096509367,1.149113148856961
2146.5,52.27818553444665,164.2367636180218,10909.198506240002,117.85594146885653,370.2553599004683,857142.573749039,1.071160172092777,1.0644954550496
