Area [-],Diameter [-],Perimeter [-],Area [mym^2],Diameter [mym],Perimeter [mym],Volume [mym^3] ,Irregularity [-],Diameter Ratio [-]
2604,57.58051558,180.8945247,13234.35961,129.8095143,407.8086166,1145297.196,1.058518654,1.019265991
3664.5,68.30656126,214.5913911,18624.15929,153.9903117,483.774832,1911960.063,1.074373466,1.099921886
3115,62.97730688,197.8490446,15831.42481,141.9760406,446.0308862,1498455.341,1.058788175,1.066656288
2184,52.73286609,165.6651847,11099.78548,118.8809733,373.4755924,879702.2011,1.070460845,1.026149443
2290,53.99739399,169.6378163,11638.51133,121.731725,382.431493,944517.3742,1.108387206,1.073496526
4898.5,78.97445099,248.1055551,24895.74138,178.0400023,559.3291633,2954958.569,1.143319803,1.171376062
3324.5,65.06062455,204.3939801,16896.17071,146.672672,460.7857888,1652137.67,1.107014139,1.147497181
5787,85.83843688,269.6694027,29411.38214,193.5141721,607.9427014,3794346.176,1.085006025,1.103873236
