Area [-],Diameter [-],Perimeter [-],Area [mym^2],Diameter [mym],Perimeter [mym],Volume [mym^3] ,Irregularity [-],Diameter Ratio [-]
1828.5,48.250580385610334,151.5836688708772,9293.020949759997,108.77610842131993,341.73022310250553,673905.7695951274,1.0718043540190192,1.0984323831222986
3808.5,69.63571501840035,218.76705072927896,19356.01328256,156.98675593748175,493.1884391640865,2025758.4887412682,1.0652270396475623,1.0368242349369754
3389.0,65.68872671248444,206.3672212636087,17223.980311040003,148.08866550062493,465.2342636166795,1700450.8392473015,1.070882024377294,1.0960784841383762
1777.0,47.56623456817225,149.43373307829881,9031.28150272,107.23331921048751,336.8834078517168,645636.19484063,1.068575589173451,1.1015829965961454
2582.5,57.342315302737454,180.14619649490956,13125.089747200003,129.27251561849133,406.12158537812417,1131142.2462260085,1.1174061250636023,1.2556172456566783
6863.0,93.47856971262141,293.67158787725276,34879.95776767999,210.7380875601337,662.0532277104786,4900357.062759408,1.1553014743022998,1.138032199695601
