Area [-],Diameter [-],Perimeter [-],Area [mym^2],Diameter [mym],Perimeter [mym],Volume [mym^3] ,Irregularity [-],Diameter Ratio [-]
3053.5,62.35252159976226,195.886223790612,15518.86216576,140.56752469450404,441.6059029135557,1454298.6938107156,1.1002400009516449,1.2361110086523444
3706.0,68.69225395041651,215.80308036915298,18835.07554816,154.85981730581898,486.5064643842184,1944530.9055529034,1.0864107729968264,1.1594449919933083
5749.0,85.55614614206539,268.78256018936736,29218.254000639994,192.8777758626722,605.9434036909097,3757034.564156044,1.0734850187208576,1.1405461635789151
1410.0,42.37060016186435,133.11116619670355,7166.070297599998,95.52028100490699,300.08581307384844,456336.69901844626,1.0834958463690898,1.1092597183058628
