Area [-],Diameter [-],Perimeter [-],Area [mym^2],Diameter [mym],Perimeter [mym],Volume [mym^3] ,Irregularity [-],Diameter Ratio [-]
1171.5,38.621239320576485,121.33220172205634,5953.937130240001,87.06772192430763,273.5313155622038,345597.16160703107,1.2111650117389139,1.1033994581916884
6542.0,91.26627581783664,286.7214616298154,33248.53325311999,205.75069220373092,646.3848630982558,4560605.821058803,1.0652197156113623,1.0737810776414671
4958.5,79.45664404295782,249.62040920425548,25200.680546559997,179.1270583304441,562.7442505100736,3009415.849487027,1.0711452822325565,1.0761498498221265
1977.5,50.17799517431704,157.6388210114985,10050.2865344,113.12127232098034,355.38095808832225,757934.1333078294,1.112914938251314,1.073808190594851
