Area [-],Diameter [-],Perimeter [-],Area [mym^2],Diameter [mym],Perimeter [mym],Volume [mym^3] ,Irregularity [-],Diameter Ratio [-]
1059.5,36.728698556400076,115.38660956070052,5384.71736192,82.80117802554832,260.1275725936432,297240.6272677326,1.0816782173987491,1.0471475115392657
10075.0,113.2602684669552,355.8176273593941,51204.367552,255.3339492319038,802.1552591190182,8716142.256649408,1.3771500984764107,1.1117992018813285
