Area [-],Diameter [-],Perimeter [-],Area [mym^2],Diameter [mym],Perimeter [mym],Volume [mym^3] ,Irregularity [-],Diameter Ratio [-]
1539.0,44.266416834293416,139.06704992735973,7821.689495040001,99.79421011123108,313.51275735623983,520372.8832618872,1.2717089517795115,1.3537365837839188
6628.0,91.86420250840182,288.5999037282802,33685.61271808,207.09865813494105,650.6196229650349,4650830.128245114,1.3276562580845186,1.3827125918734662
7322.0,96.55392248143448,303.33309354295295,37212.74235391999,217.6711628421459,683.8341260832331,5400093.933815291,1.1201036316078545,1.0644110670846056
