Area [-],Diameter [-],Perimeter [-],Area [mym^2],Diameter [mym],Perimeter [mym],Volume [mym^3] ,Irregularity [-],Diameter Ratio [-]
3495,66.70811202,209.5697146,17762.70616,150.3867677,472.4539647,1780850.644,1.090094491,1.071025182
3219.5,64.02495384,201.1403246,16362.52718,144.3378559,453.4507478,1574488.061,1.110566586,1.218977812
4773,77.95622071,244.9066903,24257.91031,175.744504,552.1176426,2842129.609,1.123776337,1.095486682
1116.5,37.70373923,118.4497902,5674.409565,84.99930971,267.033207,321547.2641,1.218456366,1.299605848
2209,53.03382085,166.610662,11226.84347,119.5594457,375.6070764,894850.1214,1.064386225,1.066650329
