Area [-],Diameter [-],Perimeter [-],Area [mym^2],Diameter [mym],Perimeter [mym],Volume [mym^3] ,Irregularity [-],Diameter Ratio [-]
5905.5,86.7128371778568,272.4164122498828,30013.636980479998,195.48542013376036,614.1355597761358,3911485.6232475326,1.0602722683617614,1.041796646084193
2240.0,53.404649424996364,167.77565430110695,11384.3953664,120.39544166371181,378.2334350564155,913752.8721413616,1.0730066049437792,1.099042532861984
2093.0,51.62257613806866,162.17710595473625,10637.294420479999,116.37793564566198,365.61206766435737,825297.5770070538,1.0637115851051053,1.0821125002967231
3421.0,65.99812484108159,207.33922415144397,17386.614530559997,148.78617264173434,467.42554692701526,1724591.8874661243,1.1034763834128822,1.1993796359579045
1723.5,46.844726014259635,147.16704710582474,8759.37741696,105.60675032654692,331.7733909953713,616699.5892592588,1.0641660259926733,1.0717232543760227
1725.0,46.865106579076034,147.23107453852796,8767.000896,105.652696271869,331.9177344396574,617504.8552535275,1.062055218650555,1.0575785995350264
