Area [-],Diameter [-],Perimeter [-],Area [mym^2],Diameter [mym],Perimeter [mym],Volume [mym^3] ,Irregularity [-],Diameter Ratio [-]
3248.5,64.31266330258899,202.04419056420744,16509.914440959998,144.9864681493566,455.4884232079492,1595809.4561618993,1.057099110532687,1.041785498522541
