Area [-],Diameter [-],Perimeter [-],Area [mym^2],Diameter [mym],Perimeter [mym],Volume [mym^3] ,Irregularity [-],Diameter Ratio [-]
2141.0,52.2111660976652,164.02621584778146,10881.245749760003,117.70485285057643,369.7807010072385,853850.2865376408,1.0832490309440654,1.1240863915550805
7403.5,97.08979848288273,305.0165976523378,37626.95138176,218.87924169981082,687.6294177474304,5490505.723943518,1.1637979882703404,1.1701246874563223
3766.0,69.24608382769831,217.54298824296,19140.014709759995,156.10837138116307,490.428912694929,1991944.3497014248,1.1046490531281274,1.1164489166399956
3377.5,65.57718019511827,206.01678754411765,17165.533638400004,147.83719503187464,464.44424583945886,1691802.896217564,1.072905661988559,1.03039566505693
2799.0,59.69755008133684,187.54538477283657,14225.411888640001,134.58215690336579,422.8023154318828,1276324.4098746357,1.0974590230387835,1.1812676311382186
2085.0,51.523824108588975,161.86686730439578,10596.6358656,116.15530907040298,364.91266565102984,820570.3427168569,1.16035713717139,1.3273466728193473
3409.5,65.88710213520199,206.99043603427094,17328.16785792,148.53588305359935,466.6392389956604,1715903.142984763,1.18117738283983,1.3644949541675198
