Area [-],Diameter [-],Perimeter [-],Area [mym^2],Diameter [mym],Perimeter [mym],Volume [mym^3] ,Irregularity [-],Diameter Ratio [-]
1781.5,47.62642385216102,149.62282329070274,9054.151939839998,107.3690099323118,337.30969282656025,648090.2197048939,1.1679522095225658,1.3646128618840287
1014.0,35.93139154501889,112.88179571108975,5153.4718310399985,81.00372909909058,254.4807202510807,278300.29074757226,1.0680955309692113,1.029740246871381
4490.5,75.61403425048321,237.54849450960506,22822.155086079998,170.46427881428934,535.5293260224536,2593574.805157662,1.1165618575438927,1.2431554662010285
3970.5,71.10131934339168,223.37138250974115,20179.34901888,160.2908143277422,503.56844472996045,2156376.1912266673,1.099800662337676,1.1771297793007625
