Area [-],Diameter [-],Perimeter [-],Area [mym^2],Diameter [mym],Perimeter [mym],Volume [mym^3] ,Irregularity [-],Diameter Ratio [-]
2467.5,56.05103546442308,176.0895212411325,12540.623020799998,126.36145435099539,396.9762166860091,1056434.2422505738,1.0915365627079718,1.1667938153861552
3244.5,64.27305580796074,201.91975995005626,16489.58516352,144.8971770134667,455.2079068314068,1592862.8935447943,1.1603193818186202,1.3413832108937072
4451.0,75.28073600607402,236.50140719351478,22621.40347136,169.71289125209327,533.1687723770597,2559429.19153643,1.08084923179103,1.1184981321525536
4460.0,75.35680705496236,236.74039144185323,22667.144345599998,169.88438582470715,533.7075384665139,2567195.9303681594,1.102203434736047,1.0889164422200392
1776.5,47.55954216791849,149.4127082828267,9028.740343039999,107.21823186335543,336.8360095528045,645363.7170227292,1.1082105132602835,1.2033861501899505
7736.0,99.24606348904334,311.79070395488475,39316.822568960015,223.7403255296993,702.9009629958922,5864505.786915028,1.069375544516655,1.0781284036702643
