Area [-],Diameter [-],Perimeter [-],Area [mym^2],Diameter [mym],Perimeter [mym],Volume [mym^3] ,Irregularity [-],Diameter Ratio [-]
1473.0,43.30683374936218,136.05243075723072,7486.25641728,97.63092600456208,306.7165998991009,487260.0975510944,1.0697280686188537,1.1083701080018795
1614.5,45.33922413291741,142.4373734554344,8205.40460672,102.212746885249,321.1108147179313,559131.2961051516,1.0762376450186815,1.0145740444332583
3037.5,62.18894690484039,195.37233873073228,15437.545055999999,140.19876190227217,440.44740043456284,1442883.1357744953,1.1553471232512433,1.154283759075245
1888.0,49.02934081200753,154.0302169053531,9595.41895168,110.53174592658978,347.245720991428,707065.6064175189,1.0648844655892418,1.1013813179143361
11802.0,122.58373916211069,385.10817440125436,59981.53308671999,276.3527815670623,868.1878683701877,11050709.0074479,1.1493324249547703,1.0829863439502856
5145.5,80.94105310307484,254.28381780244123,26151.07426688,182.4735101155719,573.2574388538235,3181252.209847067,1.07677370970543,1.111113445340088
6006.5,87.4512053973629,274.73606442392736,30526.95123583999,197.1499974478149,619.3649836373017,4012258.905490283,1.079707382106983,1.0611948053877438
