Area [-],Diameter [-],Perimeter [-],Area [mym^2],Diameter [mym],Perimeter [mym],Volume [mym^3] ,Irregularity [-],Diameter Ratio [-]
3302.5,64.84499669587373,203.71656524181134,16784.3596864,146.18656055117773,459.25862468113945,1635765.2090724402,1.074504874845361,1.0276016663656706
4487.0,75.58456083901444,237.45590105665855,22804.366968320006,170.39783395547417,535.320583342131,2590543.157418328,1.1003273335074732,1.1505343189173955
