Area [-],Diameter [-],Perimeter [-],Area [mym^2],Diameter [mym],Perimeter [mym],Volume [mym^3] ,Irregularity [-],Diameter Ratio [-]
3334.5,65.15840131,204.7011549,16946.99391,146.8930999,461.4782836,1659597.646,1.058871931,1.043610626
4896.5,78.95832718,248.0549006,24885.57675,178.0036528,559.2149679,2953149.042,1.070415696,1.101847052
