Area [-],Diameter [-],Perimeter [-],Area [mym^2],Diameter [mym],Perimeter [mym],Volume [mym^3] ,Irregularity [-],Diameter Ratio [-]
3115.5,62.98236103562965,197.86492273527415,15833.96596608,141.98743471872348,446.066681814402,1498816.1392981822,1.0860663904869543,1.0792936657204109
1158.5,38.406353804750665,120.65711896417508,5887.8669785600005,86.5832840174299,272.0094089928363,339860.57257433824,1.2082316058170355,1.0846199039913682
2098.0,51.68420034066863,162.37070409690764,10662.706017280001,116.51686124800337,366.04851531606863,828256.6916957763,1.1180533150640577,1.1984815065395065
3097.0,62.79508635271393,197.27658196722277,15739.943057920002,141.5652426735583,444.740326386907,1485485.9057749563,1.119210070473306,1.2163304817784952
