Area [-],Diameter [-],Perimeter [-],Area [mym^2],Diameter [mym],Perimeter [mym],Volume [mym^3] ,Irregularity [-],Diameter Ratio [-]
4197.5,73.10556058895826,229.66789208283475,21333.035513600003,164.8091757917475,517.7632959115427,2343920.00008833,1.1257616127660828,1.2418257885033606
2681.0,58.42563837421865,183.5495562977392,13625.698204159997,131.71475915083852,413.7941197176233,1196470.3714819646,1.2175470941395137,1.406421238026979
1190.0,38.92499271977894,122.28647116949371,6047.9600384000005,87.75250358746965,275.6826206045066,353815.75664437935,1.1044052662916721,1.2638022373837883
3306.0,64.87934906343041,203.8244863873608,16802.147804160002,146.26400452859752,459.5019221116662,1638366.281678549,1.1878241412639239,1.3223197480443376
2529.5,56.75085398835505,178.2880659747632,12855.726821119999,127.93912523134762,401.9326159335062,1096500.295804844,1.0923462879727912,1.0110962080760801
