Area [-],Diameter [-],Perimeter [-],Area [mym^2],Diameter [mym],Perimeter [mym],Volume [mym^3] ,Irregularity [-],Diameter Ratio [-]
1550,44.42433223,139.5631558,7877.595008,100.1502146,314.6311784,525961.887,1.089287386,1.066445928
1130.5,37.93938989,119.1901086,5745.562036,85.53056057,268.7021807,327614.0945,1.070890955,1.113311761
