Area [-],Diameter [-],Perimeter [-],Area [mym^2],Diameter [mym],Perimeter [mym],Volume [mym^3] ,Irregularity [-],Diameter Ratio [-]
1244,39.79836672,125.0302565,6322.405284,89.72143794,281.8682103,378170.1955,1.173401391,1.202263066
1700.5,46.53110622,146.1817815,8642.484072,104.8997259,329.5522081,604396.1399,1.10202141,1.046111296
1067,36.85846706,115.7942893,5422.834757,83.09372815,261.0466459,300402.3714,1.087119672,1.079860687
2221.5,53.1836596,167.0813943,11290.37246,119.8972422,376.6682953,902456.3475,1.080971178,1.071757762
1316,40.93388866,128.5976039,6688.332278,92.2813586,289.9104382,411472.2596,1.141956054,1.175601679
2694,58.56711819,183.9940283,13691.76836,132.0337113,414.7961373,1205183.326,1.105906702,1.04778789
3684,68.48806088,215.1615889,18723.26452,154.3994844,485.060286,1927241.593,1.183537466,1.151570015
1918,49.41733954,155.2491508,9747.888532,111.4064502,349.9936857,723985.1059,1.168045638,1.044548209
3645,68.12457809,214.0196741,18525.05407,153.5800489,482.4859532,1896719.139,1.115756943,1.12798259
