Area [-],Diameter [-],Perimeter [-],Area [mym^2],Diameter [mym],Perimeter [mym],Volume [mym^3] ,Irregularity [-],Diameter Ratio [-]
1270.5,40.22003035287298,126.35495188374425,6457.086746879998,90.67203642751684,284.85460352671305,390318.1364858263,1.098581259158093,1.218298434140785
36054.0,214.2554049397157,673.1032061505172,183237.94220543996,483.01738489609505,1517.4438679457257,59004741.10520894,1.0924808667638497,1.0150626109900391
1910.5,49.320626012009704,154.94531634977935,9709.77113728,111.18841928147468,349.30872117894256,719742.7362260333,1.1149243560702613,1.2003894760842015
