Area [-],Diameter [-],Perimeter [-],Area [mym^2],Diameter [mym],Perimeter [mym],Volume [mym^3] ,Irregularity [-],Diameter Ratio [-]
3524,66.98429783,210.437378,17910.09342,151.009401,474.4100249,1803061.654,1.093753034,1.186465008
2104.5,51.76420213,162.6220371,10695.74109,116.6972173,366.6151205,832108.8148,1.083906148,1.06251034
3425.5,66.0415177,207.4755468,17409.48497,148.8839975,467.7328728,1727995.811,1.12320021,1.044042474
