Area [-],Diameter [-],Perimeter [-],Area [mym^2],Diameter [mym],Perimeter [mym],Volume [mym^3] ,Irregularity [-],Diameter Ratio [-]
3897.5,70.44466712,221.3084487,19808.33971,158.8104576,498.9177668,2097180.995,1.146467164,1.130614031
2561,57.1031214,179.3947467,13015.81988,128.7332769,404.427517,1117046.096,1.144615978,1.131673569
4117.5,72.40555107,227.4687473,20926.44996,163.2310743,512.8055439,2277231.273,1.159380674,1.272561942
2599.5,57.53074132,180.7381543,13211.48918,129.6973032,407.456095,1142329.679,1.101568475,1.054562554
2348,54.67692796,171.7726352,11933.28586,123.2636664,387.2442288,980627.0446,1.099434797,1.039245896
