Area [-],Diameter [-],Perimeter [-],Area [mym^2],Diameter [mym],Perimeter [mym],Volume [mym^3] ,Irregularity [-],Diameter Ratio [-]
2637.5,57.94971354,182.0543943,13404.61731,130.6418342,410.4234266,1167469.195,1.168296062,1.171399197
2138,52.17457376,163.9112576,10865.99879,117.6223591,369.5215392,852056.2744,1.091156367,1.054153317
1537.5,44.24483925,138.9992619,7814.066016,99.7455656,313.3599361,519612.2896,1.361428727,1.292806333
3579.5,67.50971005,212.0880091,18192.16215,152.1938903,478.1312078,1845823.954,1.234029546,1.377579609
4175.5,72.91372792,229.065232,21221.22449,164.3767082,516.404659,2325516.684,1.32566602,1.42482713
2970,61.49407653,193.1893391,15094.4885,138.6322461,435.526046,1395055.23,1.258542962,1.222524524
2610,57.64681441,181.1028087,13264.85353,129.9589784,408.2781718,1149257.876,1.076708579,1.063274302
2814,59.85729762,188.0472465,14301.64668,134.9422918,423.9337125,1286597.986,1.122787422,1.172831978
