Area [-],Diameter [-],Perimeter [-],Area [mym^2],Diameter [mym],Perimeter [mym],Volume [mym^3] ,Irregularity [-],Diameter Ratio [-]
1124,37.83016321,118.8469628,5712.526961,85.28431993,267.928593,324792.6513,1.078911843,1.05735732
1503,43.74561733,137.43091,7638.725998,98.62011971,309.8242436,502221.3816,1.094131815,1.103421257
1293,40.57460698,127.4688872,6571.438932,91.47139397,287.3658593,400732.453,1.98968054,1.639652963
2502,56.44152143,177.3162691,12715.96304,127.2417659,399.741797,1078667.728,1.093094141,1.046235453
2662,58.21824171,182.8980005,13529.13414,131.2472041,412.3252523,1183774.02,1.10535118,1.073710095
2590.5,57.43106338,180.4250068,13165.7483,129.4725893,406.7501353,1136402.348,1.090493555,1.040280831
2358,54.79323723,172.1380316,11984.10905,123.525874,388.0679783,986898.3632,1.125150774,1.148486942
2522.5,56.67227498,178.0412027,12820.15059,127.7619767,401.3760875,1091951.854,1.195759404,1.097568335
