Area [-],Diameter [-],Perimeter [-],Area [mym^2],Diameter [mym],Perimeter [mym],Volume [mym^3] ,Irregularity [-],Diameter Ratio [-]
1742.5,47.102228256219696,147.97601425744938,8855.9414848,106.18726338082168,333.5971265419938,626925.4606210684,1.1054543870138431,1.035839894050495
1602.5,45.17041476938305,141.90704319909767,8144.416774400001,101.83218305609715,319.9152381880458,552909.1599038994,1.0967715605157038,1.129057597995941
2149.0,52.30862052889432,164.33237797299066,10921.90430464,117.92455412033937,370.47091290231015,858640.4635131249,1.1156541138189084,1.2211573441616885
1280.0,40.370120352322566,126.82647352339237,6505.3687808,91.01039932227599,285.9176019111357,394704.1403195172,1.0529276757048858,1.0159046199152941
12739.0,127.35697295547361,400.10373062034984,64743.66632704,287.1135598308197,901.9938503105168,12392523.010436818,1.1471036700662933,1.1633090371103822
4204.5,73.16649278077358,229.8593162090089,21368.611749120002,164.94654132497595,518.1948424615897,2349785.7339557256,1.1140119077440445,1.1890688851340097
