Area [-],Diameter [-],Perimeter [-],Area [mym^2],Diameter [mym],Perimeter [mym],Volume [mym^3] ,Irregularity [-],Diameter Ratio [-]
5188.5,81.27855423,255.3441089,26369.614,183.2343727,575.647759,3221213.119,1.323731892,1.383680078
1970,50.08275055,157.3396012,10012.16914,112.9065529,354.706397,753626.336,1.3484623,1.244467873
2829.5,60.02192343,188.5644337,14380.42263,135.3134242,425.0996593,1297242.818,1.136306681,1.166240534
3927,70.71076079,222.1444066,19958.26813,159.4103391,500.8023503,2121036.194,1.203817633,1.176788267
