Area [-],Diameter [-],Perimeter [-],Area [mym^2],Diameter [mym],Perimeter [mym],Volume [mym^3] ,Irregularity [-],Diameter Ratio [-]
2446.5,55.81201077,175.338603,12433.89431,125.8225971,395.2833466,1042976.583,1.085140537,1.081969993
2702.5,58.65943973,184.2840649,13734.96807,132.2418409,415.449996,1210891.642,1.091996687,1.090217401
1259.5,40.04553916,125.8067716,6401.181234,90.27866348,283.618786,385260.0577,1.090198295,1.023834386
1990.5,50.34265899,158.1561276,10116.35669,113.4924904,356.5471741,765420.3428,1.090120021,1.025348969
2572,57.22562458,179.7796018,13071.72539,129.0094481,405.2951343,1124250.719,1.093849357,1.056560219
2488,56.28338998,176.8194845,12644.81057,126.8852744,398.6218458,1069626.839,1.084050437,1.096513146
1957.5,49.92360573,156.839633,9948.640147,112.5477768,353.5792686,746464.8868,1.105834,1.041591432
2059,51.20156465,160.8544594,10464.49556,115.4288073,362.6302932,805269.4948,1.155226753,1.084096681
1025,36.12575997,113.4924221,5209.377344,81.44191327,255.8573164,282841.1052,1.147436923,1.089383238
