Area [-],Diameter [-],Perimeter [-],Area [mym^2],Diameter [mym],Perimeter [mym],Volume [mym^3] ,Irregularity [-],Diameter Ratio [-]
1329,41.13557287,129.2312135,6754.402429,92.73603547,291.3388477,417584.3355,1.256411099,1.190961854
2186,52.75700565,165.7410214,11109.95012,118.9353935,373.6465586,880910.8598,1.321308062,1.102903865
1037,36.3366125,114.1548349,5270.365176,81.91725922,257.3506598,287822.5802,1.253156057,1.458583956
3087,62.69362388,196.9578282,15689.11986,141.3365057,444.0217279,1478296.919,1.111887502,1.181437706
1524,44.05016534,138.3876758,7745.454705,99.30669273,311.9811763,512783.6603,1.607446545,1.316289215
1760,47.33816218,148.7172225,8944.882074,106.7191528,335.2681065,636393.4913,1.171125426,1.115834694
1052.5,36.60716625,115.0048046,5349.141126,82.52719559,259.2668314,294299.744,1.126017946,1.201950451
