Area [-],Diameter [-],Perimeter [-],Area [mym^2],Diameter [mym],Perimeter [mym],Volume [mym^3] ,Irregularity [-],Diameter Ratio [-]
142235.0,425.55754798312046,1336.9284664234572,722883.6941696,959.3769361731468,3013.971534705042,462345295.8146379,1.211445844863031,1.1549150542220203
71039.0,300.7485062613632,944.8292978488025,361042.88501504,678.0074325156172,2130.0231690703404,163193172.99805233,1.0638079026863485,1.0416595622283669
