Area [-],Diameter [-],Perimeter [-],Area [mym^2],Diameter [mym],Perimeter [mym],Volume [mym^3] ,Irregularity [-],Diameter Ratio [-]
1938.0,49.67432171350451,156.05648416720172,9849.534919680002,111.98579087092457,351.8137379065396,735338.6384607692,1.2495151913262967,1.4882188493327289
11250.5,119.68534370608185,376.00259652939616,57178.63395967999,269.8186388509909,847.6602536158706,10285240.790906599,1.1583596716721014,1.199578461351096
8653.0,104.96352595351092,329.7526420304315,43977.30942207999,236.62977290959503,743.3943561934047,6937560.49448119,1.1644786012308694,1.0245223243888224
2747.5,59.14579992831156,185.81201054547532,13963.672441600003,133.3382913583856,418.8945965737196,1241261.4829674137,1.5481453194926453,1.2244336042161317
