Area [-],Diameter [-],Perimeter [-],Area [mym^2],Diameter [mym],Perimeter [mym],Volume [mym^3] ,Irregularity [-],Diameter Ratio [-]
25942.5,181.7443723730998,570.966785078618,131848.0699968,409.7245130779162,1287.1875202812366,36014257.51980127,1.1848015235395333,1.0455608228799955
20038.0,159.7284382863715,501.80168828983534,101839.51533567999,360.0917912727959,1131.2617260806048,24447715.66638558,1.0542884379337203,1.0017001463016975
31732.5,201.00515877287467,631.476330134513,161274.69909120002,453.14602993756864,1423.6002386552461,48720659.74836886,1.2123890922851706,1.0359070260742946
98948.5,354.9438590710188,1115.0890200943234,502887.87719295995,800.1854358897048,2513.8566869006427,268269036.81019804,1.3254339336828358,1.1030857367853248
