Area [-],Diameter [-],Perimeter [-],Area [mym^2],Diameter [mym],Perimeter [mym],Volume [mym^3] ,Irregularity [-],Diameter Ratio [-]
35154.5,211.56582799543096,664.6536509810877,178666.39594112002,476.9540026328996,1498.3951907717642,56810435.12007442,1.4818742163782823,1.0977706082367886
37031.5,217.14043888889094,682.1668076106032,188205.90937984,489.52140543111574,1537.8768510773439,61420547.51337365,1.4972283948161187,1.1502864848035532
45648.0,241.08263881513886,757.3834470096817,231997.71414527996,543.4967009448491,1707.4452429386265,84059994.8431372,1.3891857756295298,1.0924664510005357
