Area [-],Diameter [-],Perimeter [-],Area [mym^2],Diameter [mym],Perimeter [mym],Volume [mym^3] ,Irregularity [-],Diameter Ratio [-]
45843.0,241.5970207790114,758.9994256085228,232988.76642047992,544.6563236442032,1711.0883050918535,84599203.31265105,1.2038479533834257,1.2423256728443859
5212.0,81.46241162130954,255.92171389321385,26489.04850432,183.64886075908024,576.9499118008613,3243122.3869402576,1.1360312405677988,1.240698190884323
35818.5,213.5545144292118,670.9012936717472,182041.05599616002,481.4372973292151,1512.479876453587,58427569.33449838,1.2911324504404496,1.0553329186749372
25456.5,180.03394810576884,565.5933287658495,129378.06278784,405.8685326096453,1275.073600369731,35006989.663719445,1.1527664886806286,1.0342494522068686
36039.5,214.21231657512809,672.9678400608734,183164.24857471997,482.9202464869687,1517.138698633233,58969149.37953612,1.4439940178998785,1.1238205622516435
