Area [-],Diameter [-],Perimeter [-],Area [mym^2],Diameter [mym],Perimeter [mym],Volume [mym^3] ,Irregularity [-],Diameter Ratio [-]
16363.5,144.34214661793635,453.4642274182896,83164.53284736001,325.4049353354757,1022.2897542917922,18041432.955600154,1.0589008610627173,1.0114855807600802
36781.5,216.4062390844506,679.8602508987063,186935.32953984,487.8662253919854,1532.6769496260436,60799622.410005756,1.2241080872163903,1.0501784430884173
19335.0,156.90151878632142,492.9206587561883,98266.64482559999,353.718783951883,1111.2403330999507,23172505.407161888,1.1043510080883152,1.0250173705812673
16357.5,144.3156812442966,453.3810839948885,83134.03893119998,325.34527179714223,1022.1023157580765,18031510.99444364,1.0572678277054701,1.0186003262608685
42976.5,233.92173754123561,734.8868121745055,218420.29797503995,527.3531651129615,1656.728829366205,76789756.97470231,1.316418220347463,1.037983353146195
