Area [-],Diameter [-],Perimeter [-],Area [mym^2],Diameter [mym],Perimeter [mym],Volume [mym^3] ,Irregularity [-],Diameter Ratio [-]
15658.0,141.19626337641932,443.5811437376885,79578.95653887997,318.3128561557997,1000.0093304422448,16887336.630526092,1.2153415463988153,1.1739853477456468
72192.0,303.1793350700553,952.4659717763241,366902.79923711997,683.4874929819326,2147.239286772545,167182316.2790883,1.107413555076098,1.0061861241875274
56582.5,268.40841369073615,843.2299006125068,287570.3351872,605.0999278243955,1900.977487940835,116005859.37747465,1.0771744348013148,1.0433979671575269
28319.5,189.88814414577715,596.5511986521732,143928.74311552,428.08383216224,1344.8650222414592,41075711.940790944,1.2042946915384183,1.055017322294081
28481.5,190.43049150116306,598.2550331195474,144752.07885184,429.306500040222,1348.7061466647076,41428672.23028644,1.2738385031991664,1.0765343170119017
