Area [-],Diameter [-],Perimeter [-],Area [mym^2],Diameter [mym],Perimeter [mym],Volume [mym^3] ,Irregularity [-],Diameter Ratio [-]
26902.0,185.07482333495648,581.4297053535281,136724.55542272,417.2326817263259,1310.7751277489938,38030635.27790744,1.0742189749398172,1.0649278792211712
18286.0,152.5859047062578,479.36275726653173,92935.29181696,343.9896635697876,1080.6753999816692,21312519.8439174,1.067817925812135,1.0228792126881248
30537.5,197.18405766529412,619.4719869663141,155201.32745600003,444.53173960063907,1396.5376474168586,45994610.72156274,1.1963571381035412,1.0672566618074413
51991.0,257.28777112471914,808.2933716239097,264234.86584576004,580.0295512235668,1822.2165769889423,102176020.4360904,1.2800198898495159,1.0654063604879016
34896.5,210.78805415120328,662.2102023859077,177355.15754624,475.20058927847265,1492.8866802587902,56186183.58503306,1.1246679452108397,1.0278776851499594
34820.5,210.5583946734272,661.4887058576991,176968.90127488,474.68284495177426,1491.2601384855968,56002734.3500998,1.101921645134658,1.0168877766407172
