Area [-],Diameter [-],Perimeter [-],Area [mym^2],Diameter [mym],Perimeter [mym],Volume [mym^3] ,Irregularity [-],Diameter Ratio [-]
25752.5,181.07761147030928,568.8720939247105,130882.42931840004,408.22136729866526,1282.4652485438673,35619336.16781878,1.147328783196772,1.0494680704353587
33063.0,205.1758247639782,644.5788637727406,168036.72499968,462.54837934791243,1453.1385904892666,51816743.21302188,1.2097492239473522,1.0352603706356196
37229.5,217.7201681763032,683.9880808810084,189212.20861312,490.8283471366579,1541.9827295381451,61913810.407769464,1.3380604202855675,1.1369398208596833
36993.5,217.02900059245593,681.8167138771944,188012.78124416,489.27017893563266,1537.0875997647472,61326031.41434407,1.2695778532368394,1.0297666518521973
28844.0,191.63851760108415,602.0501590404042,146594.41961984002,432.0298740798841,1357.2618785406873,42222112.43278211,1.403357287386705,1.066652306795765
