Area [-],Diameter [-],Perimeter [-],Area [mym^2],Diameter [mym],Perimeter [mym],Volume [mym^3] ,Irregularity [-],Diameter Ratio [-]
36011.5,214.12908692008733,672.7063663880366,183021.94363264,482.73261355264486,1516.5492323851897,58900440.79151278,1.1464911102077362,1.0951986433565055
117096.0,386.12337112677943,1213.0423461112155,595119.26777856,870.4765278682115,2734.682665073124,345358235.92223555,1.2348782267802088,1.0594876058177514
68938.0,296.2677635770599,930.752629549169,350364.93203968,667.9060462081238,2098.2887280556465,156007237.65906712,1.1287978772845668,1.0396001113360702
