Area [-],Diameter [-],Perimeter [-],Area [mym^2],Diameter [mym],Perimeter [mym],Volume [mym^3] ,Irregularity [-],Diameter Ratio [-]
95506.5,348.7157188588562,1095.5227405582662,485394.53395584004,786.1447165954054,2469.7464663145556,254393565.55578184,1.1082108534282693,1.0561559669896305
