Area [-],Diameter [-],Perimeter [-],Area [mym^2],Diameter [mym],Perimeter [mym],Volume [mym^3] ,Irregularity [-],Diameter Ratio [-]
3199.5,63.82577789091296,200.514594931746,16260.88079232,143.88883367727416,452.04010281412815,1559839.4478480762,1.065871886224387,1.09679149819821
4937.5,79.28821004493585,249.0912581934549,25093.95184,178.7473407253034,561.5513324713247,2990318.106459223,1.1022116897355365,1.1843347914191444
2270.5,53.76700090502712,168.91401504878894,11539.406106879998,121.21232684029313,380.7997555259898,932478.8430466753,1.0680532409223173,1.0915590695969573
4443.0,75.21305270535379,236.2887738332014,22580.744916479995,169.56030601894957,532.6894117295692,2552532.0121161253,1.0760129513084835,1.1407063290613697
3068.0,62.50039138475438,196.35077042083117,15592.555796480001,140.90088233779028,442.6531768367218,1464669.9130835056,1.0626482461839808,1.0636563030854127
3723.0,68.84962472700204,216.29747524476377,18921.474977280002,155.2145939845534,487.62102819179546,1957926.037458268,1.0708509843700325,1.0977415524454444
