Area [-],Diameter [-],Perimeter [-],Area [mym^2],Diameter [mym],Perimeter [mym],Volume [mym^3] ,Irregularity [-],Diameter Ratio [-]
4567,76.25539326,239.5633833,23210.95252,171.9101586,540.0716912,2660132.352,1.091486626,1.154016736
12204.5,124.6565362,391.6200584,62027.16663,281.0256953,882.8682597,11620818.42,1.084001694,1.114570941
4858,78.64729943,247.0777781,24689.90745,177.3024718,557.012143,2918387.747,1.087891996,1.143058065
5122.5,80.75995027,253.7148665,26034.18092,182.0652319,571.974795,3159946.124,1.079980626,1.113050748
4469,75.43280139,236.9791347,22712.88522,170.0557075,534.2457612,2574970.51,1.073726561,1.08465126
2607.5,57.61919917,181.0160528,13252.14773,129.8967226,408.0825895,1147607.039,1.075884177,1.058674901
2767,59.35531838,186.4702322,14062.77767,133.8106298,420.3784914,1254499.424,1.07161005,1.069725095
1845,48.46779302,152.2660625,9376.879219,109.2657926,343.2686113,683048.0932,1.063153845,1.093509663
2387,55.1291465,173.1933216,12131.49631,124.2831479,390.4470243,1005160.367,1.097180789,1.192918104
