Area [-],Diameter [-],Perimeter [-],Area [mym^2],Diameter [mym],Perimeter [mym],Volume [mym^3] ,Irregularity [-],Diameter Ratio [-]
3037.0,62.18382826234397,195.35625804106917,15435.003896319995,140.18722243462824,440.4111481277863,1442526.8829951768,1.0663014231848003,1.1030095345590833
2446.5,55.812010770035656,175.33860301721842,12433.89431424,125.82259707996838,395.2833466420172,1042976.5829570194,1.1174029940332137,1.2068462154962016
1996.0,50.41216253337467,158.37447946642448,10144.309442560001,113.64917921523985,357.03942650910733,768594.961234901,1.0587642651231566,1.0099087119145282
3857.5,70.08224842152177,220.16987678810767,19605.0469312,157.99342084147867,496.3509702311099,2064978.953612014,1.0872501141401756,1.1327350713554654
1236.0,39.67019129387532,124.62758153534047,6281.74672896,89.43247925291251,280.9604198132715,374528.12267317745,1.0809058095241408,1.0873030054093418
2279.5,53.873458606477115,169.2484617815823,11585.146981119997,121.452325082442,381.55373224039914,938028.6915192384,1.0699976295111482,1.0791541752761766
2516.0,56.599211077131365,177.81166571889395,12787.115509759999,127.59726145228494,400.85861919667445,1087733.9472796095,1.0667536272136513,1.104617266937333
1764.0,47.39192501801153,148.88612347606335,8965.211351039998,106.84035576060518,335.64887676443715,638564.2468094194,1.066941690611823,1.052040145735542
2828.5,60.01131603525628,188.5311095886165,14375.340309759997,135.28951086988175,425.024533456577,1296555.1727303497,1.0630031385661607,1.0486242503345855
