Area [-],Diameter [-],Perimeter [-],Area [mym^2],Diameter [mym],Perimeter [mym],Volume [mym^3] ,Irregularity [-],Diameter Ratio [-]
3255.0,64.37697350849102,202.24622703462012,16542.9495168,145.13144907754216,455.9438942268476,1600601.490259873,1.0784262762750672,1.1423199420406613
2418.5,55.49170964154908,174.33234734502847,12291.58937216,125.10051021590824,393.0148438546322,1025122.7345477674,1.0732113446187515,1.127124376934932
2632.5,57.89475884322618,181.88174906323206,13379.205715199998,130.51794433616908,410.03421508815035,1164150.9511990855,1.0688766861510268,1.1078804661022257
31922.0,201.6044462481814,633.359047264325,162237.79860992,454.49706362190017,1427.8446361526944,49157735.38445989,1.132166827663845,1.2354398913617473
2853.0,60.270659703784716,189.34586175242043,14499.857134079997,135.87417523621227,426.8613107346566,1313437.4194240188,1.0757100127852552,1.114389802186025
