Area [-],Diameter [-],Perimeter [-],Area [mym^2],Diameter [mym],Perimeter [mym],Volume [mym^3] ,Irregularity [-],Diameter Ratio [-]
2730.5,58.96253536695451,185.23626794585266,13877.273012479998,132.92513973126225,417.5966424571302,1229758.9695151856,1.0703466876492995,1.0770530621033838
3418.0,65.9691804095275,207.24829253791128,17371.367572479998,148.72092031523877,467.22055069746716,1722323.848342347,1.0856299220449916,1.1716138474607296
4610.5,76.61769326338054,240.7015822912325,23432.03340928,172.7269276929651,542.6376471173545,2698228.7602558993,1.0644223785552176,1.0982544351249002
3159.0,63.420530759513355,199.24147352085265,16055.046858239999,142.9752445442469,449.1699779054102,1530316.1671508045,1.0680202943991841,1.081500811288327
2162.0,52.46659790492825,164.82867853697223,10987.974456319998,118.28069831687024,371.58977289375014,866443.527854308,1.0679232933021934,1.1245249807679651
2114.5,51.8870409383933,163.00794662856924,10746.56428672,116.97414509151385,367.4851148794465,838046.7800733777,1.0639886112253159,1.0688245877703513
