Area [-],Diameter [-],Perimeter [-],Area [mym^2],Diameter [mym],Perimeter [mym],Volume [mym^3] ,Irregularity [-],Diameter Ratio [-]
3377.0,65.57232604209374,206.00153777263634,17162.99247872,147.82625182929613,464.4098667546314,1691427.2322023856,1.0540556415323599,1.0244434571031797
1741.5,47.088710612590425,147.9335473275298,8850.85916544,106.15678920502386,333.5013890951832,626385.860472645,1.0586521752834193,1.044698316520656
3093.0,62.75452104721905,197.1491423014894,15719.613780480002,141.47379224885063,444.4530264044777,1482608.916141198,1.0734125536239236,1.1042464228379547
2186.0,52.75700564655907,165.74102136462523,11109.95012096,118.93539352960278,373.6465585644111,880910.8598204238,1.0579040244567597,1.032037648207328
3237.0,64.19872589318048,201.68624563584063,16451.46776832,144.72960765358607,454.6814721614391,1587342.9836230474,1.084118558185478,1.0840156329760438
