Area [-],Diameter [-],Perimeter [-],Area [mym^2],Diameter [mym],Perimeter [mym],Volume [mym^3] ,Irregularity [-],Diameter Ratio [-]
16142,143.3618943,450.3846739,82038.79911,323.1950545,1015.347209,17676356.1,1.173571099,1.012365235
5226,81.57174671,256.2652002,26560.20098,183.8953458,577.7242673,3256198.228,1.098719174,1.210426861
