Area [-],Diameter [-],Perimeter [-],Area [mym^2],Diameter [mym],Perimeter [mym],Volume [mym^3] ,Irregularity [-],Diameter Ratio [-]
2496.0,56.37380511956742,177.10353201853567,12685.46912256,127.0891062615528,399.26220258258684,1074789.9555297832,1.162164144341788,1.2919475734864274
2891.0,60.67071388923453,190.60266904246743,14692.985269759998,136.7760573918903,429.6946570893385,1339765.731009928,1.2246489253777364,1.4401702908505394
11807.0,122.60970314248407,385.1897426512533,60006.94468352,276.4113147644161,868.3717558329855,11057732.316644903,1.2064199037434091,1.1583655439056186
