Area [-],Diameter [-],Perimeter [-],Area [mym^2],Diameter [mym],Perimeter [mym],Volume [mym^3] ,Irregularity [-],Diameter Ratio [-]
33005.5,204.99733606502406,644.0181249873575,167744.49163648003,462.14599442499025,1451.8744609714988,51681629.93110368,1.2482246295017407,1.238364257674274
20962.5,163.37161306821588,513.2470594202213,106538.119584,368.3049645009859,1157.0641707569469,26159012.234257933,1.2590389642332929,1.3056959875820016
