Area [-],Diameter [-],Perimeter [-],Area [mym^2],Diameter [mym],Perimeter [mym],Volume [mym^3] ,Irregularity [-],Diameter Ratio [-]
3444.5,66.22441854663782,208.05014679437303,17506.049035519995,149.2963291715403,469.0282509332345,1742392.572866746,1.3378999746693045,1.313324273149918
13780.5,132.46085288198515,416.13804230228294,70036.90194048,298.6197467371473,938.1416025662666,13942934.61314704,1.231119830865929,1.255707544276107
2926.0,61.036865154553,191.75296716769452,14870.866447359998,137.60150880442427,432.2878891828505,1364169.1069238826,1.3981929430961968,1.6498473064330963
3279.0,64.61387209560033,202.99046589552853,16664.92518144,145.66551325232138,457.6217063148795,1618336.5865773286,1.2314150274357039,1.3010141283819434
21745.5,166.39480316415677,522.7446912160345,110517.57564287998,375.120444253275,1178.4756318774284,27638268.048634708,1.3183655809934272,1.1915811051308898
31534.5,200.37707559361922,629.5031486327208,160268.39985792,451.7300792182552,1419.1518982776058,48265371.30933414,1.3617912328254134,1.1261708859001704
