Area [-],Diameter [-],Perimeter [-],Area [mym^2],Diameter [mym],Perimeter [mym],Volume [mym^3] ,Irregularity [-],Diameter Ratio [-]
3778.5,69.36090844,217.9037204,19203.5437,156.367232,491.2421473,2001869.982,1.136845525,1.264992704
4202.5,73.14908876,229.8046399,21358.44711,164.9073057,518.0715801,2348109.311,1.151200849,1.018316578
6496.5,90.94834084,285.7226395,33017.28772,205.0339396,644.1331184,4513109.718,1.232486429,1.420858088
3105,62.87613845,197.5312146,15780.60161,141.7479665,445.3143703,1491245.459,1.140772075,1.19024845
11880,122.9881531,386.3786781,60377.954,277.2644922,871.0520919,11160441.84,1.106439455,1.01406579
