Area [-],Diameter [-],Perimeter [-],Area [mym^2],Diameter [mym],Perimeter [mym],Volume [mym^3] ,Irregularity [-],Diameter Ratio [-]
22569.5,169.5180813509292,532.5567590227162,114705.40679551997,382.1615625975348,1200.595957540811,29223998.332907867,1.1111898026213594,1.0829877988879149
8814.0,105.93551504238663,332.8062358114128,44795.56283903999,238.8210251115564,750.278378013249,7132081.491779115,1.1822066316503368,1.1143669863895957
3290.5,64.72707873796756,203.346115051527,16723.371854079996,145.92072630687406,458.4234817721624,1626857.7114981918,1.1856408116949209,1.2846746371141913
2963.0,61.421566009426094,192.96154054719355,15058.91226368,138.4687784116502,435.0124970095932,1390126.1235733249,1.1030841259174815,1.0316198169169497
21347.0,164.86310855210004,517.9327306752541,108492.27137792,371.6673919198543,1167.6275480342927,26882026.364328388,1.2327847304691648,1.2883244340463595
5764.5,85.6714033714042,269.14465145433127,29297.029950720003,193.13761176049363,606.7597022386444,3772238.930905143,1.1164718298658938,1.2119065745824722
