Area [-],Diameter [-],Perimeter [-],Area [mym^2],Diameter [mym],Perimeter [mym],Volume [mym^3] ,Irregularity [-],Diameter Ratio [-]
1587.5,44.95851173,141.2413302,8068.181984,101.3544689,318.4144548,545164.1997,1.077056484,1.045408271
1627.5,45.52139452,143.0096786,8271.474758,102.6234318,322.4010194,565898.0839,1.227754204,1.457817992
7616,98.47330792,309.3630207,38706.94425,221.9982254,697.4279939,5728581.955,1.165217406,1.24212861
10006,112.871763,354.5971015,50853.68752,254.4581025,799.4037055,8626755.221,1.068306314,0.994386922
1334.5,41.22060374,129.4983459,6782.355186,92.92772906,291.9410709,420179.2434,1.093756127,1.164466205
24638.5,177.1177928,556.4319567,125220.7256,399.2943521,1254.420203,33333285.65,1.153263678,1.049286911
