Area [-],Diameter [-],Perimeter [-],Area [mym^2],Diameter [mym],Perimeter [mym],Volume [mym^3] ,Irregularity [-],Diameter Ratio [-]
2588.5,57.4088892206335,180.35534462629246,13155.583663360003,129.42259985899616,406.59308892551377,1135086.5602497258,1.0917028427799402,1.1331664183294594
1969.5,50.076394472404886,157.31963299277172,10009.627979519999,112.89222369858958,354.66138061890456,753339.4406690886,1.1300671201509274,1.1951805795535382
3611.5,67.81080014135684,213.03391155813233,18354.796368640003,152.87266783867486,480.26365021665356,1870631.125673079,1.0971157962878653,1.0799053822432856
8087.0,101.47259826314324,318.7855692441592,41100.716664319996,228.7598255244301,718.6701873040325,6268128.515372586,1.1467378842318239,1.1551540620439544
