Area [-],Diameter [-],Perimeter [-],Area [mym^2],Diameter [mym],Perimeter [mym],Volume [mym^3] ,Irregularity [-],Diameter Ratio [-]
11231.5,119.58423786893061,375.68496317416674,57082.06989184,269.5907058517172,846.9441809798416,10259197.009078799,1.231129409103514,1.194810800207907
16783.5,146.18281670245173,459.2468630334857,85299.10697855998,329.5545419740072,1035.32612802269,18740472.08740745,1.1235191613516216,1.0252748363826594
