Area [-],Diameter [-],Perimeter [-],Area [mym^2],Diameter [mym],Perimeter [mym],Volume [mym^3] ,Irregularity [-],Diameter Ratio [-]
10752.5,117.0064451419871,367.58658848072383,54647.63891839999,263.7793299280957,828.6872050709437,9609945.050698716,1.135912618546324,1.1563473656541379
8104.0,101.57919703627194,319.120459166702,41187.11609343999,229.00014179857143,719.425163145413,6287903.617114653,1.1652269520201344,1.1514288673283477
5193.0,81.3137931461182,255.454815183365,26392.484436479994,183.31381526860886,575.8973353493781,3225404.6776456856,1.172341295214745,1.3158899106788013
7599.0,98.36334327605229,309.01755661857686,38620.54481664,221.7503210815323,696.6491796409197,5709412.142289084,1.1289882727752774,1.0375703783264365
1282.5,40.40952506678155,126.95026708485351,6518.074579200001,91.09923331055232,286.19668211609377,395861.06455074734,1.1613886456298188,1.2402982098887372
8368.5,103.22356867555108,324.28640502843274,42531.38956416,232.70721322216235,731.0712714960988,6598240.759961221,1.079753175683743,1.102889597743987
8563.0,104.41623543092904,328.03327814530894,43519.90067968001,235.39596115548642,739.5182222507844,6829605.899923055,1.1130047391770659,1.1738861170312973
