Area [-],Diameter [-],Perimeter [-],Area [mym^2],Diameter [mym],Perimeter [mym],Volume [mym^3] ,Irregularity [-],Diameter Ratio [-]
12158,124.4188345,390.8732965,61790.83878,280.4898206,881.1847597,11554467.52,1.103799474,1.034900209
1074.5,36.98778029,116.2005388,5460.952152,83.38525189,261.9624947,303575.2472,1.112701065,1.109014514
15532,140.6270124,441.792789,78938.5843,317.0295367,995.9776634,16683908.54,1.093959919,1.126943726
18217,152.2977504,478.4574939,92584.61178,343.3400486,1078.634574,21192003.4,1.182403906,1.175329245
1263.5,40.10907833,126.0063858,6421.510511,90.4219062,284.0687962,387096.8141,1.117492429,1.024678622
