Area [-],Diameter [-],Perimeter [-],Area [mym^2],Diameter [mym],Perimeter [mym],Volume [mym^3] ,Irregularity [-],Diameter Ratio [-]
10404.0,115.09467504374228,361.58058558472527,52876.450621439995,259.4694354186126,815.1472721422045,9146548.526456788,1.115783742587869,1.087972099312678
4823.5,78.36753756518101,246.19888029469482,24514.567432959997,176.67177668694407,555.03075573636,2887354.788728627,1.093338494798495,1.1302916172744824
