Area [-],Diameter [-],Perimeter [-],Area [mym^2],Diameter [mym],Perimeter [mym],Volume [mym^3] ,Irregularity [-],Diameter Ratio [-]
20814.5,162.7938712,511.4320298,105785.9363,367.0025033,1152.972368,25882468.96,1.352664645,1.257302006
51902,257.0674597,807.601243,263782.5394,579.5328812,1820.656242,101913770.1,1.23311108,1.143492618
17579,149.6070786,470.0044989,89342.09203,337.2741979,1059.578142,20088521.62,1.148830291,1.120133259
21205.5,164.3157971,516.2133009,107773.1232,370.4335329,1163.751266,26615185.85,1.105907842,1.148223809
