Area [-],Diameter [-],Perimeter [-],Area [mym^2],Diameter [mym],Perimeter [mym],Volume [mym^3] ,Irregularity [-],Diameter Ratio [-]
36719.0,216.22229959726735,679.2823879570664,186617.68457984,487.4515522120795,1531.3742154104104,60644720.01244483,1.1545479101992075,1.1924884288636521
3752.0,69.11725379271323,217.13825675148914,19068.862238720005,155.8179369502927,489.5164860205571,1980847.1826844607,1.0965715994677858,1.1867425142630508
6989.5,94.33614258557756,296.3657325148497,35522.87116672,212.67139984492604,668.1269073814772,5036465.825024869,1.0858412242281414,1.1204298396861614
