Area [-],Diameter [-],Perimeter [-],Area [mym^2],Diameter [mym],Perimeter [mym],Volume [mym^3] ,Irregularity [-],Diameter Ratio [-]
3749.5,69.0942231520443,217.06590385995614,19056.156440320006,155.76601667396866,489.3533736618852,1978867.7212164279,1.0805533822717897,1.0473647217567639
2132.0,52.10131197364772,163.6810989388016,10835.504875519999,117.45719771339141,369.0026694476343,848472.0256589126,1.107874364816007,1.1330269081397641
2837.0,60.10141918801632,188.8141769913927,14418.540024320002,135.492639417464,425.66268060939575,1302404.029627642,1.0838794262461497,1.1911342614748046
3681.0,68.46016918011621,215.07396455976746,18708.017564159996,154.336605399654,484.86274570353976,1924887.949739705,1.0669828371399113,1.1057646670792542
1553.5,44.474460454805694,139.72063823718733,7895.38312576,100.26322364931396,314.98620684191513,527744.376090063,1.0660795670725614,1.085092757821082
6693.0,92.31355411266779,290.01158342712097,34015.96347648,208.11167639159825,653.8021136781015,4719412.788777088,1.3083813223832543,1.468459833887909
7677.5,98.87009964951088,310.60957871859415,39019.5068864,222.89275264985733,700.2382342631987,5798110.197966506,1.1959160612442397,1.2970675273244288
9570.0,110.38524558615389,346.78547659816616,48637.796275199995,248.85249764942532,781.7931784429059,8069091.388831623,1.1269743077302417,1.1088733009378093
