Area [-],Diameter [-],Perimeter [-],Area [mym^2],Diameter [mym],Perimeter [mym],Volume [mym^3] ,Irregularity [-],Diameter Ratio [-]
2298,54.09163035,169.9338685,11679.16989,121.9441715,383.0989132,949471.1303,1.084100523,1.090741758
2801,59.71887444,187.6123772,14235.57653,134.6302305,422.9533432,1277692.633,1.108798835,1.212506876
