Area [-],Diameter [-],Perimeter [-],Area [mym^2],Diameter [mym],Perimeter [mym],Volume [mym^3] ,Irregularity [-],Diameter Ratio [-]
3041.0,62.22476561257286,195.48486651980568,15455.33317376,140.27951159698426,440.70108308224997,1445377.726122481,1.169664976605254,1.3924745171583703
