Area [-],Diameter [-],Perimeter [-],Area [mym^2],Diameter [mym],Perimeter [mym],Volume [mym^3] ,Irregularity [-],Diameter Ratio [-]
2978.0,61.576841135457045,193.44935174241763,15135.147054079998,138.81883065577435,436.11221856810624,1400695.610567049,1.3546117785735874,1.6401279218303537
1895.0,49.120147976905905,154.31549602749112,9630.9951872,110.73646159913667,347.88885424437603,711001.552472562,1.1071656229504938,1.1342338320985883
112162.0,377.9009047575638,1187.2107061712986,570043.1040563199,851.9397996854518,2676.447815992575,323761605.2545429,1.0699481989100745,1.024247660057748
1750.5,47.21023006784549,148.31531195542735,8896.60003968,106.43074266495087,334.3620392723154,631247.8329441159,1.159178224516081,1.2912169373891502
3666.5,68.32519879789209,214.64994259851994,18634.32393344,154.0323281699679,483.9068305941033,1913525.532894078,1.1547406064800256,1.372843494608227
1933.0,49.6102009668684,155.855042900627,9824.123322880003,111.84123705970812,351.3596087151735,732494.7369720199,1.1303228777003649,1.3424658069536775
