Area [-],Diameter [-],Perimeter [-],Area [mym^2],Diameter [mym],Perimeter [mym],Volume [mym^3] ,Irregularity [-],Diameter Ratio [-]
2728.0,58.935536631454575,185.15144891674984,13864.567214080002,132.8642737819512,417.4054264379208,1228070.436133193,1.2133407712384714,1.2964699074014772
1499.0,43.687367482580235,137.24791273795168,7618.396720639999,98.48880125272888,309.41169447643824,500217.84032236953,1.3358169888474691,1.2684952298106669
2541.5,56.88530832248706,178.71046672311567,12916.71465344,128.24223908221484,402.88487618059196,1104312.2724954668,1.1716142177195479,1.2474862209301194
1015.0,35.949104827605794,112.93744362953572,5158.554150400001,81.0436619233545,254.60617291842536,278712.07905222324,1.2532522380187563,1.2393111887426638
27523.0,187.19874996843834,588.1022176620384,139880.67574528,422.02086192884735,1325.8176394972993,39355042.23014179,1.3281162353349574,1.2489332146271492
