Area [-],Diameter [-],Perimeter [-],Area [mym^2],Diameter [mym],Perimeter [mym],Volume [mym^3] ,Irregularity [-],Diameter Ratio [-]
5456.0,83.3474352099394,261.8436901510969,27729.134428159996,187.8984579372874,590.3004150766328,3473507.732658006,1.3392577336351468,1.6952985054995735
2708.0,58.7190998495619,184.4714927127892,13762.920826880001,132.37633870085236,415.872533171712,1214590.0459280547,1.1553930632817626,1.4330210509414956
33376.5,206.14625794530727,647.6275695260039,169630.03211904,464.7361239119007,1460.011592739423,52555469.0840359,1.3871623274797873,1.284628905175909
1312.5,40.8794190573313,128.42648259353058,6670.5441599999995,92.15856232284767,289.5246623588553,409831.83979777835,1.2027740164999638,1.3656582596216627
29516.5,193.85967869099397,609.0281424029045,150012.27938943994,437.0372596409768,1372.9930442331076,43707303.66457161,1.304975143643252,1.097577236771048
