Area [-],Diameter [-],Perimeter [-],Area [mym^2],Diameter [mym],Perimeter [mym],Volume [mym^3] ,Irregularity [-],Diameter Ratio [-]
4857.0,78.63920440072296,247.05234682945738,24684.82513152,177.28422240098985,556.9548106923287,2917486.6856972906,1.184335751089327,1.4175380910512296
32622.0,203.8028960254257,640.2656809338018,165795.42216192,459.4532487997197,1443.4149510971629,50783496.89894346,1.5295492377140627,1.5376103672328898
1894.5,49.11366731878985,154.2951364395633,9628.45402752,110.72185160347983,347.8429555893515,710720.1720039983,1.1316634840533426,1.3083036933307681
28570.0,190.72612247168345,599.1837852047079,145201.86411519998,429.97297050016317,1350.7999253654934,41621917.89051572,1.3672509906607528,1.3113931372338368
