Area [-],Diameter [-],Perimeter [-],Area [mym^2],Diameter [mym],Perimeter [mym],Volume [mym^3] ,Irregularity [-],Diameter Ratio [-]
2123.5,51.99734775202595,163.35448570391847,10792.30516096,117.22282077216731,368.2663525709138,843402.9690678337,1.1799633553176252,1.0533900914903416
2979.0,61.58717889111377,193.4818287596434,15140.229373439997,138.84213609212688,436.18543475574006,1401401.1914221153,1.5838737587065206,1.6303975073173131
41354.5,229.46499679199502,720.885548177737,210176.77597311992,517.3058887678735,1625.16437981189,72483789.26209404,1.2316508323674151,1.170051928039548
