Area [-],Diameter [-],Perimeter [-],Area [mym^2],Diameter [mym],Perimeter [mym],Volume [mym^3] ,Irregularity [-],Diameter Ratio [-]
2346.0,54.653636401878074,171.69946261210785,11923.121218560002,123.21115790439393,387.07926851273595,979374.3807821507,1.1328495936081906,1.2355856909882084
98959.0,354.9626911485867,1115.1481828108626,502941.24154624,800.2278909253739,2513.990063328809,268311739.3212911,1.9991700339918022,1.4522738997998634
