Area [-],Diameter [-],Perimeter [-],Area [mym^2],Diameter [mym],Perimeter [mym],Volume [mym^3] ,Irregularity [-],Diameter Ratio [-]
1519.5,43.98508256471823,138.1832122528593,7722.58426752,99.15997013390079,311.520233702846,510514.1502158769,1.3454881888316632,1.3986837712619575
1419.5,42.51309837863577,133.55883754766228,7214.352331519998,95.84152898479647,301.0950433674498,460956.37205860525,1.3373145121298515,1.6414611617341959
2568.0,57.181108339030104,179.63974988201903,13051.39611648,128.90909063950946,404.9798521340237,1121629.0699676413,1.2217798624472378,1.4048293044442932
1197.5,39.04746284741631,122.67122242276348,6086.0774335999995,88.02860024321534,276.550003829878,357165.91830108553,1.2901724031323643,1.6382363049402093
5400.0,82.91859587312052,260.4964516409764,27444.524544000004,186.9316825363629,587.2632005794171,3420167.432946952,1.1488802114193963,1.248212072102354
2994.5,61.74719278404035,193.98452723013386,15219.005323519998,139.20287141234056,437.31871818761374,1412352.8273824537,1.261406955840168,1.5696456287762894
2767.5,59.36068092647323,186.48707911069604,14065.318828799995,133.82271908064124,420.4164711471531,1254839.4736041038,1.2418057875004702,1.4487704429557238
