Area [-],Diameter [-],Perimeter [-],Area [mym^2],Diameter [mym],Perimeter [mym],Volume [mym^3] ,Irregularity [-],Diameter Ratio [-]
6964.5,94.16728099137215,295.83523817102053,35395.81318271999,212.29071826694937,666.9309609327487,5009468.402801587,1.4400972924205262,1.675450128184842
30494.0,197.04356542946044,619.0306175903327,154980.24656384002,444.21501390417563,1395.542624295646,45896368.25481918,1.5021260889151793,1.470689572433307
80211.0,319.5744312718903,1003.9726855589068,407657.91818496,720.4485978593495,2263.3560223239997,195797717.04174396,1.186310669521968,1.039484753837555
1920.0,49.443097858968265,155.33007300445593,9758.053171199997,111.46451981325805,350.1761165812454,725117.8073600318,1.13635217590999,1.0700896331105811
