Area [-],Diameter [-],Perimeter [-],Area [mym^2],Diameter [mym],Perimeter [mym],Volume [mym^3] ,Irregularity [-],Diameter Ratio [-]
2258.5,53.62472854741892,168.46705325531812,11478.418274560001,120.8915880373012,379.7921248587892,925096.1422452916,1.0807217900749513,1.1208275398103387
5542.0,84.00174734445868,263.8992723460573,28166.213893119995,189.37353921334764,594.9345195769515,3555957.0741201974,1.2501233221037116,1.4753943028670375
3174.0,63.570923502725734,199.71394625808188,16131.28164864,143.3142899445449,450.23512044421983,1541228.7835802063,1.1966863213600878,1.3592408405377427
4311.5,74.09164795795579,232.7657769170751,21912.419920639997,167.0322111564155,524.747167481854,2440053.300754924,1.5262637755670458,1.5544243381547984
3255.5,64.38191778663729,202.26175994252173,16545.49067648,145.1425954581951,455.978911614421,1600970.3066091174,1.170524310302948,1.396508403479906
