Area [-],Diameter [-],Perimeter [-],Area [mym^2],Diameter [mym],Perimeter [mym],Volume [mym^3] ,Irregularity [-],Diameter Ratio [-]
1270.0,40.212115361090575,126.33008620370742,6454.5455872,90.65419287004259,284.798546337638,390087.74703367404,1.2022650692032537,1.4081932771501646
2559.0,57.080819852007046,179.32468430794776,13005.65524224,128.68300027436467,404.2695683038374,1115737.8247369747,1.1281695922566457,1.2065505639951069
4643.5,76.89140280927204,241.56146618982262,23599.74994815999,173.34397849322286,544.5761693783361,2727249.698306189,1.1468574942457022,1.07330803028688
2346.0,54.653636401878074,171.69946261210785,11923.121218560002,123.21115790439393,387.07926851273595,979374.3807821507,1.3064027840552566,1.5628931375367834
2641.5,57.99363980142937,182.19239275510313,13424.946589439998,130.74086156834235,410.73453022710447,1170126.0557415765,1.218854486758035,1.5500363551732028
107700.0,370.3078435139837,1163.35640075021,547365.795072,834.8220024179249,2622.670669851273,304635339.39805776,1.4642249133315495,1.057928156532519
