Area [-],Diameter [-],Perimeter [-],Area [mym^2],Diameter [mym],Perimeter [mym],Volume [mym^3] ,Irregularity [-],Diameter Ratio [-]
1077.0,37.03078435139837,116.33564007502098,5473.65795072,83.48220024179248,262.2670669851273,304635.3393980577,1.2723906888585126,1.1039782312368587
1062.0,36.772005609005646,115.5226626790148,5397.42316032,82.89880944494233,260.43429074357095,298293.3027073907,1.1678374116858223,1.0704761749128744
10674.5,116.58128288998837,366.25090187326094,54251.21800832001,262.8208441471898,825.6760331830794,9505567.275306592,1.4564564656837138,1.0623037516988065
2889.5,60.65497229833885,190.55321537615373,14685.361790720002,136.7405695493751,429.58316874400094,1338723.1568677893,1.1284856956955243,1.189101081997392
40399.5,226.8000021770904,712.5132206736963,205323.16098431998,511.29792490803254,1606.2898046867808,69987537.43122713,1.4774086881724013,1.154944057243598
