Area [-],Diameter [-],Perimeter [-],Area [mym^2],Diameter [mym],Perimeter [mym],Volume [mym^3] ,Irregularity [-],Diameter Ratio [-]
2093.0,51.62257613806866,162.17710595473625,10637.294420479999,116.37793564566198,365.61206766435737,825297.5770070538,1.6787189492042787,1.6916052310692151
56256.5,267.6340793852563,840.7972576469888,285913.49907584,603.3542685661218,1895.4933376393715,115004753.40538932,1.3318144300738202,1.0509448082482473
3373.0,65.53347987396751,205.87949893623087,17142.66320128,147.73867702787234,464.1347424018389,1688422.921394332,1.3204217096248327,1.6775316464284156
75938.0,310.94575820888565,976.8649096539433,385941.16755968,700.9961173061118,2202.2442523238497,180362173.3119488,1.5928696394778563,1.3572040607147455
3387.0,65.66934092876215,206.3063190278827,17213.81567232,148.0449621898014,465.09696561645876,1698945.7935672167,1.130741993432394,1.2815952329036566
11206.5,119.45107349067484,375.26661494171856,56955.01190784001,269.2905000773774,846.0010567246104,10224962.425716814,1.3948176396589242,1.6691381228293176
