Area [-],Diameter [-],Perimeter [-],Area [mym^2],Diameter [mym],Perimeter [mym],Volume [mym^3] ,Irregularity [-],Diameter Ratio [-]
23060.0,171.35023753001585,538.3126474151638,117198.28444160002,386.29197548766774,1213.5720323327455,30181837.880474176,1.058253298423738,1.0192887241235342
28073.0,189.0599210286258,593.9492589917973,142675.95139328,426.216685966934,1338.9992094711076,40540580.78001544,1.0718789316262831,1.0270832735795565
25098.0,178.76175791752306,561.5966254164874,127556.05129727999,403.00050704926394,1266.0634323389293,34270102.23333717,1.0615384583146554,1.0095976321346882
26336.0,183.11754872252206,575.2807458100463,133847.96266495995,412.8202018400537,1296.9129133541683,36836761.97548583,1.0585872158091545,1.004819042651205
