Area [-],Diameter [-],Perimeter [-],Area [mym^2],Diameter [mym],Perimeter [mym],Volume [mym^3] ,Irregularity [-],Diameter Ratio [-]
3755.0,69.14488043579608,217.2250484104416,19084.1091968,155.88021845445869,489.7121491364995,1983223.4070706184,1.2418664497410676,1.4675506981016975
1212.5,39.2912579079798,123.4371271940112,6162.312224000001,88.57821182774966,278.27665954617885,363897.73168413545,1.1888830402438324,1.306980238818303
10759.0,117.04180561579531,367.6976766854671,54680.673994239994,263.85904658024896,828.9376423197172,9618660.337657053,1.1834762519853586,1.2399496511641006
6300.5,89.56587381142381,281.3794911783195,32021.15312768,201.91730592047384,634.3419249124034,4310416.648005401,1.1476274489681513,1.0531240370408166
4664.0,77.06094495037547,242.09409853478704,23703.937495039998,173.72619429612647,545.7769357368239,2745329.9005643707,1.4223107596388729,1.2484019435424387
2763.5,59.31776700007867,186.3522610347982,14044.989551359999,133.72597392497735,420.1125372768491,1252119.9376811644,1.182439563129261,1.250209141603222
2741.5,59.08118323029295,185.6090112016808,13933.178525440004,133.19261947437244,418.43695485306927,1237197.6969382854,1.2896988250639996,1.239468203631505
