Area [-],Diameter [-],Perimeter [-],Area [mym^2],Diameter [mym],Perimeter [mym],Volume [mym^3] ,Irregularity [-],Diameter Ratio [-]
24080.0,175.0988527581569,550.0892694770266,122382.25018879995,394.7428536579889,1240.1212491090089,32206345.78440857,1.1481995644577223,1.083341645501582
122458.5,394.8658060518167,1240.5075154461995,622373.2053465601,890.1854731632156,2796.6001428219124,369351724.1903565,1.3103636294458942,1.0759751989090462
