Area [-],Diameter [-],Perimeter [-],Area [mym^2],Diameter [mym],Perimeter [mym],Volume [mym^3] ,Irregularity [-],Diameter Ratio [-]
20938.5,163.2780640730322,512.9531665842015,106416.14391936001,368.0940676462438,1156.4016187474238,26114100.85233688,1.0642565654874643,1.0351272920939827
75034.5,309.0904279000412,971.0362175856951,381349.29201792006,696.8134606578529,2189.104048925191,177152879.92695266,1.2369256749170796,1.0309151216963568
2461.0,55.97716069606635,175.85743681157734,12507.587944959998,126.19491107321197,396.45300554802,1052262.63230307,1.1119183102523174,1.126837770453597
3410.5,65.89676370899615,207.0207887635248,17333.250177279995,148.55766410556092,466.7076661884903,1716658.1051293442,1.1259519118679475,1.2887807894381134
14582.5,136.260836857479,428.07604404345335,74112.9220672,307.18643061150067,965.0546336915612,15177655.994674325,1.0637017420946957,1.0137498242326453
2484.5,56.24378764712163,176.69507008226165,12627.02244992,126.795994871671,398.34136599345067,1067370.5825363537,1.1201437588999856,1.2547151246824852
