Area [-],Diameter [-],Perimeter [-],Area [mym^2],Diameter [mym],Perimeter [mym],Volume [mym^3] ,Irregularity [-],Diameter Ratio [-]
25532.5,180.30249215124715,566.4369847662894,129764.3190592,406.4739383057716,1276.9755384571229,35163875.87970648,1.067269984471391,1.0078975518388613
31349.0,199.78685264026413,627.6489085384803,159325.62961663998,450.39948059221143,1414.97169940915,47840120.549574465,1.095122392035041,0.9957508445478194
19058.0,155.773551168235,489.37704397372084,96858.84236287996,351.17589375366896,1103.2516079343561,22676327.023153406,1.0555428441762253,1.001453705266823
