Area [-],Diameter [-],Perimeter [-],Area [mym^2],Diameter [mym],Perimeter [mym],Volume [mym^3] ,Irregularity [-],Diameter Ratio [-]
29313.5,193.1918926730472,606.9302307547529,148980.56855935996,435.5318028421176,1368.2635122135148,43257183.742067836,1.0654986266099313,1.0107391094975398
13857.0,132.82801049249798,417.29150195417964,70425.69937152001,299.4474668542874,940.7419620055025,14059198.185495498,1.0567204358027837,1.008823361150683
