Area [-],Diameter [-],Perimeter [-],Area [mym^2],Diameter [mym],Perimeter [mym],Volume [mym^3] ,Irregularity [-],Diameter Ratio [-]
25739.5,181.0319012265814,568.7284909588212,130816.35916672001,408.1183181252051,1282.1415100175666,35592368.32425635,1.2331204697440312,1.1227579421398024
17756.0,150.35837640889034,472.36477073185875,90241.66255616001,338.9679237762024,1064.8991391379025,20392685.996516146,1.0614400036016456,0.9993707501808967
23439.0,172.75260255361562,542.7183070709561,119124.48347903999,389.45346719687103,1223.5041514607635,30928962.079299007,1.0585593931540995,1.0146606214347582
28604.0,190.8395764447317,599.5402113729568,145374.66297344002,430.22874113700317,1351.603452519194,41696238.82951947,1.060975608956627,1.0078257451267134
