Area [-],Diameter [-],Perimeter [-],Area [mym^2],Diameter [mym],Perimeter [mym],Volume [mym^3] ,Irregularity [-],Diameter Ratio [-]
31783.0,201.16503784285598,631.9786050462291,161531.35621887998,453.5064613129345,1424.7325672162187,48837009.166602224,1.2527251929141676,1.0516729546074413
30630.5,197.48408511829604,620.4145510085402,155673.98315647995,445.20812149068655,1398.662563793653,46204881.070712805,1.0576767502011504,1.0026124377637566
1152.5,38.30676931440806,120.34426506090327,5857.373062399998,86.35878074240152,271.3041111533003,337223.7306815002,1.597641779864291,1.3156462925246923
22778.0,170.2992963872063,535.0110184415581,115765.07038208003,383.9227337753179,1206.1288399746486,29629894.864520162,1.0900445661475606,1.037377316424821
26469.5,183.5810832557848,576.7369824944296,134526.45229951997,413.8651940918412,1300.1958533354423,37117210.86095177,1.1502116894650258,1.0322664488882536
