Area [-],Diameter [-],Perimeter [-],Area [mym^2],Diameter [mym],Perimeter [mym],Volume [mym^3] ,Irregularity [-],Diameter Ratio [-]
83537.0,326.13281320428536,1024.5764500571552,424561.71237632,735.2338140877409,2309.8051490088505,208101418.07070947,1.1753437935389885,1.0350544391649628
79697.0,318.5488533910588,1000.7507376228024,405045.6060339201,718.136535084803,2256.0924628968455,193918698.71234897,1.4215786405005673,1.1848785748490014
1337.5,41.26691036512523,129.6438224394259,6797.6021439999995,93.03212272713832,292.26903330744176,421596.9046072443,1.2234302313154202,1.4017655845127228
