Area [-],Diameter [-],Perimeter [-],Area [mym^2],Diameter [mym],Perimeter [mym],Volume [mym^3] ,Irregularity [-],Diameter Ratio [-]
1593.0,45.03632528041241,141.48578864562393,8096.13474048,101.52989171216174,318.9655619226946,547999.7889920034,1.1344578701462082,1.202287908623975
8490.0,103.97020599576366,326.63203534850857,43148.89136639999,234.3904323968496,736.3592604896778,6742458.203210123,1.0843728338878005,1.0447185804603694
1609.5,45.268963399345076,142.21664285100772,8179.993009919998,102.05435108748354,320.6131996433118,556535.9190183579,1.131747412232366,1.1497535842478996
5341.0,82.46437053922442,259.069460668934,27144.66770176,185.90767694362754,584.0461921320448,3364268.075893946,1.6102301953703961,1.361153954945573
131460.0,409.1210952161774,1285.2918271597532,668121.7030656,922.3225970553503,2897.5618951489478,410815829.54700524,1.4992998077356245,1.0883081368836862
