Area [-],Diameter [-],Perimeter [-],Area [mym^2],Diameter [mym],Perimeter [mym],Volume [mym^3] ,Irregularity [-],Diameter Ratio [-]
35975.5,214.0220298044569,672.3700365400575,182838.98013567994,482.4912639911676,1515.7910103759057,58812140.42168013,1.2426730731592486,1.1343707687216809
26886.5,185.02149880357675,581.2621813974894,136645.77947264,417.1124669027834,1310.3974617425001,37997772.11179105,1.085858720463769,1.0834744381027017
25636.0,180.66756479465437,567.5838943008441,130290.33911296003,407.2969580730688,1279.561131311823,35377905.85801146,1.1101399232470621,1.0285441657076382
16094.0,143.14858446023038,449.7145413120378,81794.84777984001,322.7141688071434,1013.836461933858,17597570.87598526,1.061217027078687,1.0126323949865563
