Area [-],Diameter [-],Perimeter [-],Area [mym^2],Diameter [mym],Perimeter [mym],Volume [mym^3] ,Irregularity [-],Diameter Ratio [-]
1580.5,44.85928109604438,140.9295879366525,8032.605748479999,101.13076330292245,317.7116630443894,541562.3671034833,1.0887607137614854,1.0876314986413615
1569.5,44.70290220401622,140.43830915828033,7976.700235520001,100.77822272873416,316.60412416642714,535918.4486503872,1.2089418166377284,1.2303453448812813
1225.5,39.501329877270486,124.09708774945996,6228.38237568,89.05179807531859,279.7644746223825,369765.766436619,1.2191781943809683,1.1403210277342706
19282.5,156.68835796368464,492.2509942817594,97999.8230592,353.23823419333064,1109.7306415087985,23078189.632460434,1.3249298704613834,1.3578261777976428
20613.5,162.0059361733337,508.9566589200821,104764.39012735999,365.2261825091635,1147.391891869433,25508465.51274425,1.2163812721540448,1.1060169100219304
