Area [-],Diameter [-],Perimeter [-],Area [mym^2],Diameter [mym],Perimeter [mym],Volume [mym^3] ,Irregularity [-],Diameter Ratio [-]
32183.5,202.42851797112013,635.9479449351404,163566.82512256,456.3548509140932,1433.6810470617806,49763009.3955316,1.1713360015223953,1.0520930299103624
