Area [-],Diameter [-],Perimeter [-],Area [mym^2],Diameter [mym],Perimeter [mym],Volume [mym^3] ,Irregularity [-],Diameter Ratio [-]
1158.0,38.39806496170502,120.63107879575612,5885.32581888,86.56459764966779,271.9507040371526,339640.57436569926,1.1458522717309623,1.1272473937296494
2433.5,55.663528742912256,174.87213297161745,12367.82416256,125.48785919802138,394.2317365712143,1034674.5180648108,1.1164591234104053,1.245654488315051
21468.5,165.33161574891488,519.4045894429215,109109.77318016,372.7235945443537,1170.9457064401224,27111857.906418905,1.1459804085839544,1.129082319221306
5545.5,84.02826842990902,263.9825907932733,28184.002010879994,189.43332834838688,595.1223526843553,3559326.2047324176,1.143280429615682,1.1625373083911723
