Area [-],Diameter [-],Perimeter [-],Area [mym^2],Diameter [mym],Perimeter [mym],Volume [mym^3] ,Irregularity [-],Diameter Ratio [-]
1060.0,36.73736405104852,115.4138330150278,5387.258521600001,82.8207135166838,260.1889451490787,297451.06310516474,1.3751443198999174,1.4347568998339908
52716.5,259.0766922361624,813.9134330454715,267922.0885414399,584.0624949772044,1834.8864434577108,104322162.32867794,1.176736365811271,1.0559814058006858
2964.0,61.43192989476256,192.99409965322926,15063.994583039996,138.4921427547527,435.08589825824,1390829.9255007978,1.1243605274036128,1.1421617292502992
39334.0,223.78919601404553,703.0544941504917,199907.94970624,504.5103634940642,1584.9660516128683,67237088.2477655,1.2247039462904947,1.031455640626868
