Area [-],Diameter [-],Perimeter [-],Area [mym^2],Diameter [mym],Perimeter [mym],Volume [mym^3] ,Irregularity [-],Diameter Ratio [-]
24374.5,176.166334136654,553.442861133557,123878.99324031998,397.14938367767274,1247.6815861394907,32798977.210669115,1.2230428564865232,1.0055044454015032
28802.5,191.50060570983717,601.6168960560201,146383.5033664,431.71896551225694,1356.2851304686917,42131023.09426812,1.2282047393295077,1.0521086639089572
