Area [-],Diameter [-],Perimeter [-],Area [mym^2],Diameter [mym],Perimeter [mym],Volume [mym^3] ,Irregularity [-],Diameter Ratio [-]
46452.0,243.19647064058677,764.0242455434332,236083.89891071996,548.2621234121387,1722.4162591531156,86290573.14680536,1.2611103643537707,1.0349443324444194
