Area [-],Diameter [-],Perimeter [-],Area [mym^2],Diameter [mym],Perimeter [mym],Volume [mym^3] ,Irregularity [-],Diameter Ratio [-]
1362.5,41.65079686754695,130.84983745524627,6924.660127999997,93.89755645819784,294.9878735591072,433472.4435484742,1.381372041208704,1.2849315066717402
39013.5,222.87559529595265,700.1843328462166,198279.06635135997,502.4507420351956,1578.4955599685109,66416976.012191065,1.287401541498878,1.1109593574865058
