Area [-],Diameter [-],Perimeter [-],Area [mym^2],Diameter [mym],Perimeter [mym],Volume [mym^3] ,Irregularity [-],Diameter Ratio [-]
37967.0,219.86606330891524,690.7296092649965,192960.41914112,495.6660531236185,1557.180831127008,63762619.57650537,1.2526386769921307,1.0753923898094293
