Area [-],Diameter [-],Perimeter [-],Area [mym^2],Diameter [mym],Perimeter [mym],Volume [mym^3] ,Irregularity [-],Diameter Ratio [-]
46544.5,243.43848913005885,764.7845690519916,236554.01345151998,548.8077298948047,1724.13033247081,86548447.4132225,1.5329211773725664,1.226154106090724
50239.5,252.9168205314194,794.5616253507953,255333.18348671997,570.1756802060319,1791.259728190833,97056514.38247474,1.2294505573376449,1.0986671362621443
23489.0,172.93676204406117,543.2968611732288,119378.59944703997,389.8686363521315,1224.8084438289268,31027981.184029862,1.0834623559156977,1.0059519887829902
