Area [-],Diameter [-],Perimeter [-],Area [mym^2],Diameter [mym],Perimeter [mym],Volume [mym^3] ,Irregularity [-],Diameter Ratio [-]
1322.5,41.034854671513735,128.91479797715235,6721.3673536,92.50897637146056,290.62552055969223,414524.5424653925,1.1077951048460282,1.1652741740418946
26987.5,185.3686926466824,582.3529230243618,137159.093728,417.8951807026808,1312.8564296661211,38212082.83898567,1.2156514246757855,1.0493337538360963
26957.0,185.2639155567694,582.0237560884266,137004.08298752,417.65897123118094,1312.1143557257487,38147322.9033593,1.1235888546349198,1.0013263672916533
