Area [-],Diameter [-],Perimeter [-],Area [mym^2],Diameter [mym],Perimeter [mym],Volume [mym^3] ,Irregularity [-],Diameter Ratio [-]
28411.5,190.19633362723656,597.5194044630397,144396.31649663998,428.7786145292421,1347.0477454214767,41276035.02037016,1.0625334224139518,1.0042376511330686
5188.0,81.2746378526907,255.33180520118404,26367.072839679997,183.22554357510592,575.6200216455493,3220747.50235652,1.2097090578303373,1.256496709189096
49090.0,250.00665841342934,785.4190814201625,249491.05738240003,563.6150107272351,1770.6487771536142,93744603.32195376,1.1864520006755626,1.0198769507199914
