Area [-],Diameter [-],Perimeter [-],Area [mym^2],Diameter [mym],Perimeter [mym],Volume [mym^3] ,Irregularity [-],Diameter Ratio [-]
10977.0,118.22161596999882,371.4041602268621,55788.61961471999,266.5188110427653,837.2935388154377,9912477.712954843,1.3392064958106542,1.222772071112998
1069.5,36.90162182200474,115.9298640215589,5435.5405555199995,83.19101623552748,261.3522854502024,301458.76173542155,1.1872662008129984,1.1403827786356855
