Area [-],Diameter [-],Perimeter [-],Area [mym^2],Diameter [mym],Perimeter [mym],Volume [mym^3] ,Irregularity [-],Diameter Ratio [-]
78038.0,315.21590631191606,990.279975564164,396614.03821568,710.6227391895835,2232.4871769118513,187895302.82524577,1.2793758126509647,1.128626764305481
55502.0,265.8332959053305,835.1399294957479,282078.88911872,599.294582288977,1882.739457055214,112698900.01796131,1.272258462106851,1.1039554248891768
65067.5,287.83070384699266,904.2468246832916,330693.8149568,648.8855387526603,2038.5340415660125,143054956.18694383,1.2159308937827387,1.0123048101245982
27131.5,185.8625801714322,583.9045164438154,137890.94771583995,419.00860073847673,1316.3543418709373,38518328.70461103,1.0830521750463142,1.0189788874733678
74028.5,307.0114226497558,964.5048299646238,376236.47874175996,692.1265512216095,2174.379688672248,173602170.98353115,1.3339278536886259,1.1354108698521734
67729.0,293.65837485991756,922.5549931250346,344220.4079334401,662.0234402841982,2079.807976501078,151921319.11741742,1.2590504506963531,1.0886484508258338
