Area [-],Diameter [-],Perimeter [-],Area [mym^2],Diameter [mym],Perimeter [mym],Volume [mym^3] ,Irregularity [-],Diameter Ratio [-]
39201.5,223.41195136548868,701.8693451339793,199234.54239103998,503.6599031583577,1582.2942516700432,66897633.550980605,1.2003754087659184,1.061073441184438
39476.0,224.19278371072804,704.3224022934686,200629.63905535996,505.42021159746525,1587.8244237303957,67601516.41605541,1.297303482272736,1.0890757914164109
