Area [-],Diameter [-],Perimeter [-],Area [mym^2],Diameter [mym],Perimeter [mym],Volume [mym^3] ,Irregularity [-],Diameter Ratio [-]
58812.5,273.6464886029725,859.6857982757415,298903.90736,616.9086439065412,1938.0756636328315,122930936.09854935,1.2826467819668919,1.1398026198380116
30804.5,198.04420606469233,622.1742228588606,156558.30672512,446.4708581522424,1402.6295680130152,46599147.702950865,1.2638976958422705,1.0840919024263456
