Area [-],Diameter [-],Perimeter [-],Area [mym^2],Diameter [mym],Perimeter [mym],Volume [mym^3] ,Irregularity [-],Diameter Ratio [-]
12080.5,124.02165262635849,389.6255127770331,61396.959028479985,279.59441368086254,878.3717560045433,11444164.507570535,1.175568617742907,1.192434237596114
