Area [-],Diameter [-],Perimeter [-],Area [mym^2],Diameter [mym],Perimeter [mym],Volume [mym^3] ,Irregularity [-],Diameter Ratio [-]
28641.5,190.96463133400428,599.9330828943911,145565.24994944004,430.51066487937925,1352.4891420771153,41778261.69271097,1.0845931752554818,1.0242789061763922
97049.0,351.5204468832543,1104.3340535150328,493234.01156864,792.4676954536085,2489.61069024429,260581346.9780924,1.3579152481450998,1.1065335763392359
70426.5,299.4491689707803,940.747309362172,357929.96440704004,675.0782065277272,2120.8207342260807,161087145.6229585,1.5035256633200638,1.073357310339395
