Area [-],Diameter [-],Perimeter [-],Area [mym^2],Diameter [mym],Perimeter [mym],Volume [mym^3] ,Irregularity [-],Diameter Ratio [-]
45785.5,241.4454579723375,758.5232770085186,232696.5330572799,544.3146404528376,1710.0148756880042,84440086.48379678,1.1210014476461434,1.044111240961632
134123.0,413.24412573987576,1298.2447095635305,681655.9195212801,931.6175570679759,2926.762873240023,423361748.33689314,1.2952546989459464,1.0424788931658469
63551.5,284.4578754881585,893.6507718893588,322989.01880703995,641.2818345005045,2014.6463001473705,138084660.33606434,1.3189416489498067,1.1406351324517356
