Area [-],Diameter [-],Perimeter [-],Area [mym^2],Diameter [mym],Perimeter [mym],Volume [mym^3] ,Irregularity [-],Diameter Ratio [-]
1168.5,38.57175661054391,121.17674720373827,5938.69017216,86.95616810281018,273.18085889610757,344270.4939472344,1.2428966377720674,1.4450220201652737
96924.0,351.2939931651421,1103.6226281778336,492598.72164864006,791.9571781914964,2488.0068529641076,260078062.38506353,1.3083595418348017,1.076868294481237
13893.0,133.00043983012094,417.8332046945193,70608.66286848002,299.83619155302466,941.9631766633242,14114021.710091012,1.6747218438986495,1.5770080730701719
