Area [-],Diameter [-],Perimeter [-],Area [mym^2],Diameter [mym],Perimeter [mym],Volume [mym^3] ,Irregularity [-],Diameter Ratio [-]
2520.0,56.64418463295778,177.952954311484,12807.4447872,127.69864983654001,401.17714019980957,1090328.9381209817,1.393432950238615,1.394069715973404
116416.0,385.000590700701,1209.5150273730533,591663.29061376,867.9453316756603,2726.730677709811,342354260.674715,1.2081279449998374,1.0170189252184378
131895.0,409.79742526380556,1287.4165806687838,670332.5119872001,923.8473155147233,2902.3519394597065,412856594.46774393,1.2637169415574925,1.037487332131179
169404.0,464.42639011614693,1459.0385353221145,860965.2288614399,1047.0028538778415,3289.2564740301746,600955367.8050109,1.4572034568264962,1.166440276654343
