Area [-],Diameter [-],Perimeter [-],Area [mym^2],Diameter [mym],Perimeter [mym],Volume [mym^3] ,Irregularity [-],Diameter Ratio [-]
114076.0,381.1116297165549,1197.2974961151624,579770.66331136,859.1780580330013,2699.1874752420217,332084155.0722396,1.1961406511528707,1.0036510367313394
