Area [-],Diameter [-],Perimeter [-],Area [mym^2],Diameter [mym],Perimeter [mym],Volume [mym^3] ,Irregularity [-],Diameter Ratio [-]
209808.0,516.8518573070963,1623.7379979102138,1066311.2602828804,1165.190827113118,3660.5549424887863,828304066.2193605,1.5640943857825342,1.0837067465421917
24982.0,178.34817158180746,560.2973056225783,126966.50225152001,402.06811801402677,1263.1342457955404,34032788.40739489,1.1704737172764001,1.1015351902234736
