Area [-],Diameter [-],Perimeter [-],Area [mym^2],Diameter [mym],Perimeter [mym],Volume [mym^3] ,Irregularity [-],Diameter Ratio [-]
3780.0,69.3746746233733,217.94696814197178,19211.1671808,156.39826647093275,491.3396449792612,2003062.162640264,1.0551443412607047,1.0090652091225152
12088.0,124.06014515854254,389.7464406333606,61435.076423679995,279.6811912454183,878.6443757638481,11454823.572285421,1.0583167248493754,1.002137940908317
227369.0,538.047583441176,1690.3263354205399,1155561.8705638403,1212.9744721097873,3810.671690572065,934444699.9582483,1.8164770136444888,1.3387748725753539
170460.5,465.8723531347704,1463.5811621187845,866334.6992652798,1050.2626329070263,3299.4973718805873,606585974.8193798,1.326819377586666,1.0747762197995898
120254.0,391.2954743062872,1229.2909874635654,611169.2323174401,882.1365172760939,2771.3136021378623,359423132.04187363,1.4809099443364702,1.0741377409527912
