Area [-],Diameter [-],Perimeter [-],Area [mym^2],Diameter [mym],Perimeter [mym],Volume [mym^3] ,Irregularity [-],Diameter Ratio [-]
197627.0,501.62387453885805,1575.8978791165246,1004403.5281587198,1130.8608627604015,3552.7041786802924,757227093.6087741,1.5179165726052146,1.060565802299973
