Area [-],Diameter [-],Perimeter [-],Area [mym^2],Diameter [mym],Perimeter [mym],Volume [mym^3] ,Irregularity [-],Diameter Ratio [-]
134817.5,414.3126504493108,1301.6015789408707,685185.5903168,934.0264391729263,2934.330599564299,426654304.73080015,1.300683558911814,1.0464717087807123
180536.0,479.4429835218233,1506.2145548473322,917541.6079769599,1080.8562620515984,3395.6100924478255,661153728.44986,1.32812071926279,1.0386996379837539
