Area [-],Diameter [-],Perimeter [-],Area [mym^2],Diameter [mym],Perimeter [mym],Volume [mym^3] ,Irregularity [-],Diameter Ratio [-]
175986.0,473.36279376368645,1487.1130753707378,894417.0548889601,1067.1490822608548,3352.5477171157913,636317559.5221403,1.4148998029553983,1.218239365346089
1468.5,43.24063218135908,135.8444523975361,7463.385980160002,97.48168118965592,306.24773348500537,485028.9418088699,1.1553899681062678,1.0505237724488925
