Area [-],Diameter [-],Perimeter [-],Area [mym^2],Diameter [mym],Perimeter [mym],Volume [mym^3] ,Irregularity [-],Diameter Ratio [-]
173108.0,469.47625191271874,1474.9031440438682,879790.1397708798,1058.387262312033,3325.0216479324963,620772451.6274816,1.2815255765123343,1.0579707421797684
141339.5,424.2157948887518,1332.7132247592572,718332.47718272,956.352087997202,3004.468693897269,457985842.9532645,1.440236751374417,1.062714297443622
143685.0,427.7211988962809,1343.7257762371748,730253.0572416001,964.2546707917757,3029.2953899490867,469433280.8701245,1.3090749767937084,1.0158954493078978
