Area [-],Diameter [-],Perimeter [-],Area [mym^2],Diameter [mym],Perimeter [mym],Volume [mym^3] ,Irregularity [-],Diameter Ratio [-]
154343.0,443.3008132781387,1392.6705783249813,784420.41698048,999.377353454236,3139.6365517758377,522621333.5449469,1.5158972033397669,1.0710346408632772
