Area [-],Diameter [-],Perimeter [-],Area [mym^2],Diameter [mym],Perimeter [mym],Volume [mym^3] ,Irregularity [-],Diameter Ratio [-]
222176.0,531.8677176620889,1670.911714488789,1129169.3861273602,1199.0425826974133,3766.9033691435257,902614784.6966685,1.5603216452472481,1.0612439663213515
195904.5,499.43303494219293,1569.0151535344478,995649.2330611199,1125.9218339736797,3537.1877621280587,747348806.9884424,1.5036787281513857,1.0745102896942091
2986.0,61.6594946506959,193.70901541868537,15175.805608960003,139.00516474052884,436.69760435988434,1406343.572495818,1.5998565393364306,1.538684054072135
196460.0,500.1406211843526,1571.2381012745977,998472.4614656001,1127.5170163980044,3542.199175513453,750529793.8048433,1.6027532053105065,1.0827688437834266
