Area [-],Diameter [-],Perimeter [-],Area [mym^2],Diameter [mym],Perimeter [mym],Volume [mym^3] ,Irregularity [-],Diameter Ratio [-]
1427.5,42.632727453324456,133.93466336986,7255.0108864,96.11122077077465,301.9423051010124,464858.6353314426,1.1358141844622454,1.3102946556183193
2019.0,50.70178143635876,159.28434408438002,10261.202787839999,114.30209607012718,359.0906253038263,781917.9912338295,1.0955858056610104,1.0672769482022497
138602.0,420.0875472795915,1319.7439523981195,704419.62793472,947.0453665871111,2975.2307662863204,444744896.51239544,1.4716115831828016,1.1045316696597587
