Area [-],Diameter [-],Perimeter [-],Area [mym^2],Diameter [mym],Perimeter [mym],Volume [mym^3] ,Irregularity [-],Diameter Ratio [-]
1854.5,48.59241438446293,152.65757205041973,9425.16125312,109.54673898833322,344.1512304304662,688330.4531456588,1.1920977952201353,1.3834840351193558
2150.0,52.320789569544914,164.37060814169976,10926.986624,117.95198800558205,370.55709899464796,859239.8634741356,1.1711927614024118,1.2715763132846591
225822.0,536.2140435229051,1684.5660998832361,1147699.52251392,1208.8409397180371,3797.6858155767673,924924112.873113,1.403327686168245,1.051522147160488
195319.5,498.68678672880395,1566.6707456295105,992676.0762355197,1124.2394920014156,3531.902528947168,744003765.1126528,1.2063210166157938,1.0404156808279976
1383.5,41.970548127718054,131.8543656651759,7031.38883456,94.61840369912758,297.25248195557253,443532.5248759575,1.0930611945959086,1.0548321833560947
