Area [-],Diameter [-],Perimeter [-],Area [mym^2],Diameter [mym],Perimeter [mym],Volume [mym^3] ,Irregularity [-],Diameter Ratio [-]
200537.0,505.3035113499166,1587.4577990900248,1019193.0774963201,1139.156235987252,3578.764862268552,774013433.2699813,1.4481553781301493,1.0616102040067878
2259.5,53.63659899107232,168.5043453538945,11483.50059392,120.91834876547344,379.8761961658198,925710.6199094267,1.1299955547743348,1.3183089777396402
225167.0,535.4358304870738,1682.1212715269407,1144370.6033331198,1207.086536250059,3792.1741945303347,920902898.5091772,1.4604126441236245,1.0656999777501708
