Area [-],Diameter [-],Perimeter [-],Area [mym^2],Diameter [mym],Perimeter [mym],Volume [mym^3] ,Irregularity [-],Diameter Ratio [-]
1491.5,43.57793915472019,136.90413350705194,7580.27932544,98.2421060304012,308.6366785782979,496468.403486623,1.2512146929551962,1.443706225805199
33182.0,205.54472645485743,645.7378026147037,168641.52100351997,463.38003131983055,1455.751302214588,52096742.189623296,1.222441610347687,1.3566690591574988
131267.0,408.82066400654287,1284.3479946786563,667140.8154291201,921.6453049363503,2895.4341192035627,409911466.84777117,1.2425575682676524,1.0590591648497603
