Area [-],Diameter [-],Perimeter [-],Area [mym^2],Diameter [mym],Perimeter [mym],Volume [mym^3] ,Irregularity [-],Diameter Ratio [-]
5679.5,85.03742702083217,267.1529560088245,28865.032805119998,191.70837547576403,602.269624026294,3689112.364749461,1.091749081832587,1.1466330169267136
3910.0,70.55754119804973,221.66305308315222,19871.8686976,159.06492087688332,499.71718687065834,2107278.1480397056,1.0757353922644834,1.1725393159130375
4467.0,75.41592037714564,236.92610142055352,22702.720581119993,170.01765089823712,534.1262030424958,2573242.1481340546,1.0844565923612395,1.1327029535302433
