Area [-],Diameter [-],Perimeter [-],Area [mym^2],Diameter [mym],Perimeter [mym],Volume [mym^3] ,Irregularity [-],Diameter Ratio [-]
14173.0,134.3340019039538,422.02271350877857,72031.71228928001,302.84257389227344,951.4080053341903,14542846.101035506,1.2550773163522966,1.2633110384275046
1046.5,36.502673649547205,114.67653137380321,5318.64721024,82.29162747553922,258.52677232910196,291786.7565992573,1.3091160732557485,1.151070501911781
19251.0,156.5603221627262,491.84875795007196,97839.72999936,352.94959028364997,1108.8238399226423,23021661.74449137,1.2018470492048599,1.09262304946063
