Area [-],Diameter [-],Perimeter [-],Area [mym^2],Diameter [mym],Perimeter [mym],Volume [mym^3] ,Irregularity [-],Diameter Ratio [-]
34338,209.094475,656.8896667,174516.6822,471.3825845,1480.892065,54842749.79,1.118184658,1.087919619
4773,77.95622071,244.9066903,24257.91031,175.744504,552.1176426,2842129.609,1.191329234,1.132282874
3640,68.07783738,213.8728338,18499.64247,153.4746766,482.1549165,1892817.764,1.413221939,1.233886777
13258.5,129.9278511,408.1803827,67383.93123,292.9093476,920.2018547,13158255.56,1.144803569,1.035640055
