Area [-],Diameter [-],Perimeter [-],Area [mym^2],Diameter [mym],Perimeter [mym],Volume [mym^3] ,Irregularity [-],Diameter Ratio [-]
23354.0,172.4390800478389,541.7333470700729,118692.48633343999,388.746662059848,1221.2836576347725,30760871.91580595,1.1839980917360813,1.0498941747677235
39888.0,225.35966577982887,707.9882704293615,202723.55463168002,508.0508305340462,1596.0887568559526,68662580.19962607,1.22746894226983,1.1105577921199123
9289.5,108.75549986468405,341.6654794123772,47212.205694719996,245.17839889494374,770.2506567872631,7716942.000353463,1.499466077571506,1.3371382850436173
