Area [-],Diameter [-],Perimeter [-],Area [mym^2],Diameter [mym],Perimeter [mym],Volume [mym^3] ,Irregularity [-],Diameter Ratio [-]
5747,85.54126293,268.7358032,29208.08936,192.8442231,605.8379947,3755074.202,1.435040456,1.191694545
6543.5,91.27673833,286.7543306,33256.15673,205.7742789,646.4589629,4562174.447,1.344227246,1.335729373
1156.5,38.37318769,120.5529245,5877.70234,86.50851433,271.7745131,338980.8647,1.09196529,1.213930282
1692.5,46.42152442,145.8375201,8601.825517,104.6526847,328.7761053,600136.0888,1.076220423,1.036988603
3031.5,62.12749536,195.179283,15407.05114,140.0602255,440.0121756,1438610.038,1.351910924,1.268547453
