Area [-],Diameter [-],Perimeter [-],Area [mym^2],Diameter [mym],Perimeter [mym],Volume [mym^3] ,Irregularity [-],Diameter Ratio [-]
7225.5,95.9155479079587,301.32758067268287,36722.298535680005,216.2320112037021,679.3128978684963,5293690.978928568,1.0757371593296732,1.0630674694091309
13063.5,128.96885202500565,405.16759806366684,66392.87895936001,290.7473800051727,913.4098330747305,12869037.072289653,1.2374375972016776,1.1207580351978348
21243.5,164.46295713193726,516.6756179133472,107966.25132416002,370.76529055823937,1164.79351302385,26686759.028457392,1.571513184678092,1.3715347795215522
1145.0,38.18192345497751,119.95205022608515,5819.255667200001,86.0773282369013,270.41990202968634,333937.32010668167,1.1966373539617774,1.2995679173966135
2846.0,60.196675525449685,189.11343360128123,14464.28089856,135.70738530457376,426.33732471072835,1308606.494036312,1.124466928525637,1.2228035950516207
3261.0,64.43627980711926,202.4325432667022,16573.443432960004,145.26514919716968,456.36392554045347,1605029.1553331912,1.5588575043634856,1.1828322223532945
