Area [-],Diameter [-],Perimeter [-],Area [mym^2],Diameter [mym],Perimeter [mym],Volume [mym^3] ,Irregularity [-],Diameter Ratio [-]
14397.0,135.39139457717442,425.3446105629281,73170.15182591998,305.226359934782,958.8968900530651,14888972.7318006,1.1048242027515538,1.1026125881017632
25416.0,179.89067866064906,565.1432345295773,129172.22885376003,405.54554597256725,1274.058907923479,34923481.38332768,1.297787161842479,1.0752787964694153
7055.0,94.77713325537216,297.7511455633781,35855.76308479999,213.665569210911,671.2501825580795,5107428.019336907,1.0959925630970886,1.0587002658279654
20584.0,161.88997124228723,508.59234434463247,104614.46170623998,364.96475116861234,1146.5705810905395,25453727.323504135,1.5386553512179588,1.7441224082441358
