Area [-],Diameter [-],Perimeter [-],Area [mym^2],Diameter [mym],Perimeter [mym],Volume [mym^3] ,Irregularity [-],Diameter Ratio [-]
2553.5,57.01944560832943,179.1318714348905,12977.70248576,128.54463817941786,403.8348909628172,1112142.713621434,1.1958126101657847,1.229698686433387
4882.0,78.84133089564803,247.68734594100982,24811.88311552,177.73989637114892,558.3863526894125,2940041.022483723,1.2283622311726297,1.0907984305062908
6146.5,88.46449492149196,277.91940734889073,31238.475946239996,199.43435735101147,626.5415119273392,4153350.2499756026,1.6701736136464147,1.4561668089962834
