Area [-],Diameter [-],Perimeter [-],Area [mym^2],Diameter [mym],Perimeter [mym],Volume [mym^3] ,Irregularity [-],Diameter Ratio [-]
8719.5,105.36608662334504,331.01732367340657,44315.28365951999,237.53730568366905,746.2454544893277,7017688.720726603,1.1088874713904255,1.129004717847888
17062.0,147.39068190449268,463.0414834787443,86714.53292032,332.2775532854883,1043.8807203544811,19208861.88870524,1.0935465708186318,1.03107868019081
1477.5,43.372934271803686,136.26009167293142,7509.126854399999,97.77994302235423,307.1847506674566,489494.66398057464,1.2277730134799054,1.085335919313474
13649.5,131.82975068573333,414.1553762788738,69371.11810432002,297.1969899459172,933.6718802830931,13744591.659857752,1.5131599472350135,1.2427316987067265
7079.0,94.93820483440909,298.2571668527826,35977.73874944001,214.02868897869186,672.390956952913,5133512.171307017,1.0975846186276097,1.0692517353583255
25060.0,178.62637820619656,561.1713175099391,127362.92316159997,402.6953070280495,1265.1046181944066,34192300.96436692,1.4098214554545707,1.3143671276669984
