Area [-],Diameter [-],Perimeter [-],Area [mym^2],Diameter [mym],Perimeter [mym],Volume [mym^3] ,Irregularity [-],Diameter Ratio [-]
1517.5,43.95612595686305,138.09224238634857,7712.419628799998,99.09469035715205,311.3151512357842,509506.5566802383,1.1835465622664034,1.1633032468969675
2464.0,56.01126885036118,175.9645907385375,12522.834903039999,126.27180449625425,396.69457336095894,1054187.307077024,1.2065419246347955,1.0654433532987262
11107.0,118.91960151032063,373.59694647264894,56449.32113152,268.09234964486683,842.2369561279398,10089087.425337886,1.4664791839138964,1.0511305868001062
