Area [-],Diameter [-],Perimeter [-],Area [mym^2],Diameter [mym],Perimeter [mym],Volume [mym^3] ,Irregularity [-],Diameter Ratio [-]
3330.0,65.11441993881303,204.56298332253576,16924.1234688,146.7939483100601,461.1667896023246,1656239.2704480682,1.086749187787967,1.037085965936408
3130.0,63.12875553201615,198.32483460964795,15907.659596799998,142.3174664713772,447.1035071439903,1509291.874203777,1.0732534465950183,0.9821197880030489
1351.5,41.48232448537054,130.3205658570681,6868.75461504,93.51775231981935,293.7946836681743,428233.6618899512,1.5737765682328615,1.5781340386798486
24565.5,176.8552120696239,555.6070349869954,124849.71623808001,398.7023900897601,1252.5604996746822,33185253.51076722,1.197042705307086,1.1250152647697707
