Area [-],Diameter [-],Perimeter [-],Area [mym^2],Diameter [mym],Perimeter [mym],Volume [mym^3] ,Irregularity [-],Diameter Ratio [-]
3442.5,66.20518962098664,207.98973734281086,17495.884396800004,149.2529794815523,468.89206386563285,1740875.2499248013,1.1459713790266746,1.018190921227805
2334.5,54.5195168465774,171.27811360247253,11864.67454592,122.9087987789241,386.1293793054141,972181.9308946024,1.0855086856722422,1.1401914911299658
21912.5,167.03251636735064,524.7481263302857,111366.322976,376.55810489855526,1182.992175998996,27957261.019575328,1.218973175280414,1.1031659667815519
4470.5,75.44545966947611,237.01890184433117,22720.508698880007,170.08424427886695,534.3354123178602,2576267.034453619,1.1842660217783418,1.2965312757033176
17123.0,147.65392214397892,463.86847708124344,87024.55440127997,332.87100208138605,1045.745094731955,19311967.086160105,1.1662461877548986,1.0687304732743594
32941.0,204.79693318778237,643.3885407804568,167416.68203775998,461.69420617853655,1450.4551263354617,51530208.076312035,1.1773515713221592,1.0502168595434451
1301.5,40.70775438995394,127.88718213561695,6614.638647040001,91.77156149671217,288.30886340653484,404690.4782502402,1.1102188092188927,1.252832556457254
