Area [-],Diameter [-],Perimeter [-],Area [mym^2],Diameter [mym],Perimeter [mym],Volume [mym^3] ,Irregularity [-],Diameter Ratio [-]
5154.5,81.01180922147954,254.50610470421796,26196.81514112,182.63302270890347,573.758562445189,3189602.3563794103,1.5167868996356944,1.61326551024126
5961.0,87.11934874737244,273.6935060102724,30295.705704959997,196.40185981607644,617.0146399495582,3966755.296596441,1.542872435165958,1.6709038381512138
1625.0,45.4864184146723,142.89979792964598,8258.76896,102.54458167403723,322.1533044525939,564594.672097149,1.1454266677627964,1.0553405562019524
1204.0,39.153293754946546,123.00370002438319,6119.112509440002,88.2671854411515,277.2995413349695,360077.892404007,1.0991210679899233,1.1886556408017004
3194.5,63.77588671007623,200.3578571645504,16235.469195520001,143.77635899919585,451.6867531917624,1556184.4317169795,1.6911518826879657,1.4310658606215882
4297.5,73.9712575498035,232.38755929526118,21841.267449599993,166.760803020277,523.8945136752368,2428178.1992506217,1.3999064733531499,1.330673639173366
