Area [-],Diameter [-],Perimeter [-],Area [mym^2],Diameter [mym],Perimeter [mym],Volume [mym^3] ,Irregularity [-],Diameter Ratio [-]
5433.5,83.17539940582496,261.30322373273657,27614.782242560006,187.5106204204918,589.0819875830813,3452043.3007194703,1.0953104468285266,1.1030704052955564
5227.0,81.57955074852212,256.2897173147128,26565.283294720004,183.91293920746827,577.7795387142885,3257132.887740675,1.0837910415392271,1.0086755731656682
30575.5,197.30670465052617,619.8572938341041,155394.45559168,444.8082349641462,1397.4062832196043,46080489.00996638,1.4123851945151347,1.4589328795460352
24993.5,178.38921649398623,560.4262520171462,127024.94892415997,402.1606496640425,1263.4249425474545,34056290.65525467,1.5736301921873928,1.3462010516907446
