Area [-],Diameter [-],Perimeter [-],Area [mym^2],Diameter [mym],Perimeter [mym],Volume [mym^3] ,Irregularity [-],Diameter Ratio [-]
1649.5,45.82803322247913,143.9730125002094,8383.285784319998,103.31471809675695,324.57275938047206,577411.2050210471,1.345549878767295,1.5472152173556672
4179.5,72.94864410817114,229.1749244195668,21241.55376512,164.45542327746102,516.6519496114714,2328859.143675837,1.0809335713443726,1.0281205485983678
31977.5,201.77962618106088,633.9093912545155,162519.8673344,454.89198926258365,1429.0853316441799,49285990.49762427,1.1454936320903146,1.038753555877545
1761.5,47.35833039762898,148.7805828634694,8952.50555264,106.76462004841477,335.41094600740536,637207.235872622,1.0994763630132607,1.0859664470533745
1170.0,38.59650589548412,121.25449937548805,5946.3136512,87.0119628907794,273.35614339210025,344933.6151700996,1.1138046295304331,1.062588201209671
1140.0,38.09846559899868,119.68985963885771,5793.8440703999995,85.88918084638262,269.8288195698408,331752.3474388848,1.1519960859523757,1.352944882255568
24331.5,176.01087461496124,552.9544706422764,123660.45350784,396.79891573196863,1246.5805586159481,32712222.580556285,1.0990285767168486,1.0256647656614457
