Area [-],Diameter [-],Perimeter [-],Area [mym^2],Diameter [mym],Perimeter [mym],Volume [mym^3] ,Irregularity [-],Diameter Ratio [-]
16288.0,144.00876954076904,452.4168924417856,82780.81773567999,324.6533700527097,1019.9286423207614,17916714.302405085,1.2285422568820843,1.024593792472035
2883.0,60.58671147596207,190.33876767804685,14652.326714879997,136.58668235140888,429.09971785338877,1334208.4631429177,1.4690773072335013,1.492305696261337
