Area [-],Diameter [-],Perimeter [-],Area [mym^2],Diameter [mym],Perimeter [mym],Volume [mym^3] ,Irregularity [-],Diameter Ratio [-]
2671.5,58.32203223276764,183.22406800488994,13577.41617024,131.48118946555135,413.06033891022383,1190116.5519546438,1.2894977630452782,1.362138150176866
1019.0,36.01987085047822,113.15976164711552,5178.883427839999,81.2031968453181,255.10736665725722,280361.2602865649,1.2215065997622423,1.1104981515909276
42201.5,231.80297376681983,728.2305194661087,214481.50047103994,522.5766240599186,1641.7228830843953,74722012.29297458,1.1972572724553694,1.2573629880586443
26167.0,182.52906389691753,573.431966205178,132989.05069312,411.4935216492109,1292.7450246129533,36482755.20699826,1.1422189232842883,1.017496600603032
5507.5,83.73987576196247,263.07657850630324,27990.8738752,188.78317591776818,593.07983858461,3522804.044582628,1.3941822352781008,1.2697804013229397
7891.5,100.23856477063873,314.9087386898233,40107.123229439996,225.97782041892796,709.9302605023377,6042213.5271081375,1.5639985373883296,1.2136130780427539
