Area [-],Diameter [-],Perimeter [-],Area [mym^2],Diameter [mym],Perimeter [mym],Volume [mym^3] ,Irregularity [-],Diameter Ratio [-]
2414,55.44006007,174.1700854,12268.71894,124.9840714,392.6490406,1022262.962,1.22488367,1.208512399
1225.5,39.50132988,124.0970877,6228.382376,89.05179808,279.7644746,369765.7664,1.121334356,1.215148962
1214.5,39.32364972,123.5388891,6172.476863,88.65123592,278.5060715,364798.4684,1.101878862,1.237848374
5279,81.98433726,257.5613917,26829.5639,184.8254899,580.6464014,3305858.195,1.194688469,1.192759134
11769,122.4122388,384.56939,59813.81655,275.9661511,866.9732329,11004392.49,1.146634312,1.062946747
1170,38.5965059,121.2544994,5946.313651,87.01196289,273.3561434,344933.6152,1.104142531,1.122464307
1278.5,40.34645905,126.7521394,6497.745302,90.95705728,285.750023,394010.5278,1.176740122,1.226775134
1059,36.72003102,115.3593797,5382.176202,82.78163792,260.0661856,297030.2411,1.108555283,1.226159226
2104.5,51.76420213,162.6220371,10695.74109,116.6972173,366.6151205,832108.8148,1.255722498,1.323185411
