Area [-],Diameter [-],Perimeter [-],Area [mym^2],Diameter [mym],Perimeter [mym],Volume [mym^3] ,Irregularity [-],Diameter Ratio [-]
42028.5,231.3273615591156,726.7363396484275,213602.25922175994,521.5044038988701,1638.3544041034147,74263012.57793057,1.3084980842854173,1.0372461726661713
54059.5,262.35604275223113,824.215816535299,274747.64344192,591.4554627806299,1858.1121367971782,108333996.39988554,1.4567757422105325,1.0340837717121572
1630.0,45.55634377250127,143.1194749201011,8284.1805568,102.70222140072687,322.64854425987596,567202.497112047,1.251661125458958,1.195162111907694
