Area [-],Diameter [-],Perimeter [-],Area [mym^2],Diameter [mym],Perimeter [mym],Volume [mym^3] ,Irregularity [-],Diameter Ratio [-]
25774.0,181.1531838693543,569.1095116183645,130991.69918464002,408.39173771507234,1283.000482992441,35663951.77084344,1.5845435049180079,1.0953481041320896
1383.0,41.962963317296,131.83053728047508,7028.847674879999,94.60130450251211,297.19876324510307,443292.10612873134,1.2960033070842685,1.1272547088815787
1435.0,42.744575640599805,134.28604481332158,7293.128281599998,96.3633713241682,302.73445942715216,468526.952476409,1.4644247069600285,1.5966799034589472
28319.5,189.88814414577715,596.5511986521732,143928.74311552,428.08383216224,1344.8650222414592,41075711.940790944,1.4114822378010174,1.0631711993669557
29784.5,194.73778066971096,611.7867811283444,151374.34097792,439.01685274179636,1379.2121193757393,44303924.5079933,1.2832099067758667,1.0388527490066315
33498.0,206.5211327432098,648.8052734371104,170247.53392127997,465.58124165629215,1462.6666084366216,52842705.487994164,1.4409430939255403,1.068614083506992
25169.0,179.01442986932452,562.3904177640351,127916.89597183999,403.5701306974052,1267.852957807241,34415625.617174566,1.2745740238850505,1.0688881626412705
1047.5,36.5201098452631,114.73130879817083,5323.729529599998,82.33093563516113,258.6502625545963,292205.08882700274,1.234533195004413,1.1760655405087803
25005.5,178.43203590127843,560.5607731525265,127085.93675648,402.2571817358421,1263.7282069950559,34080820.50528074,1.380649873493891,1.1270213288175417
