Area [-],Diameter [-],Perimeter [-],Area [mym^2],Diameter [mym],Perimeter [mym],Volume [mym^3] ,Irregularity [-],Diameter Ratio [-]
69063.0,296.53624176151646,931.5960786411069,351000.22195967997,668.5113034271627,2100.1901996885113,156431743.9236594,1.303259909792698,1.018838666453136
91062.5,340.5060587455761,1069.7313326579165,462808.70671999996,767.6368588360268,2411.602316344007,236846014.57900313,1.376478432094358,1.057959912904447
85906.0,330.72483476451976,1039.0027112559135,436601.72694016004,745.5860674931333,2342.3277122553313,217016109.76668313,1.3325880652403423,1.0236992782814875
