Area [-],Diameter [-],Perimeter [-],Area [mym^2],Diameter [mym],Perimeter [mym],Volume [mym^3] ,Irregularity [-],Diameter Ratio [-]
1137.0,38.0483030155601,119.53226923524198,5778.59711232,85.7760943182787,269.47354776392956,330443.6606224621,1.2579660038516132,1.435826960377597
31788.5,201.18244274243645,632.0332841508875,161559.30897536,453.54569891854874,1424.855835789761,48849686.470684946,1.6223188557754369,1.2352462460945899
30404.0,196.75257334563096,618.1164389975212,154522.83782143999,443.5590013503904,1393.4817000760117,45693330.419937514,1.4424107069572576,1.1806608738858724
1113.0,37.64459607022283,118.26398646156724,5656.62144768,84.86597738071035,266.6143310789572,320036.4718867013,1.1910034195910113,1.1075331587950281
5407.0,82.97232200187617,260.6652372523809,27480.100779519995,187.05280272102962,587.6437108617675,3426819.9132437105,1.675011660767628,1.713810139717193
1586.0,44.937266471715525,141.17458621994842,8060.5585049599995,101.30657353383548,318.2639871742517,544391.7086043422,1.1901886147700254,1.2604528148538925
28644.0,190.97296541498747,599.9592651819822,145577.95574784,430.52945323154773,1352.5481674262608,41783731.793789335,1.3555811972438299,1.0815270055883228
