Area [-],Diameter [-],Perimeter [-],Area [mym^2],Diameter [mym],Perimeter [mym],Volume [mym^3] ,Irregularity [-],Diameter Ratio [-]
54325.0,262.99950240967706,826.2373046680126,276096.9992320001,592.906078232376,1862.6693796435675,109133059.350915,1.520967833139387,1.1357356335558986
27031.0,185.51802643877005,582.822068968517,137380.17462016,418.2318388035632,1313.9140722826248,38304508.69769609,1.341956606848236,1.0495826777365687
2472.0,56.10212254973356,176.25001605303723,12563.493457920002,126.47662507611933,397.3380361899671,1059325.5011490842,1.2378241175870293,1.425970731682965
27529.0,187.21915347264633,588.1663171609657,139911.16966143998,422.06685958873385,1325.962145407681,39367912.000260346,1.2874083683508792,1.0160154077582442
1053.0,36.61586050615398,115.03211837100199,5351.68228608,82.54679592507352,259.32840765558683,294509.48368325114,1.4288838055737942,1.5591880201140724
