Area [-],Diameter [-],Perimeter [-],Area [mym^2],Diameter [mym],Perimeter [mym],Volume [mym^3] ,Irregularity [-],Diameter Ratio [-]
5275.5,81.95715477156556,257.47599533947204,26811.77578368,184.7642097170174,580.4538838933057,3302571.042521,1.1721719122408856,1.0815162276672765
13188.5,129.5844116232338,407.10143557530705,67028.16887935998,292.13509756341824,917.7694763609722,13054187.103379399,1.493273474866849,1.3459432879170274
94096.0,346.1311141769833,1087.4029654772608,478225.92249855987,780.3179838005912,2451.4412453719365,248778858.43016937,1.338725598432341,1.0200219681825666
