Area [-],Diameter [-],Perimeter [-],Area [mym^2],Diameter [mym],Perimeter [mym],Volume [mym^3] ,Irregularity [-],Diameter Ratio [-]
22917.0,170.81812154070693,536.6409557322933,116471.51277311999,385.0923732013697,1209.803370602882,29901527.509436283,1.3304608659867816,1.0693294203681938
30574.0,197.3018647675,619.8420888931448,155386.83211264,444.797323931852,1397.3720052007059,46077098.06530016,1.3876468563230093,1.084861575151469
3475.5,66.52175612329442,208.9842603408336,17663.600935680002,149.96664700435494,471.1341165123752,1765967.3375646109,1.717726024684327,1.3786871785338581
1031.5,36.24012403944446,113.85170744750157,5242.4124198399995,81.69973563452359,256.66728926964754,285535.80585871404,1.3888670973123196,1.7333473473076995
2863.5,60.38146600033108,189.693969999622,14553.221487359997,136.12397695114637,427.64608596714777,1320694.9242068802,1.3048483251749663,1.4351899722216679
20787.0,162.68629449468025,511.0940676242331,105646.17253631998,366.75998230880714,1152.210466052071,25831192.246942606,1.1110912474794075,1.0121250534543522
1075.5,37.00498791193787,116.2545981703231,5466.034471680001,83.42404474867273,262.0843661151764,303999.1362421467,1.4201197673301664,1.3436246451300877
1079.5,37.07373852933648,116.47058460487234,5486.36374912,83.57903614053616,262.5712859332242,305696.6627118853,1.2060387330459679,1.3582202240756303
23225.5,171.96402253450145,540.2409098761394,118039.40829568,387.67569240178005,1217.9191072247686,30507339.561149444,1.1511786019081878,1.0082048074262062
