Area [-],Diameter [-],Perimeter [-],Area [mym^2],Diameter [mym],Perimeter [mym],Volume [mym^3] ,Irregularity [-],Diameter Ratio [-]
1906.5,49.2689678401891,154.78302741668986,9689.441859839999,111.0719610989223,348.94285700818557,717483.5395509452,1.2172469059081372,1.140749459450839
35261.0,211.88605330909954,665.6596684740024,179207.66295295997,477.67591858003397,1500.6631566077908,57068790.011757515,1.4667364841060146,1.0479096020806142
25087.0,178.7225795996998,561.4735431010339,127500.14578432,402.9121834495632,1265.7859555669709,34247574.75206532,1.1588109629793741,1.0592078935377434
28092.5,189.12557180474712,594.1555069877625,142775.0566208,426.3646890766219,1339.4641749532118,40582828.41601632,1.2391073088500957,1.0423561344453987
33392.5,206.1956631395746,647.7827805213633,169711.34922879998,464.84750298185696,1460.3615004073613,52593264.611126386,1.4340194524203291,1.0591146964614326
42277.5,232.01160499539853,728.885953801121,214867.75674239997,523.0469623016264,1643.200494249247,74923951.6404514,1.397656371936214,1.0874283206447288
35030.0,211.19086450903302,663.4756684468555,178033.64718079998,476.10868494916406,1495.7395469465912,56508910.42396942,1.528232833603463,1.0605963058730767
1398.0,42.18991447656368,132.5435253751541,7105.08246528,95.11294319596516,298.8061236057474,450523.53661521646,1.1495660058075872,1.1584636105153898
28644.5,190.97463218754046,599.96450150239,145580.49690752,430.5332108035912,1352.5599721869878,41784825.84265124,1.44588098521034,1.0817627780759502
