Area [-],Diameter [-],Perimeter [-],Area [mym^2],Diameter [mym],Perimeter [mym],Volume [mym^3] ,Irregularity [-],Diameter Ratio [-]
28407.5,190.18294446943483,597.4773411832521,144375.98721919997,428.74843001189384,1346.9529179635233,41267318.56776616,1.215579665243299,1.0861449970625918
26493.5,183.66429124476275,576.9983881013228,134648.42796416002,414.05277818219315,1300.7851661356221,37167703.78428357,1.2206969655281479,1.0482654486575518
37182.0,217.58123253705227,683.5516016974159,188970.79844351995,490.5151306315306,1540.9987308666543,61795357.256045215,1.4831406479310187,1.0882767172357843
33664.5,207.0337476203744,650.4157005693315,171093.74009472,466.7368806353721,1466.2971553635011,53237172.3653658,1.4291790988557083,1.08378814867097
32284.0,202.74433521612877,636.9401140719366,164077.59821824002,457.0668293112407,1435.9177931637737,49996285.05240977,1.288227776634952,1.0567300560405497
41831.5,230.78457490826582,725.0311250936512,212601.04230784,520.2807456731945,1634.5101684111273,73741485.88188091,1.4965100544727497,1.0788879293065525
