Area [-],Diameter [-],Perimeter [-],Area [mym^2],Diameter [mym],Perimeter [mym],Volume [mym^3] ,Irregularity [-],Diameter Ratio [-]
24449.0,176.43535254939695,554.2880074027106,124257.62603263998,397.75585878736047,1249.5868838886709,32949465.83566093,1.3669707982219976,1.127348580729714
25461.5,180.0516277856836,565.6488711183874,129403.47438464001,405.9083896800451,1275.1988150492928,35017303.937648125,1.507234647995883,1.089305484199196
23296.5,172.22666766190048,541.0660338788773,118400.25297023996,388.2677995769884,1219.779266776541,30647337.126742575,1.5334140807938044,1.1638809624720097
29503.5,193.8169830228865,608.8940100056378,149946.20923776,436.9410065267953,1372.69065615671,43678431.726149544,1.4685444867879711,1.089695411396647
31225.5,199.39293218198037,626.4113709206374,158697.96317568,449.51142631105654,1412.1817946034848,47557698.51983962,1.243219110902248,1.0475901153241234
32231.5,202.57941747900105,636.4220097205294,163810.77645183998,456.69503876465996,1434.7497787139614,49874379.26782807,1.6030054364084485,1.2095561928952785
2062.5,51.24506377219442,160.99111587946643,10482.283679999999,115.5268717680351,362.93837163866914,807323.6283570179,1.384513929364647,1.4397284540108655
