Area [-],Diameter [-],Perimeter [-],Area [mym^2],Diameter [mym],Perimeter [mym],Volume [mym^3] ,Irregularity [-],Diameter Ratio [-]
11699.0,122.0476523078452,383.4240078782078,59458.054192640004,275.1442273628062,864.3910833606317,10906360.254219862,1.3162988281437726,1.0232105659247328
9521.5,110.10517846675447,345.90561979334893,48391.303786239994,248.22111433545126,779.8096292621258,8007828.899977222,1.5042131913523482,1.4287743991312678
129815.0,406.55330708259544,1277.224882823317,659761.2877183999,916.5337754870031,2879.375775836886,403129002.6351414,1.38488720150467,1.022998096514927
64194.0,285.8921813109429,898.1567765252192,326254.40899583994,644.5153335473896,2024.8046369984543,140183979.4901735,1.2560955124801485,1.0007146584777222
79390.0,317.9347220052012,998.8213869726532,403485.33399039996,716.7520372885256,2251.7429347911493,192799290.10244024,1.4020140343117289,1.0865018889624125
