Area [-],Diameter [-],Perimeter [-],Area [mym^2],Diameter [mym],Perimeter [mym],Volume [mym^3] ,Irregularity [-],Diameter Ratio [-]
35256.0,211.87103008477325,665.6124716228256,179182.25135615995,477.6420502231128,1500.556756026498,57056651.93423292,1.7248586604755818,1.0799549005591336
31865.5,201.42595342397743,632.7982955190873,161950.64756607998,454.0946693990147,1426.5804774182304,49027283.84365029,1.3192985092160485,1.0841743859855761
1096.0,37.355997390375464,117.35732696912304,5570.222018560001,84.21536051686245,264.570357919191,312732.17030133045,1.2542545228236135,1.4156960760401103
26476.5,183.60535614785462,576.8132380338376,134562.02853503998,413.91991489972344,1300.3677638234835,37131935.59997194,1.4948034726822446,1.1608722587064007
30512.0,197.1017122933215,619.2132913506679,155071.72831232,444.346100194064,1395.9544440209456,45937011.81728854,1.3094166890302268,1.0662780131265754
26839.0,184.85798911907224,580.7485005738592,136404.36930304,416.74385067003647,1309.2394196937084,37897121.40771107,1.3879306876815136,1.121729153775216
33803.5,207.46072628441044,651.7570936035067,171800.18248575996,467.6994613355749,1469.3211918197455,53567235.203962274,1.2831180735790222,1.0749022429155415
33333.5,206.0134227773267,647.2102555381377,169411.49238656,464.4366603092053,1459.0708000851776,52453938.49467486,1.4214276394424583,1.0964409162050375
