Area [-],Diameter [-],Perimeter [-],Area [mym^2],Diameter [mym],Perimeter [mym],Volume [mym^3] ,Irregularity [-],Diameter Ratio [-]
63605.0,284.5775838727991,894.0268468711188,323260.92289279983,641.5517050828382,2015.49412358625,138259064.1790184,1.3087174789102658,1.0555773302738587
14979.5,138.10319243363048,433.863974786791,76130.60285312001,311.33983702237657,978.1029447593418,15801659.65647044,1.255559885258641,1.0698939337935578
99145.0,355.2961224989202,1116.195688291547,503886.5529472,800.9795785615657,2516.3515596844636,269068559.2149922,1.1977869541402677,1.0584666366518478
