Area [-],Diameter [-],Perimeter [-],Area [mym^2],Diameter [mym],Perimeter [mym],Volume [mym^3] ,Irregularity [-],Diameter Ratio [-]
66382.0,290.7235584857367,913.334995564273,337374.52375552006,655.4071902502449,2059.0224140000973,147411792.45107993,1.0962669929276658,1.0020791037613157
