Area [-],Diameter [-],Perimeter [-],Area [mym^2],Diameter [mym],Perimeter [mym],Volume [mym^3] ,Irregularity [-],Diameter Ratio [-]
85172.0,329.3089104536701,1034.554453842909,432871.30452992005,742.3940077267538,2332.2995607434536,214240708.39991698,1.132825518925559,1.0463075844800336
41534.5,229.96384035496237,722.4527114504458,211091.59345792,518.4304816962272,1628.697392693885,72957544.31894241,1.0860564848016812,1.0196904336726773
