Area [-],Diameter [-],Perimeter [-],Area [mym^2],Diameter [mym],Perimeter [mym],Volume [mym^3] ,Irregularity [-],Diameter Ratio [-]
10619.5,116.28055445909716,365.3061356440475,53971.69044351999,262.1428819725886,823.5461521959406,9432196.318531165,1.1669429266241225,1.238703324429593
98309.5,353.7959058880437,1111.482618808024,499640.2751219199,797.5974902340057,2505.7264158408093,265674552.97138098,1.1700027515679374,1.033563492795975
7106.5,95.12243071253191,298.83592951809436,36117.50253184,214.44400779833194,673.6957195055919,5163454.66306278,1.090250862199175,1.048307203147803
