Area [-],Diameter [-],Perimeter [-],Area [mym^2],Diameter [mym],Perimeter [mym],Volume [mym^3] ,Irregularity [-],Diameter Ratio [-]
13494.5,131.0791022109499,411.79714454506586,68583.35860352,295.5047280243655,928.3554826623964,13511137.820753803,1.0936808992144458,1.0735605972221427
5363.0,82.63403462505433,259.60247611455526,27256.47872768,186.29016765872248,585.2478221526534,3385075.99464394,1.0744738523406083,1.085971203936142
6298.5,89.55165700596736,281.33482776674,32010.98848896,201.8852555542528,634.2412357173386,4308364.39442529,1.1561383142009443,1.2462258851351176
77145.5,313.4082023469815,984.6009060680605,392078.06818688003,706.5474513710351,2219.6842826398356,184681173.21061265,1.1780094591121113,1.0036297854659357
7103.0,95.09900360284466,298.76233108240604,36099.71441408,214.391193722253,673.5297991921763,5159640.577511356,1.0830130024304767,1.125143229122112
