Area [-],Diameter [-],Perimeter [-],Area [mym^2],Diameter [mym],Perimeter [mym],Volume [mym^3] ,Irregularity [-],Diameter Ratio [-]
11697.0,122.03721954701852,383.3912323934381,59447.889553919995,275.12070774679853,864.3171943077667,10903563.632085318,1.108949376889083,1.0613461032442586
14060.5,133.79979304449148,420.3444468804091,71459.95136127996,301.63825343950157,947.6245210471943,14370036.612992147,1.218799962883351,1.0399355245094895
7252.5,96.09458776742719,301.8900509798888,36859.5211584,216.63563866288786,680.5809309290614,5323390.6046388075,1.1994115056170336,1.1324466978261847
