Area [-],Diameter [-],Perimeter [-],Area [mym^2],Diameter [mym],Perimeter [mym],Volume [mym^3] ,Irregularity [-],Diameter Ratio [-]
5736.0,85.4593589292647,268.47849419267123,29152.183848959998,192.65957877013432,605.257917307958,3744298.307046764,1.0972682472259188,1.088236574264227
81501.0,322.13397233986433,1012.0137209746154,414214.1101593598,726.2188272429901,2281.483732565173,200540056.8716193,1.1316635193640574,1.0169004642874115
66020.5,289.93087342190347,910.8447019911241,335537.26530688,653.6201610423392,2053.4082961687905,146209280.923726,1.1529824339278343,1.0258159365333386
4793.5,78.12345203386754,245.43206298267285,24362.097852159994,176.12151026515096,553.3020427881376,2860459.6446332056,1.0737059202749777,1.0418493541056957
12303.0,125.15856390545837,393.19722489923663,62527.775086079986,282.1574664684653,886.423823812839,11761785.734798903,1.1037460792227047,1.0617209440682502
