Area [-],Diameter [-],Perimeter [-],Area [mym^2],Diameter [mym],Perimeter [mym],Volume [mym^3] ,Irregularity [-],Diameter Ratio [-]
80378.0,319.9069366655292,1005.0172820608418,408506.66551808006,721.1981980187691,2265.710960677962,196409514.03353024,1.1396244521010008,1.0307491558909088
76997.0,313.1064119847649,983.6528036831966,391323.3437619201,705.8670951784541,2217.5468806233985,184148181.29116413,1.1687918856765864,1.0179192402841404
7756.5,99.3774749565428,312.2035452557785,39421.01011584,224.03657954203007,703.831672424627,5887832.178963039,1.1599781013499297,1.1457094461474444
5879.0,86.51806333649651,271.8045121807539,29878.95551744,195.04632198579773,612.7560922602916,3885186.9189692866,1.130298908161827,1.1360383948332506
