Area [-],Diameter [-],Perimeter [-],Area [mym^2],Diameter [mym],Perimeter [mym],Volume [mym^3] ,Irregularity [-],Diameter Ratio [-]
19258.5,156.59081637274306,491.9445583362379,97877.84739456001,353.01833643071194,1109.0398123132147,23035116.573764443,1.1896208093233644,1.1612322282008125
4033.0,71.65874045723181,225.12257258593715,20496.993978880004,161.5474644867834,507.51632763773677,2207491.604592621,1.0732924802126287,1.024822113596277
2570.5,57.208935051631016,179.72717007789961,13064.10191488,128.97182318039697,405.1769322236169,1123267.3614510593,1.4140837779305058,1.4929033304131363
