Area [-],Diameter [-],Perimeter [-],Area [mym^2],Diameter [mym],Perimeter [mym],Volume [mym^3] ,Irregularity [-],Diameter Ratio [-]
12806.5,127.69393967471933,401.16234279003646,65086.72288383999,287.87321760268725,904.3803855858582,12491149.559856981,1.1097828757305428,1.1387755304373912
6785.5,92.94927073840034,292.00874610828726,34486.07801727999,209.54483595264972,658.3045172265228,4817586.3738541445,1.1454876813305916,1.2429909554578893
17393.0,148.8134920011579,467.5113732258811,88396.78062847999,335.48513636741035,1053.9576398004263,19770537.335723776,1.135894757886493,1.077192935462525
66495.5,290.97199203177104,914.1154725673997,337951.3670028801,655.9672588364247,2060.781921355946,147790021.22193453,1.1587347668440897,1.062862064082262
