Area [-],Diameter [-],Perimeter [-],Area [mym^2],Diameter [mym],Perimeter [mym],Volume [mym^3] ,Irregularity [-],Diameter Ratio [-]
13938.5,133.21805205861205,418.5168536728782,70839.90839936002,300.326776560935,943.5043949201366,14183414.227634465,1.0787794212287993,1.0084990636449822
12722.5,127.27446761975911,399.84453246378723,64659.80805760002,286.92755980198496,901.409513986362,12368453.962154599,1.1600271539765372,1.0596252178130938
