Area [-],Diameter [-],Perimeter [-],Area [mym^2],Diameter [mym],Perimeter [mym],Volume [mym^3] ,Irregularity [-],Diameter Ratio [-]
3298.5,64.80571454979055,203.59315674025916,16764.030408960003,146.09800288104782,458.98041255524026,1632794.2419908077,1.088061419139009,1.0784886434537038
1666.0,46.056672497356786,144.69130396648714,8467.14405376,103.83016247804113,326.1920756620486,586096.6285512537,1.111696472978416,1.2296023651267314
