Area [-],Diameter [-],Perimeter [-],Area [mym^2],Diameter [mym],Perimeter [mym],Volume [mym^3] ,Irregularity [-],Diameter Ratio [-]
5491.0,83.6143429092209,262.6822054183462,27907.015605759996,188.50017465454758,592.1907638951196,3506984.8771819626,1.2373100506298789,1.284125378587548
2386.5,55.12337229805943,173.17518145267863,12128.955152639997,124.27013050874517,390.40612906691865,1004844.5598355265,1.126578596702741,1.1901076135442068
2534.5,56.806915302023484,178.46418778593457,12881.138417919996,128.06550985688173,402.3296649446109,1099753.0393519942,1.1106326328181104,1.2162666015829182
1250.5,39.902206088026276,125.35647750816926,6355.44035968,89.95553340484643,282.6036428944168,381138.0183851356,1.0699478248973788,1.063259679596581
4798.5,78.1641858872187,245.56003215711323,24387.509448959998,176.21334066414582,553.5905364949961,2864936.340319775,1.0860620502070248,1.092335212675804
2761.5,59.296298390254954,186.28481540789323,14034.824912639999,133.67757509099076,419.9604878555545,1250760.9074322276,1.1920779204493885,1.305275837005962
4989.0,79.70064045340995,250.38694653483415,25355.691287039994,179.67712383816738,564.4723322681301,3037225.122255884,1.074649504271306,1.0715096019309982
