Area [-],Diameter [-],Perimeter [-],Area [mym^2],Diameter [mym],Perimeter [mym],Volume [mym^3] ,Irregularity [-],Diameter Ratio [-]
5298.5,82.13561789978365,258.0366537920186,26928.669128960006,185.16653699327227,581.7178323087269,3324192.2722981083,1.177604035828326,1.1502329006902658
4233.0,73.41405173986752,230.63704561622876,21513.45785088,165.50463824235732,519.948155637226,2373718.0393013973,1.0873965911945467,1.1223596941388307
