Area [-],Diameter [-],Perimeter [-],Area [mym^2],Diameter [mym],Perimeter [mym],Volume [mym^3] ,Irregularity [-],Diameter Ratio [-]
1332.0,41.18197510546619,129.37699045165033,6769.649387519999,92.84064467776297,291.6674872742005,418999.07558651996,1.1505354373335779,1.353905628147846
5296.0,82.11623852148503,257.97577167952454,26915.96333056,185.12284812283585,581.5805796743201,3321839.8611487183,1.0850113296442612,1.1538801356928052
2426.5,55.583412591346644,174.62044065842503,12332.24792704,125.30724534593188,393.66432142035336,1030213.3444403075,1.1354170512957962,1.2304937611923723
5903.0,86.69448098103861,272.35874455681096,30000.93118208,195.44403792365344,614.0055537288746,3909002.0877969065,1.4501478865476065,1.619716735367462
3874.5,70.23650486802705,220.65448770721753,19691.44636032,158.3411765744802,497.4434770871512,2078644.5234308895,1.0660902061440616,1.1105336198969524
1349.5,41.451619577769236,130.22410354491868,6858.589976319999,93.44853117612297,293.5772190316647,427283.4394842559,1.0733937941920784,1.0437859186687417
