Area [-],Diameter [-],Perimeter [-],Area [mym^2],Diameter [mym],Perimeter [mym],Volume [mym^3] ,Irregularity [-],Diameter Ratio [-]
3603.5,67.73565308944146,212.79783013189606,18314.137813760004,152.70325632483681,479.73142824934644,1864418.9872953203,1.1006134348234264,1.1490564973572037
