Area [-],Diameter [-],Perimeter [-],Area [mym^2],Diameter [mym],Perimeter [mym],Volume [mym^3] ,Irregularity [-],Diameter Ratio [-]
4752.0,77.78453777314289,244.36733243098345,24151.181598719995,175.35746195577332,550.9017142324091,2823393.2722563427,1.3274766027355243,1.4176653720090027
5101.5,80.59424010105457,253.19427262312493,25927.452215039997,181.69165488381742,570.8011682015729,3140534.4665811434,1.107253664238421,1.0670737746539618
1566.5,44.660158383369314,140.30402548534965,7961.4532774399995,100.68186105946778,316.30139505417225,534382.6218071056,1.0818060570556558,1.061452576832029
