Area [-],Diameter [-],Perimeter [-],Area [mym^2],Diameter [mym],Perimeter [mym],Volume [mym^3] ,Irregularity [-],Diameter Ratio [-]
1384.0,41.97813156768016,131.87818974444977,7033.92999424,94.63549980617815,297.30619095988754,443772.98707104684,1.1161508845605541,1.174282871969686
1271.5,40.23585566544794,126.40466856947052,6462.169066239998,90.70771301218583,284.9666848230143,390779.0513978151,1.165277082225573,1.1368404636438396
1780.0,47.60636921283317,149.55981978312,9046.5284608,107.3237987534111,337.1676577190657,647271.8666292701,1.3895668973765765,1.5557606819483154
