Area [-],Diameter [-],Perimeter [-],Area [mym^2],Diameter [mym],Perimeter [mym],Volume [mym^3] ,Irregularity [-],Diameter Ratio [-]
41095.5,228.7453075161628,718.6245776359151,208860.45525887996,515.6834212644374,1620.067247822407,71803916.08983146,1.19811096097899,1.2624287743376796
