Area [-],Diameter [-],Perimeter [-],Area [mym^2],Diameter [mym],Perimeter [mym],Volume [mym^3] ,Irregularity [-],Diameter Ratio [-]
29310.5,193.1820066050666,606.8991727562121,148965.32160128004,435.50951569046214,1368.1934950616046,43250543.3768316,1.0949779168713443,1.0045944145102699
23365.5,172.48153113452307,541.8667110921368,118750.93300608004,388.8423637896688,1221.5843134861134,30783595.66154184,1.0889318325483726,1.0086774193366677
