Area [-],Diameter [-],Perimeter [-],Area [mym^2],Diameter [mym],Perimeter [mym],Volume [mym^3] ,Irregularity [-],Diameter Ratio [-]
31956.5,201.71335977403487,633.7012091970229,162413.13862784003,454.7425982745842,1428.6160060137684,49237448.43570281,1.103758157880031,1.0157977581020423
28610.5,190.86125849591733,599.6083275456764,145407.69804928004,430.27762115319604,1351.757013618973,41710452.276004285,1.0943778062158942,1.0321633711967482
25767.0,181.12858236399614,569.0322237098641,130956.12294911999,408.3362760813929,1282.8262451315175,35649423.71673379,1.0862259026837835,0.9998952209424238
32985.0,204.93366337205154,643.8180913228808,167640.3040896,462.002450705953,1451.4235050783025,51633487.55099092,1.1044549895334312,1.0051639379842303
35013.5,211.14112057954182,663.3193932834052,177949.78891136002,475.9965422345191,1495.387240218109,56468989.47544662,1.1195578777779318,1.0147400768997978
