Area [-],Diameter [-],Perimeter [-],Area [mym^2],Diameter [mym],Perimeter [mym],Volume [mym^3] ,Irregularity [-],Diameter Ratio [-]
67894.5,294.0169421479339,923.6814654828843,345061.5317875199,662.8317943783021,2082.3474957846142,152478502.85709825,1.2267211924770514,1.2803471573896885
69309.0,297.06389818698835,933.2537601909888,352250.47252223996,669.7008520727466,2103.9272769745653,157268294.39411446,1.2763946794011825,1.0146070897423944
