Area [-],Diameter [-],Perimeter [-],Area [mym^2],Diameter [mym],Perimeter [mym],Volume [mym^3] ,Irregularity [-],Diameter Ratio [-]
9626.5,110.71061592003291,347.80765764877657,48924.94731904,249.5860125301222,784.0975834034019,8140655.0097369915,1.0660394735921848,1.0722362126889287
11490.5,120.95519413724814,379.99194931510596,58398.39060608,272.6813896630122,856.6538505359749,10616102.869699528,1.0616122515464927,1.0562258631781538
29521.5,193.87609759818022,609.0797239211007,150037.69098624,437.0742744253375,1373.1093296077295,43718409.94950922,1.083130399764642,1.041736797327254
