Area [-],Diameter [-],Perimeter [-],Area [mym^2],Diameter [mym],Perimeter [mym],Volume [mym^3] ,Irregularity [-],Diameter Ratio [-]
178430.0,476.6383660251187,1497.4035891235558,906838.2434047997,1074.5335323670276,3375.7466513201443,649618733.9808466,1.3730651855990894,1.0931456495941025
