Area [-],Diameter [-],Perimeter [-],Area [mym^2],Diameter [mym],Perimeter [mym],Volume [mym^3] ,Irregularity [-],Diameter Ratio [-]
24409.5,176.29276975308136,553.8400703372773,124056.87441792,397.4344201313466,1248.5770545683579,32869647.965062216,1.0823133359252295,1.0153564451378831
1381.5,41.940200655834104,131.75902627045025,7021.22419584,94.54998835851241,297.03754882410306,442571.1106527851,1.0912477776225677,1.074406982245053
25492.5,180.16120307702528,565.9931120486815,129561.02628480001,406.15541621684577,1275.9748718025473,35081275.03745643,1.06785585140099,1.0403170658767813
3827.0,69.80463980067132,219.2977435842707,19450.036190719995,157.36757996663343,494.3848331363799,2040536.7503980289,1.0835604616756835,1.0763164444141238
31142.5,199.12775427326753,625.5782899507308,158276.13066880003,448.9136092336543,1410.3036968649276,47368206.049379,1.0997776723945807,1.009944837771667
