Area [-],Diameter [-],Perimeter [-],Area [mym^2],Diameter [mym],Perimeter [mym],Volume [mym^3] ,Irregularity [-],Diameter Ratio [-]
2549.0,56.96918113796204,178.97396094404775,12954.83204864,128.43132195742163,403.4788975522613,1109204.137162139,1.12687476045514,1.083335290466837
59712.5,275.7323272940596,866.238653784234,303477.99478400004,621.610958651728,1952.8484210911772,125763498.17825757,1.404411436938943,1.1162326743691169
