Area [-],Diameter [-],Perimeter [-],Area [mym^2],Diameter [mym],Perimeter [mym],Volume [mym^3] ,Irregularity [-],Diameter Ratio [-]
27076.0,185.67238328100726,583.3069952901208,137608.87899136,418.57982086870277,1315.007290182048,38400199.94543097,1.090014821056234,1.026405386249157
18852.0,154.92937712824926,486.72499301135036,95811.88457471998,349.2727877979251,1097.2728242447884,22309656.019723643,1.073913564656591,1.0218437382637306
