Area [-],Diameter [-],Perimeter [-],Area [mym^2],Diameter [mym],Perimeter [mym],Volume [mym^3] ,Irregularity [-],Diameter Ratio [-]
23554.5,173.1777146646311,544.0538361558745,119711.49136511996,390.41183993994434,1226.5149682298033,31157855.7372075,1.068957869292328,1.0197401440605938
