Area [-],Diameter [-],Perimeter [-],Area [mym^2],Diameter [mym],Perimeter [mym],Volume [mym^3] ,Irregularity [-],Diameter Ratio [-]
18471.5,153.3578959511885,481.7880392902417,93878.06205824,345.73004063235936,1086.1429557759209,21637644.139921647,1.0643707100751825,1.0210880761897863
12483.5,126.07333523271843,396.07106378067147,63445.13373055999,284.2197269486404,892.9026061871457,12021572.390079824,1.0636019947509472,1.064765522397131
