Area [-],Diameter [-],Perimeter [-],Area [mym^2],Diameter [mym],Perimeter [mym],Volume [mym^3] ,Irregularity [-],Diameter Ratio [-]
26117.5,182.35633745395472,572.8893300808854,132737.47588480002,411.10412715619555,1291.5217057343482,36379282.77635817,1.0835289990712857,0.9985504084015525
16959.0,146.9451239040058,461.64172173766656,86191.05402623996,331.2730873291907,1040.7250974853955,19035184.37828639,1.1002710464469134,1.0673981489139737
