Area [-],Diameter [-],Perimeter [-],Area [mym^2],Diameter [mym],Perimeter [mym],Volume [mym^3] ,Irregularity [-],Diameter Ratio [-]
65947.0,289.7694398252683,910.3375433898925,335163.71483392006,653.2562251420849,2052.2649578181736,145965188.77133653,1.2254171960569846,1.1558206724319204
3395.5,65.75169103641552,206.56502952110887,17257.01538688,148.23061227249516,465.6802025523878,1705345.3045287288,1.154848413329233,1.1880793309846849
