Area [-],Diameter [-],Perimeter [-],Area [mym^2],Diameter [mym],Perimeter [mym],Volume [mym^3] ,Irregularity [-],Diameter Ratio [-]
32006.5,201.87110117242136,634.1967684153608,162667.25459583997,455.0982104831067,1429.7331947155894,49353050.98051112,1.1773141627838701,1.0132633289084145
76885.5,312.8796238439559,982.9403277261098,390756.66515328,705.3558239938143,2215.940674825742,183748326.3535112,1.1655272988639482,1.0022137644265052
77483.0,314.0930111363744,986.7522963299309,393793.35097088,708.0912843058425,2224.534376846196,185894426.42671454,1.2903182733785716,1.1409723130953715
