Area [-],Diameter [-],Perimeter [-],Area [mym^2],Diameter [mym],Perimeter [mym],Volume [mym^3] ,Irregularity [-],Diameter Ratio [-]
43631.5,235.69758419659766,740.4657989808929,221749.2171558399,531.3566338128097,1669.3060972225248,78551945.05236858,1.0562004308595392,1.0097685167680033
33756.5,207.31645060595775,651.3038381919881,171561.31347583997,467.37420624607114,1468.2993728200179,53455555.1388694,1.0796322197305714,1.0078794824892563
38359.0,220.9981803013231,694.2862596913492,194952.68833024,498.21829767130276,1565.1989438481776,64752664.33755749,1.055569057601149,1.0045331581342025
