Area [-],Diameter [-],Perimeter [-],Area [mym^2],Diameter [mym],Perimeter [mym],Volume [mym^3] ,Irregularity [-],Diameter Ratio [-]
54377.5,263.12655385543343,826.6364485566287,276363.82099840004,593.1925030116892,1863.5692096260639,109291297.81327689,1.2839495720384402,1.0989533900035302
68811.0,295.9947403464651,929.8949017736732,349719.47748096,667.2905426370709,2096.3550665585685,155576333.2660151,1.337167810412446,1.1166926677923565
104515.5,364.79208823351405,1146.0281444820873,531181.14907008,822.387283713634,2583.6058489204174,291224414.89575326,1.3916147227964322,1.310132315738104
