Area [-],Diameter [-],Perimeter [-],Area [mym^2],Diameter [mym],Perimeter [mym],Volume [mym^3] ,Irregularity [-],Diameter Ratio [-]
3358.0,65.38760120405608,205.4212075785217,17066.428410880002,147.40980815442404,463.10157036501937,1677172.6252860222,1.0976482494618782,1.1490233672803194
37919.5,219.72848453622257,690.2973928034153,192719.00897151997,495.3558955384601,1556.2064423360193,63642998.18424786,1.0555225325047897,1.0012356862349936
36059.5,214.27174653550944,673.1545447878107,183265.89496191998,483.05422538965246,1517.5596057696403,59018243.28744778,1.1077008920890796,1.0033987377069793
30833.0,198.1357990945081,622.4619708484498,156703.15282688,446.67734547865905,1403.2782670807453,46663832.22189826,1.0566981210298387,1.0099698878769914
