Area [-],Diameter [-],Perimeter [-],Area [mym^2],Diameter [mym],Perimeter [mym],Volume [mym^3] ,Irregularity [-],Diameter Ratio [-]
34263.0,208.86600135316633,656.1718954357831,174135.50823167997,470.86751345057814,1479.2739210704294,54663169.17633588,1.0587545158494456,1.0191876159290794
32813.0,204.3986525919261,642.1373053864473,166766.14515968,460.79632240323815,1447.6343412632068,51230150.927296735,1.058581068731089,1.0127268324672736
