Area [-],Diameter [-],Perimeter [-],Area [mym^2],Diameter [mym],Perimeter [mym],Volume [mym^3] ,Irregularity [-],Diameter Ratio [-]
33666.5,207.03989744207843,650.4350208040178,171103.90473343997,466.7507447934216,1466.3407109005775,53241916.647597164,1.0572215021959477,1.0095677225109134
40871.5,228.12104254680935,716.6633913943009,207722.01572224,514.276078317527,1615.645949559312,71217642.41723017,1.1132088435615872,1.0038530310197504
