Area [-],Diameter [-],Perimeter [-],Area [mym^2],Diameter [mym],Perimeter [mym],Volume [mym^3] ,Irregularity [-],Diameter Ratio [-]
4525.5,75.90813895557564,238.47245169050962,23000.03626368,171.1273084614497,537.6122950910848,2623956.2002128637,1.2204201187921118,1.0661671377820592
4442.0,75.20458800973245,236.2621812076225,22575.662597120005,169.54122320914084,532.6294613144642,2551670.3009817167,1.1967004650392312,1.265351728538343
1164.0,38.497413290657974,120.94319077614115,5915.819735039998,86.78856852245933,272.6543292857326,342283.6842940241,1.2775391938257983,1.50572511922154
