Area [-],Diameter [-],Perimeter [-],Area [mym^2],Diameter [mym],Perimeter [mym],Volume [mym^3] ,Irregularity [-],Diameter Ratio [-]
49124.0,250.09322141067744,785.6910270963898,249663.85624063996,563.8101583482312,1771.261851486101,93842012.21391016,1.4868067169025343,1.2105484817810273
60603.5,277.7818798074443,872.6775129034298,308006.34133375995,626.2314698379024,1967.3641850894924,128588842.56855679,1.3698562836529993,1.0372416041217256
97850.0,352.96811393146504,1108.8820336785357,497304.949376,795.7313160470948,2499.863656724891,263814081.2291322,1.5195605600545063,1.1634801289685024
127840.0,403.44881137381384,1267.4718219115077,649723.7069823999,909.5350003611259,2857.388475317303,393964301.37657946,1.6286229893215096,1.5995462219238608
