Area [-],Diameter [-],Perimeter [-],Area [mym^2],Diameter [mym],Perimeter [mym],Volume [mym^3] ,Irregularity [-],Diameter Ratio [-]
53397.0,260.7434984236874,819.1498591191581,271380.60686592,587.8201428463609,1846.6914423982303,106348658.06243813,1.2073903235567844,1.2845544031173712
58790.5,273.5953023258122,859.52499184345,298792.09633408,616.7932495633111,1937.7131416118739,122861965.36115406,1.38988248640539,1.1443420490965819
