Area [-],Diameter [-],Perimeter [-],Area [mym^2],Diameter [mym],Perimeter [mym],Volume [mym^3] ,Irregularity [-],Diameter Ratio [-]
48405.5,248.2575210999214,779.9240044859262,246012.20978048,559.6717555676628,1758.2606757130718,91790723.55928092,1.1884915746650677,1.0409971171246544
32174.0,202.3986391068604,635.8540777146844,163518.54308863997,456.2874920025061,1433.4694327999846,49740977.28121284,1.0760954442508635,1.012929859136839
