Area [-],Diameter [-],Perimeter [-],Area [mym^2],Diameter [mym],Perimeter [mym],Volume [mym^3] ,Irregularity [-],Diameter Ratio [-]
8207.5,102.22579695660899,321.15181272624466,41713.13614719999,230.4578366589793,724.0046466100458,6408746.07783012,1.0533691470413056,1.017355727186398
45378.5,240.3699246593978,755.1443894538962,230628.02907775997,541.8899581521464,1702.3975115848634,83316675.35043956,1.1347614243898565,1.015102036353949
43161.0,234.42331793214248,736.4625734457633,219357.98589696002,528.483927946222,1660.2812255761287,77284780.00879826,1.1852489312221106,1.0232832492252792
