Area [-],Diameter [-],Perimeter [-],Area [mym^2],Diameter [mym],Perimeter [mym],Volume [mym^3] ,Irregularity [-],Diameter Ratio [-]
48633.5,248.84150658376416,781.7586489917696,247170.97859456,560.9882924424379,1762.3966982870454,92440016.81539239,1.4015868729000984,1.1875425918780114
52515.5,258.5823105155096,812.3602870637998,266900.5423500799,582.9479608261648,1831.38503115663,103726084.60425103,1.4197935545794707,1.1611021570542304
35507.5,212.62538215058848,667.9823385310111,180460.4546752,479.34266152028664,1505.8993839843113,57668263.0954476,1.2984402118313514,1.2469077509889057
