Area [-],Diameter [-],Perimeter [-],Area [mym^2],Diameter [mym],Perimeter [mym],Volume [mym^3] ,Irregularity [-],Diameter Ratio [-]
116349.5,384.8906135646384,1209.1695240103359,591325.31637632,867.6973992201208,2725.9517749289016,342060959.40849864,1.3046762873635152,1.0790676192396305
132164.5,410.21587951973584,1288.7311934850777,671702.19705472,924.7906787892924,2905.315602592759,414122620.5056624,1.230052692393448,1.0888910991081826
