Area [-],Diameter [-],Perimeter [-],Area [mym^2],Diameter [mym],Perimeter [mym],Volume [mym^3] ,Irregularity [-],Diameter Ratio [-]
124824.0,398.66132610528194,1252.4314933627186,634395.4317926399,898.7420935717475,2823.4815586369127,380105252.34778,1.5145703888921023,1.173618282149506
