Area [-],Diameter [-],Perimeter [-],Area [mym^2],Diameter [mym],Perimeter [mym],Volume [mym^3] ,Irregularity [-],Diameter Ratio [-]
10811.0,117.32430574323396,368.58517701046657,54944.95460095998,264.4959148675466,830.9384230523958,9688477.356357815,1.6015254767129912,1.9204973170471202
79466.0,318.08686496289727,999.2993581708466,403871.59026176,717.0950283723556,2252.8204730603566,193076206.31836346,1.2532152721331042,1.0085842851998914
