Area [-],Diameter [-],Perimeter [-],Area [mym^2],Diameter [mym],Perimeter [mym],Volume [mym^3] ,Irregularity [-],Diameter Ratio [-]
77484.0,314.09503798095784,986.7586638499841,393798.43329024006,708.0958536242714,2224.5487317834045,185898025.18436882,1.334925096403196,1.0355754299551394
88114.0,334.94809933002176,1052.2704881890606,447823.48808703996,755.106995129601,2372.2385885734184,225436432.29190764,1.5016676886569091,1.1736204190954886
123986.0,397.32087560752944,1248.2203439264786,630136.4481689599,895.7201819696144,2813.987943347853,376283956.0130582,1.3960571997282556,1.0387867446039762
98727.0,354.54635879256807,1113.8402361397427,501762.1434547199,799.2893112619654,2511.041428353436,267368745.37283373,1.5228260948204713,1.1038253801841411
