Area [-],Diameter [-],Perimeter [-],Area [mym^2],Diameter [mym],Perimeter [mym],Volume [mym^3] ,Irregularity [-],Diameter Ratio [-]
96054.5,349.7147235244231,1098.6612062765132,488179.64496511995,788.3968727134594,2476.8218234297715,256586203.60857832,1.4372316416063187,1.043798336683479
