Area [-],Diameter [-],Perimeter [-],Area [mym^2],Diameter [mym],Perimeter [mym],Volume [mym^3] ,Irregularity [-],Diameter Ratio [-]
109306.5,373.05945678483215,1172.0008487874277,555530.5411238399,841.0252393757256,2642.158713506377,311476804.21946925,1.4408083662070823,1.0706340476991743
58539.5,273.01063409512835,857.6882024251463,297516.43417472,615.4751735040574,1933.5722835472498,122075985.96266283,1.482435174311789,1.531995742717679
