Area [-],Diameter [-],Perimeter [-],Area [mym^2],Diameter [mym],Perimeter [mym],Volume [mym^3] ,Irregularity [-],Diameter Ratio [-]
97745.0,352.7786831713879,1108.2869193943134,496771.3058432,795.3042633415769,2498.5220310825403,263389558.29523957,1.479543376552382,1.075288863396321
111158.5,376.20658943384234,1181.8878575974306,564942.99657856,848.1201352196541,2664.4479861676473,319426353.7664033,1.5082393321769578,1.0659329144968224
