Area [-],Diameter [-],Perimeter [-],Area [mym^2],Diameter [mym],Perimeter [mym],Volume [mym^3] ,Irregularity [-],Diameter Ratio [-]
118153.0,387.8621816175092,1218.504980374877,600491.2793420799,874.3965022385127,2746.9976277571222,350044982.8542962,1.3707320684275441,1.0895755853582327
