Area [-],Diameter [-],Perimeter [-],Area [mym^2],Diameter [mym],Perimeter [mym],Volume [mym^3] ,Irregularity [-],Diameter Ratio [-]
5969.5,87.18143989575162,273.8885711058734,30338.905419519997,196.54183810098246,617.454394701081,3975242.8247495457,1.2150075884057083,1.0838173169134064
