Area [-],Diameter [-],Perimeter [-],Area [mym^2],Diameter [mym],Perimeter [mym],Volume [mym^3] ,Irregularity [-],Diameter Ratio [-]
138506.0,419.94203931386585,1319.286825641957,703931.7252761599,946.7173334291791,2974.2002197272277,444282910.5797651,1.1405440567645373,1.018237224245816
