Area [-],Diameter [-],Perimeter [-],Area [mym^2],Diameter [mym],Perimeter [mym],Volume [mym^3] ,Irregularity [-],Diameter Ratio [-]
124051.5,397.42581116947355,1248.5500087169823,630469.34008704,895.9567487004612,2814.731139651565,376582173.39980644,1.4115323617643503,1.0573971963219109
