Area [-],Diameter [-],Perimeter [-],Area [mym^2],Diameter [mym],Perimeter [mym],Volume [mym^3] ,Irregularity [-],Diameter Ratio [-]
115412.5,383.3376565858707,1204.2907657744984,586563.183136,864.196413007187,2714.9531023620293,337937199.24547255,1.5873438791812229,1.1123962465863457
