Area [-],Diameter [-],Perimeter [-],Area [mym^2],Diameter [mym],Perimeter [mym],Volume [mym^3] ,Irregularity [-],Diameter Ratio [-]
123964.0,397.28562385713093,1248.1095972864005,630024.6371430401,895.640710423516,2813.7382761224612,376183809.0634069,1.3079534452481216,1.0641949828716224
103301.0,362.66640071929334,1139.350100203584,525008.67220736,817.5951337815749,2568.5508658989597,286163023.7265757,1.2566752401423695,1.0596720948987672
