Area [-],Diameter [-],Perimeter [-],Area [mym^2],Diameter [mym],Perimeter [mym],Volume [mym^3] ,Irregularity [-],Diameter Ratio [-]
68395.0,295.09865920088737,927.0797798297058,347605.2326272001,665.2704173024805,2090.0086556480887,154167652.11094877,1.1300656673221112,1.1724892310149797
