Area [-],Diameter [-],Perimeter [-],Area [mym^2],Diameter [mym],Perimeter [mym],Volume [mym^3] ,Irregularity [-],Diameter Ratio [-]
109730.5,373.78230544470904,1174.271744826954,557685.44453248,842.654829394552,2647.278221537885,313290888.7455612,1.2931805389396742,1.0725594596609298
78275.0,315.6941959620811,991.7825668154105,397818.5479039999,711.7009953769156,2235.874618628661,188751904.34845063,1.2627728436464158,1.0137413394781514
