Area [-],Diameter [-],Perimeter [-],Area [mym^2],Diameter [mym],Perimeter [mym],Volume [mym^3] ,Irregularity [-],Diameter Ratio [-]
122952.5,395.66145266382733,1243.0071129973455,624883.8711103998,891.9791788853323,2802.235235541216,371588934.8344948,1.456900177944391,1.1301370637771035
