Area [-],Diameter [-],Perimeter [-],Area [mym^2],Diameter [mym],Perimeter [mym],Volume [mym^3] ,Irregularity [-],Diameter Ratio [-]
91915.0,342.09620394610124,1074.7269211380274,467141.38397440006,771.2216821760907,2422.864371013569,240179709.30853593,1.1070427772534763,1.1523657253082469
1307.5,40.801479197955864,128.1816273038949,6645.132563199999,91.9828547038717,288.9726605939007,407492.1753658613,1.2411720482180755,1.580143842406397
57156.0,269.7652301889236,847.492465355482,290485.04534015997,608.1587349379095,1910.5870138973985,117774011.79496865,1.0555236403655057,1.0112507559914257
47804.0,246.7102413693435,775.0630818512942,242955.19468544002,556.183568143048,1747.3022117255575,90085124.71935795,1.0555552770170864,1.0117744237905195
61191.5,279.12620371735386,876.9008310228469,310994.74511744006,629.2621136604025,1976.885233457906,130464807.09991898,1.0609967729331309,1.0031816379020722
