Area [-],Diameter [-],Perimeter [-],Area [mym^2],Diameter [mym],Perimeter [mym],Volume [mym^3] ,Irregularity [-],Diameter Ratio [-]
49175.5,250.22428185954294,786.1027656397218,249925.59568767995,564.1056210241536,1772.1900748581888,93989622.24348682,1.0552515216408913,1.003100091384786
59636.0,275.5556449972059,865.683589978419,303089.19735296,621.212646081701,1951.597085247348,125521894.85760744,1.057006998903821,1.0379028889170463
1424.5,42.58790592967961,133.79385240045465,7239.763928320001,96.0101751278697,301.6248608515849,463394.00176162465,1.1592121022159474,1.2420426630295214
1190.5,38.93316938045516,122.31215890660502,6050.501198080001,87.77093705129812,275.7405310390503,354038.7731903224,1.0954164840412202,1.1558267851317146
1247.0,39.846326208130506,125.18092568800523,6337.652241919999,89.8295578036094,282.207878871039,379538.99893648486,1.2050782614131625,1.3695183357177974
1044.5,36.46777624802309,114.56689795354569,5308.482571519999,82.21295477354326,258.27961474647344,290950.6917123442,1.172466945615923,1.3572934728394195
1651.0,45.84886572596702,144.03845974012285,8390.90926336,103.36168289262005,324.720303638133,578199.0016401097,1.2948601837271494,1.6287326536079647
1544.0,44.33826628400226,139.2927716307295,7847.10109184,99.95618751065469,314.0216243643166,522910.8721006815,1.1845190941371906,1.3366652323916255
