Area [-],Diameter [-],Perimeter [-],Area [mym^2],Diameter [mym],Perimeter [mym],Volume [mym^3] ,Irregularity [-],Diameter Ratio [-]
41321.5,229.37342445840153,720.5978652072477,210009.05943423999,517.0994480990204,1624.515827323219,72397045.81949325,1.0552674084719789,1.0021552546269874
55317.0,265.38988657466774,833.7469180000046,281138.66003712,598.2949602939309,1879.5990519392103,112135895.62933177,1.0559633598941256,1.009250512924245
40695.0,227.62794923514434,715.1142930688399,206824.9863552,513.1644487557094,1612.1536622943925,70756820.0745822,1.0699707319897809,1.0844973509995952
