Area [-],Diameter [-],Perimeter [-],Area [mym^2],Diameter [mym],Perimeter [mym],Volume [mym^3] ,Irregularity [-],Diameter Ratio [-]
1654.0,45.890502361512226,144.16926508847186,8406.156221439998,103.45554852379315,325.01519121545095,579775.6685771811,1.1238483120131255,1.1087377276939117
1044.5,36.46777624802309,114.56689795354569,5308.482571519999,82.21295477354326,258.27961474647344,290950.6917123442,1.1375528467666907,1.2067494567791675
74862.0,308.7349329084154,969.9193971316154,380472.59192831995,696.0120327487316,2186.5862888935135,176542334.74213907,1.1064586933706269,1.1025920785816308
38786.0,222.2248163056908,698.1398503512995,197122.83869695998,500.9836258795493,1573.8864786319696,65836876.31604836,1.0566586616606402,1.0424426041251504
54966.5,264.5477677767955,831.1013237711594,279357.30710144003,596.3964876760078,1873.6348243097018,111071811.17461783,1.0572102489985915,1.0092185372576299
42045.0,231.37276559351128,726.8789806293282,213686.1174912,521.6067627540118,1638.6759739307577,74306749.3267055,1.1140489707390309,1.1476413756097736
1557.0,44.52453223957157,139.87794338835994,7913.171243519999,100.37610548089015,315.34083557471865,529528.8742852734,1.2204259854931416,1.1855891795980895
56395.5,267.9645139661442,841.8353484987981,286619.94146688003,604.0992002852754,1897.8336096556902,115431251.61730309,1.055201225731274,1.0133020513810456
68352.5,295.00695920860954,926.7916958076315,347389.2340544,665.0636888398893,2089.3591990287246,154023976.97565532,1.0549960036433594,1.010145661646151
