Area [-],Diameter [-],Perimeter [-],Area [mym^2],Diameter [mym],Perimeter [mym],Volume [mym^3] ,Irregularity [-],Diameter Ratio [-]
62318.5,281.68489233286584,884.9391883801632,316722.51903615985,635.0304212752127,1995.0069062842397,134085623.12725277,1.0552368147241147,1.0011186530613143
