Area [-],Diameter [-],Perimeter [-],Area [mym^2],Diameter [mym],Perimeter [mym],Volume [mym^3] ,Irregularity [-],Diameter Ratio [-]
69067.0,296.54482904988157,931.623056403149,351020.55123712,668.530662610053,2100.251018355259,156445334.47219858,1.0554889957352585,1.021355786475921
55355.5,265.4822246753769,834.037006698839,281334.32933248003,598.5031273081697,1880.2530279018627,112252983.94975722,1.0548937316980702,1.0107198545804004
1463.5,43.16695580788517,135.61299124388728,7437.97438336,97.31558517329631,305.7259274602195,482553.8864137775,1.3155757392682825,1.64079039881715
50868.5,254.49515865996474,799.5201208203141,258529.96236415996,573.7338856830245,1802.4381603773159,98884933.2484504,1.055660012621666,1.0137717407218663
