Area [-],Diameter [-],Perimeter [-],Area [mym^2],Diameter [mym],Perimeter [mym],Volume [mym^3] ,Irregularity [-],Diameter Ratio [-]
1178.0,38.728234967501706,121.6683384604027,5986.972206080001,87.30893291073585,274.28910222513184,348477.4364527193,1.2358805336205856,1.3146136497964207
66426.5,290.82098723845615,913.6410770180648,337600.68696704,655.6268336303756,2059.7124440295256,147560046.28509334,1.0544823494407463,1.0143697083254768
41895.0,230.95967337758262,725.5812131585117,212923.76958720002,520.6754876624223,1635.7502869445486,73909458.37649107,1.061663288085431,1.0243172988159142
68185.5,294.6463557852692,925.6588267420061,346540.4867212799,664.2507444823108,2086.8052590071784,153459850.86524832,1.0575528260839517,1.038533122815899
1810.0,48.0058702240741,150.8148892251362,9198.998041599998,108.22443383315264,339.997086269147,663704.2365896264,1.4782099680832463,1.565743968030488
