Area [-],Diameter [-],Perimeter [-],Area [mym^2],Diameter [mym],Perimeter [mym],Volume [mym^3] ,Irregularity [-],Diameter Ratio [-]
1457.0,43.07098810892469,135.31149982585114,7404.939307519998,97.09923559275981,305.0462452073988,479342.6309139814,1.2993971316149662,1.543389865353743
37828.0,219.46322128831002,689.4640437325058,192253.97675007998,494.7578860723661,1554.3277401905611,63412780.75058359,1.055244854544927,0.997889298782772
87608.5,333.9859378101577,1049.2477686266889,445254.37565056,752.9378981992195,2365.4241695920073,223499262.51089227,1.0757207607428791,1.057421404356475
1296.0,40.621650015438455,127.61667726519715,6586.685890560001,91.57744779480446,287.6990372266605,402127.9221890224,1.1901442122374841,1.3359388326851398
