Area [-],Diameter [-],Perimeter [-],Area [mym^2],Diameter [mym],Perimeter [mym],Volume [mym^3] ,Irregularity [-],Diameter Ratio [-]
1253.5,39.95004091769527,125.50675505764309,6370.687317759999,90.06337224485222,282.9424286019506,382510.3889033187,1.2027505408268453,1.4701019431489135
71062.5,300.7982465835572,944.9855616795944,361162.31951999996,678.1195670979714,2130.3754502504776,163274157.17666775,1.0587169294070287,1.0437406346249796
