Area [-],Diameter [-],Perimeter [-],Area [mym^2],Diameter [mym],Perimeter [mym],Volume [mym^3] ,Irregularity [-],Diameter Ratio [-]
70824.5,300.29411272300285,943.401778446851,359952.72751232004,676.9830477227376,2126.8049693305807,162454596.33826837,1.0586497932929304,1.0407212386004276
