Area [-],Diameter [-],Perimeter [-],Area [mym^2],Diameter [mym],Perimeter [mym],Volume [mym^3] ,Irregularity [-],Diameter Ratio [-]
1464.0,43.17432910297829,135.6361551335846,7440.51554304,97.33220752975426,305.77814813315314,482801.20197568764,1.2510030175908233,1.5335148126482214
65625.5,289.0622454472694,908.1158267273112,333529.74915968004,651.6619261363242,2047.2563197740503,144899092.5074414,1.0550467825090812,0.9997846642090077
51679.0,256.5146125123644,805.8644222072764,262649.18220543995,578.2865424478744,1816.7407534240842,101257658.3028971,1.0546698578350062,1.0034004254844708
67296.5,292.7192597392079,919.6046759609382,342022.30481023993,659.9062991560703,2073.156781486339,150468448.9307699,1.0574628994414237,1.035121502664196
66625.5,291.25628111296174,915.0085930563642,338612.06851968,656.6081601410609,2062.7953721862673,148223631.54151064,1.0562172140409742,1.0334541073236434
1719.0,46.783531048861036,146.97479745209182,8736.506979839998,105.46879239655232,331.3399833759958,614285.8939518501,1.1544920782887351,1.1439120088020784
1841.5,48.42179903338786,152.12156811689266,9359.091101439999,109.1621037408696,342.9428631627228,681105.3824904285,1.2725396965732687,1.3643113177541004
2301.5,54.13280717095667,170.06322932647035,11696.95800704,122.0370004862047,383.39054419359474,951641.113328171,1.6513597234828228,2.091407667956901
53515.5,261.03266243187767,820.0582946429713,271982.86171008,588.472034186425,1848.7394194431145,106702871.92958395,1.055630167567561,1.0151986250730507
