Area [-],Diameter [-],Perimeter [-],Area [mym^2],Diameter [mym],Perimeter [mym],Volume [mym^3] ,Irregularity [-],Diameter Ratio [-]
39493.5,224.24247135633817,704.4785006358916,200718.57964416,505.53222742572876,1588.176331833554,67646473.76882716,1.0548366384376129,1.0033781675660274
63093.5,283.4310131509041,890.4247887143924,320661.31654015987,638.9668760473982,2007.373643677726,136594639.79927456,1.055408100939939,1.010398374121494
65790.5,289.42540708773083,909.2567326690504,334368.33185407997,652.4806377385804,2049.8283781291075,145445908.27182359,1.0555451511143614,1.0248638709748592
42648.5,233.02737333548947,732.0770841560998,216753.29722496,525.3369104475274,1650.3945785215112,75912338.3289834,1.0992117222993187,1.075886537299619
