Area [-],Diameter [-],Perimeter [-],Area [mym^2],Diameter [mym],Perimeter [mym],Volume [mym^3] ,Irregularity [-],Diameter Ratio [-]
58585.5,273.1178781187381,858.0251194618601,297750.22086527996,615.7169444308831,1934.3318293148172,122219904.1298605,1.0561037616083768,1.003229821084354
