Area [-],Diameter [-],Perimeter [-],Area [mym^2],Diameter [mym],Perimeter [mym],Volume [mym^3] ,Irregularity [-],Diameter Ratio [-]
46318.5,242.84675384450918,762.9255778260389,235405.40927615997,547.4737218670615,1719.9394226510221,85918850.3760388,1.055215451908701,1.0161974126198583
52382.5,258.25466201424064,811.3309489392534,266224.5938752,582.2093100449041,1829.0644912886528,103332291.41137667,1.05627917240792,1.0075917660752431
60174.0,276.7958026504262,869.5796601510691,305823.48516864,624.0084574951208,1960.3803858445701,127224294.16390997,1.055523815219249,1.016736867465717
59573.5,275.4112125863437,865.2298421775141,302771.55239295994,620.8870376546532,1950.5741562049877,125324621.50091034,1.0557625500116459,1.0202925195425883
1037.5,36.34537147509613,114.18235201815402,5272.906336000001,81.93700545345672,257.4126943897264,288030.77013893233,1.2404684849645087,1.371081281429163
