Area [-],Diameter [-],Perimeter [-],Area [mym^2],Diameter [mym],Perimeter [mym],Volume [mym^3] ,Irregularity [-],Diameter Ratio [-]
1952.0,49.853421059372025,156.61914135644184,9920.687390720002,112.3895524362483,353.0821922739625,743321.077135302,1.0930717449656788,1.162728928733436
46823.0,244.16571258703488,767.0692089219457,237969.43939328,550.4471824562114,1729.2808245936342,87326404.94981007,1.0570209419609304,1.006421081421163
70391.0,299.37368754359966,940.5101774650589,357749.5420697599,674.908041198291,2120.2861440772285,160965361.78525817,1.0571798907532282,1.0416215215384286
1050.0,36.56366395715726,114.86813807613115,5336.4353280000005,82.42912402501533,258.9587304788301,293251.7930021236,1.1217454591698168,1.2570385999756089
