Area [-],Diameter [-],Perimeter [-],Area [mym^2],Diameter [mym],Perimeter [mym],Volume [mym^3] ,Irregularity [-],Diameter Ratio [-]
12929.5,128.30569236652474,403.08422055242613,65711.84816511998,289.25235287109336,908.7130668133894,12671537.795512663,1.3172016809269451,1.4811447811508534
167606.5,461.9558677564926,1451.2771604264951,851829.75981184,1041.433308270237,3271.759230465491,591415923.2292573,1.1581153649580234,1.2504515749268645
51566.5,256.2352571048445,804.9868013112713,262077.42127744,577.6567636171615,1814.7622448761301,100927196.66150492,1.087390659966031,1.1034074946231371
64914.5,287.492101503173,903.1830740474594,329916.22009472,648.1221936287532,2036.1359221325924,142550682.854331,1.056602718785782,1.012201721294205
1660.5,45.980585729552615,144.45227033571817,8439.19129728,103.65863246870342,325.65319824484305,583196.6860118852,1.1557680411321352,1.3399364126976048
