Area [-],Diameter [-],Perimeter [-],Area [mym^2],Diameter [mym],Perimeter [mym],Volume [mym^3] ,Irregularity [-],Diameter Ratio [-]
1107.0,37.542991037233904,117.94478483636148,5626.12753152,84.6369189943401,265.8947229350933,317452.0667580566,1.335702161001905,1.6022360282765855
55788.0,266.5173309968514,837.2888891140676,283532.4324556799,600.8366709993018,1887.5840716187538,113571121.89133674,1.0542948248292312,0.9980589217409749
1777.0,47.56623456817225,149.43373307829881,9031.28150272,107.23331921048751,336.8834078517168,645636.19484063,1.1991667105285986,1.3761142558491848
1218.0,39.38027127239512,123.71677092572969,6190.26498048,88.77888355648756,278.907088374965,366376.54259055783,1.3738275648332527,1.534759639617104
