Area [-],Diameter [-],Perimeter [-],Area [mym^2],Diameter [mym],Perimeter [mym],Volume [mym^3] ,Irregularity [-],Diameter Ratio [-]
57512.0,270.60405151587935,850.1277002739205,292294.35103232,610.0497737373984,1916.5278874975263,118876068.47465767,1.0540334713203852,1.0014632023500853
