Area [-],Diameter [-],Perimeter [-],Area [mym^2],Diameter [mym],Perimeter [mym],Volume [mym^3] ,Irregularity [-],Diameter Ratio [-]
47588.5,246.15352947831013,773.3141198642577,241859.95486335998,554.9285168559023,1743.3593518219825,89476657.3594399,1.0620976755034282,1.0097991010722889
7839.5,99.90776451783569,313.8694990458116,39842.84262272,225.23206432900878,707.5873986488776,5982590.461767363,1.1213203776245981,1.2811070961225797
75015.0,309.0502620097712,970.9100327198979,381250.18679039995,696.7229106748282,2188.819577763738,177083826.55728626,1.0563307828811461,1.0248617590752973
