Area [-],Diameter [-],Perimeter [-],Area [mym^2],Diameter [mym],Perimeter [mym],Volume [mym^3] ,Irregularity [-],Diameter Ratio [-]
3624.5,67.93273680555346,213.4169868865757,18420.86652032,153.14756185443972,481.1272552370962,1880740.5298887233,1.0912647856042277,1.0497215138907232
