Area [-],Diameter [-],Perimeter [-],Area [mym^2],Diameter [mym],Perimeter [mym],Volume [mym^3] ,Irregularity [-],Diameter Ratio [-]
6108.5,88.19061037896688,277.0589736821621,31045.347810559997,198.81691203834293,624.6017502690663,4114893.456567913,1.0898339121882528,1.1647172470807898
