Area [-],Diameter [-],Perimeter [-],Area [mym^2],Diameter [mym],Perimeter [mym],Volume [mym^3] ,Irregularity [-],Diameter Ratio [-]
2985.5,61.65433205223156,193.6927966372764,15173.264449280001,138.99352617855084,436.66104073907593,1405990.352963383,1.0795210587839723,1.132933618415569
8292.0,102.75068031377684,322.8007824251147,42142.59213311999,231.6411336993785,727.7220838991786,6507971.879164283,1.0931733029051942,1.1149190699496405
5965.0,87.14857362197758,273.785318661634,30316.034982399997,196.46774437338624,617.2216223907876,3970748.6742245313,1.1397571350907933,1.113873939526347
