Area [-],Diameter [-],Perimeter [-],Area [mym^2],Diameter [mym],Perimeter [mym],Volume [mym^3] ,Irregularity [-],Diameter Ratio [-]
3461,66.38284465,208.5478571,17589.9073,149.653485,470.150289,1754927.286,1.325598811,1.226040812
6470,90.76265672,285.1392956,32882.60626,204.6153333,642.8180279,4485523.626,1.090762788,1.114073515
