Area [-],Diameter [-],Perimeter [-],Area [mym^2],Diameter [mym],Perimeter [mym],Volume [mym^3] ,Irregularity [-],Diameter Ratio [-]
4033.0,71.65874045723181,225.12257258593715,20496.993978880004,161.5474644867834,507.51632763773677,2207491.604592621,1.0696125867802477,1.0767641276541529
2580.5,57.320106814180726,180.0764264704124,13114.925108479998,129.22244880188902,405.9642958348977,1129828.4922474436,1.112122390218947,1.0384244794633428
1020.0,36.03754064347158,113.2152729389739,5183.965747200001,81.24303162664233,255.23251131362278,280774.06210080016,1.4414659250565889,1.2343137583314563
