Area [-],Diameter [-],Perimeter [-],Area [mym^2],Diameter [mym],Perimeter [mym],Volume [mym^3] ,Irregularity [-],Diameter Ratio [-]
2898.5,60.74936066,190.8497452,14731.10266,136.9533587,430.2516655,1344982.658,1.077186317,1.004125794
5182.5,81.23154523,255.1964257,26339.12008,183.1283956,575.3148222,3215627.201,1.076399997,1.089444886
