Area [-],Diameter [-],Perimeter [-],Area [mym^2],Diameter [mym],Perimeter [mym],Volume [mym^3] ,Irregularity [-],Diameter Ratio [-]
2206.0,52.997796517268235,166.49748819509662,11211.59650816,119.47823246852951,375.3519373870258,893027.8226301962,1.0692316571481755,1.0943851218626024
1663.0,46.01518622036181,144.56097098345495,8451.897095679999,103.73663581518366,325.8982529851008,584514.2473079764,1.0907594096374604,1.0787896167782207
