Area [-],Diameter [-],Perimeter [-],Area [mym^2],Diameter [mym],Perimeter [mym],Volume [mym^3] ,Irregularity [-],Diameter Ratio [-]
2902,60.78602766,190.9649379,14748.89078,137.0360208,430.5113561,1347419.536,1.088280273,1.092997689
2638,57.95520614,182.0716499,13407.15847,130.6542167,410.4623274,1167801.192,1.064544507,1.021478696
4765,77.89086231,244.7013608,24217.25175,175.59716,551.6547478,2834987.087,1.110596601,1.213479036
3175,63.58093704,199.7454047,16136.36397,143.3368645,450.3060404,1541957.21,1.075338567,1.0434554
2723.5,58.88690771,184.9986767,13841.69678,132.7546447,417.0610167,1225033.026,1.05720072,1.069141988
