Area [-],Diameter [-],Perimeter [-],Area [mym^2],Diameter [mym],Perimeter [mym],Volume [mym^3] ,Irregularity [-],Diameter Ratio [-]
4159.0,72.76952154957144,228.61219430537776,21137.366218239997,164.05160938135384,515.3833308420436,2311745.964123555,1.0714042325353121,1.0873617308836194
5356.5,82.58394287858808,259.4451082518514,27223.443651839996,186.17724082548895,584.8930520429737,3378923.7499118284,1.0837695692050882,1.0833122291459474
4547.5,76.09242294527854,239.05139691873447,23111.8472896,171.54275828783594,538.9174692135949,2643113.3554568193,1.067463802728685,1.0572450005710603
4459.0,75.34835850882281,236.71384955136773,22662.062026239997,169.86533942229013,533.6477024286033,2566332.5720641664,1.0868786043693526,1.0827940443541522
3752.0,69.11725379271323,217.13825675148914,19068.862238720005,155.8179369502927,489.5164860205571,1980847.1826844607,1.074606092035924,1.0706443896328754
