Area [-],Diameter [-],Perimeter [-],Area [mym^2],Diameter [mym],Perimeter [mym],Volume [mym^3] ,Irregularity [-],Diameter Ratio [-]
4919.5,79.14355274009775,248.63680386728743,25002.470091519997,178.42122529727635,560.5268106384127,2973980.8994583352,1.0665304133494995,1.0364000693055135
7062.5,94.82749751360143,297.9093695470346,35893.88047999999,213.77911039466306,671.6068827068349,5115574.55841784,1.0684169199719007,0.9992069698366053
4935.5,79.27215004678753,249.04080422125548,25083.787201280004,178.7111350654778,561.4375890363983,2988501.388321103,1.0863733653517784,1.0799306096170762
4738.0,77.66987165532849,244.0070981976421,24080.02912768,175.09895865977256,550.0896021767644,2810925.3498358396,1.0843656954861618,1.1288964694776737
