Area [-],Diameter [-],Perimeter [-],Area [mym^2],Diameter [mym],Perimeter [mym],Volume [mym^3] ,Irregularity [-],Diameter Ratio [-]
7081.5,94.9549674110947,298.3098280405533,35990.44454784,214.06647853157187,672.5096763346234,5136231.8167612795,1.1252193621521054,1.1102971562215092
6058.0,87.8253104862466,275.9113502228349,30788.69068288,197.99337996019432,622.0145479423591,4063971.2885682364,1.1051958259118035,1.1303298303042804
3104.0,62.86601265276767,197.4994035104179,15775.519293439997,141.72513892439943,445.2426552738861,1490525.1089782182,1.0707892031165251,1.0148569023909024
