Area [-],Diameter [-],Perimeter [-],Area [mym^2],Diameter [mym],Perimeter [mym],Volume [mym^3] ,Irregularity [-],Diameter Ratio [-]
2532.5,56.78449741823731,178.3937599269229,12870.9737792,128.0149709796742,402.170892379255,1098451.5565496236,1.107554065874598,1.2093852158139051
3285.0,64.67296115421814,203.1760996479898,16695.419097599995,145.79872362606937,458.04019904642814,1622780.5298882548,1.097255400483679,1.0925341291992907
7301.5,96.41866279867084,302.9081627172558,37108.554807040004,217.36623341332353,682.8761620297814,5377431.190545444,1.077195834259456,1.099264533624128
2754.0,59.21572178231587,186.03167652834063,13996.707517439998,133.4959231860529,419.3898115654911,1245668.927737213,1.0741362894602968,1.095080296279934
