Area [-],Diameter [-],Perimeter [-],Area [mym^2],Diameter [mym],Perimeter [mym],Volume [mym^3] ,Irregularity [-],Diameter Ratio [-]
5984.0,87.28725815200758,274.2210089623428,30412.599050239995,196.78039477788587,618.2038426047055,3989735.498218522,1.0712691225807853,1.0391930610343612
6525.0,91.14761669619747,286.3486830049924,33162.133824000004,205.4831870799076,645.5444709664548,4542840.632350615,1.0694995265195142,1.0642077490990138
