Area [-],Diameter [-],Perimeter [-],Area [mym^2],Diameter [mym],Perimeter [mym],Volume [mym^3] ,Irregularity [-],Diameter Ratio [-]
12726.0,127.29197322022972,399.89952792962237,64677.59617536,286.9670244276859,901.5334957645407,12373558.21438569,1.2946502149543664,1.072870196190208
