Area [-],Diameter [-],Perimeter [-],Area [mym^2],Diameter [mym],Perimeter [mym],Volume [mym^3] ,Irregularity [-],Diameter Ratio [-]
2164.5,52.49692366776609,164.92394973071808,11000.68025472,118.34906471661188,371.8045522729309,867946.8129284078,1.0838468721446524,1.0407840788365497
1493.0,43.59984679204272,136.9729583795219,7587.902804479999,98.29149460798111,308.7918373707942,497217.53839495376,1.2070856574557975,1.1720754530263762
6497.0,90.95184067485579,285.7336344945963,33019.828881919995,205.04182961739488,644.1579056046178,4513630.751734783,1.092096738907387,1.0340108370100087
4416.0,74.98417052652165,235.5697192616447,22443.522293759997,169.0443140349904,531.0683751034518,2529299.887118449,1.0760306107907345,1.0670970676466756
