Area [-],Diameter [-],Perimeter [-],Area [mym^2],Diameter [mym],Perimeter [mym],Volume [mym^3] ,Irregularity [-],Diameter Ratio [-]
3694.5,68.58559249597585,215.46799352746095,18776.628875519997,154.61935972292795,485.751044608308,1935486.8896586287,1.0924115448176752,1.083514948330189
