Area [-],Diameter [-],Perimeter [-],Area [mym^2],Diameter [mym],Perimeter [mym],Volume [mym^3] ,Irregularity [-],Diameter Ratio [-]
3972.5,71.1192244857917,223.42763317356656,20189.513657600004,160.33117968076883,503.6952562264885,2158005.6946026683,1.0624456800457327,1.0340256263855125
5217.5,81.5053821821339,256.05670989142027,26517.001260799992,183.74573359140265,577.2542467792179,3248257.2328732293,1.1975259582908842,1.0306067863382515
