Area [-],Diameter [-],Perimeter [-],Area [mym^2],Diameter [mym],Perimeter [mym],Volume [mym^3] ,Irregularity [-],Diameter Ratio [-]
2155,52.38159237,164.5616258,10952.39822,118.0890618,370.9877291,862238.9538,1.113236195,1.202712578
1414,42.43065774,133.2998426,7186.399575,95.65567481,300.5111653,458279.9339,1.09332548,1.160751409
1608.5,45.25489816,142.1724556,8174.910691,102.0226424,320.5135839,556017.3268,1.064175636,1.038561612
