Area [-],Diameter [-],Perimeter [-],Area [mym^2],Diameter [mym],Perimeter [mym],Volume [mym^3] ,Irregularity [-],Diameter Ratio [-]
9782.5,111.604058377694,350.6144899101699,49717.7891392,251.60018920667335,790.4253060534869,8339336.769573472,1.1100599365304191,1.1733370172836408
7994.0,100.88744679400352,316.9472616874726,40628.060963840006,227.44066005240154,714.5259067482382,6160315.33484332,1.0833426258518586,1.0860353085399983
