Area [-],Diameter [-],Perimeter [-],Area [mym^2],Diameter [mym],Perimeter [mym],Volume [mym^3] ,Irregularity [-],Diameter Ratio [-]
4753.0,77.79272174262981,244.39304312940078,24156.263918079996,175.37591189658463,550.959676430921,2824284.5417652293,1.0775187793695873,1.0926472052387475
5251.5,81.77051711452428,256.8896558472279,26689.80011904001,184.34345378298354,579.1320401419906,3280059.95648088,1.0929855908180681,1.1555659610657556
4838.0,78.48524012468025,246.5686537909263,24588.261063680005,176.93712533707915,555.8643731062643,2900384.1530967816,1.0867784935758515,1.1088143239854074
4910.0,79.06709912883898,248.39661776381647,24954.188057600004,178.2488682760546,559.9853350867478,2965370.520010025,1.102126518987512,1.1506052753252258
8543.0,104.2942252987791,327.64997201048317,43418.25429247999,235.1209015135676,738.6540969004332,6805692.727595481,1.1559136104862153,1.237375478591048
6139.5,88.41410625517588,277.7611066849679,31202.899710719994,199.3207611416685,626.1846389105916,4146257.146778572,1.0763843300637126,1.104035589802444
6698.0,92.34802905658637,290.11988965766847,34041.37507328,208.18939670516832,654.0462792442479,4724702.226347013,1.1107469442152673,1.1985064707809245
4519.5,75.85780198786786,238.31431344255486,22969.542347520008,171.0138288014493,537.2557882248957,2618739.5884442846,1.072452302347033,1.0546047723976317
