Area [-],Diameter [-],Perimeter [-],Area [mym^2],Diameter [mym],Perimeter [mym],Volume [mym^3] ,Irregularity [-],Diameter Ratio [-]
6524.5,91.14412438344321,286.3377115808995,33159.592664319985,205.47531401003437,645.5197369879799,4542318.476763988,1.0761742627584452,1.077818422973354
8139.5,101.80144043367882,319.8186573913043,41367.53843072,229.50116731368553,720.9991812229564,6329265.57249599,1.1306567362176794,1.2180574960545627
7568.0,98.16250238535952,308.386596351836,38462.99291648,221.29754537755448,695.2267428155791,5674510.613527526,1.0780325581325108,1.0696548829592618
6240.0,89.13481227414694,280.02527141956534,31713.672806400005,200.94552079083687,631.2889718882682,4248480.332181499,1.0980445705566624,1.1331150806641066
10588.5,116.11070975335682,364.7725527642425,53814.138543359986,261.7599840679676,822.3432429517082,9390925.365160873,1.0707375838610453,1.0757832602270436
