Area [-],Diameter [-],Perimeter [-],Area [mym^2],Diameter [mym],Perimeter [mym],Volume [mym^3] ,Irregularity [-],Diameter Ratio [-]
5430.0,83.14860628965427,261.2190506758079,27596.994124799996,187.45021801939657,588.8922278435414,3448708.376915844,1.064108874949187,1.0436603091600083
6247.0,89.18479374848921,280.1822928521746,31749.249041919997,201.05819902659408,631.6429610059424,4255631.2218768345,1.0750870095502048,1.0630655340514692
8166.5,101.97014632763702,320.3486625883807,41504.761053439994,229.8814978810249,722.1940249392454,6360784.426772541,1.0721536378230268,1.085656719852687
6386.5,90.17507611558261,283.2933566616148,32458.232592640004,203.29069159496945,638.6565432579443,4398971.03447211,1.0850227032865232,1.1113419761530032
5232.0,81.61855976464159,256.4122677531775,26590.694891519997,184.000881133408,578.0558164227633,3261807.5266595273,1.0878421498010027,1.1007804654972526
10193.0,113.92159882781453,357.8952579626657,51804.08123648001,256.8248523974251,806.8390695510336,8869717.011428798,1.1170555518225476,1.2287209882705228
