Area [-],Diameter [-],Perimeter [-],Area [mym^2],Diameter [mym],Perimeter [mym],Volume [mym^3] ,Irregularity [-],Diameter Ratio [-]
7080.5,94.94826274,298.2887647,35985.36223,214.0513635,672.4621911,5135143.901,1.089949997,1.111578044
9838.5,111.9230417,351.6166055,50002.39902,252.3193052,792.6844755,8411047.053,1.061155339,1.066443736
10276.5,114.3872641,359.3581885,52228.4549,257.8746481,810.1371001,8978929.62,1.199366264,1.182256016
10908.5,117.8521683,370.2435062,55440.48074,265.6859282,834.6769603,9819837.057,1.069267613,1.080198163
