Area [-],Diameter [-],Perimeter [-],Area [mym^2],Diameter [mym],Perimeter [mym],Volume [mym^3] ,Irregularity [-],Diameter Ratio [-]
6880.5,93.59767458409577,294.04576686648335,34968.89835648,211.0065975823855,662.8967768238001,4919112.17560341,1.0711859792896652,1.0893934236634906
6190.0,88.77698340172782,278.9011188627311,31459.556838399993,200.13883138085518,628.754682364141,4197519.294264643,1.0706049798516841,1.0614898901768053
6327.5,89.75758028886331,281.981754839489,32158.37575040001,202.34948900321345,635.699668110144,4338153.933511182,1.0898607562716593,1.1263970805165064
5649.0,84.80878603192558,266.4346591577661,28710.02206464,191.19292723037302,600.6502956052677,3659435.439591413,1.0562490432235614,1.040363394055887
7156.0,95.45314128997968,299.87488743866874,36369.077340159994,215.1895617241302,676.0379462417347,5217497.208760016,1.073273466514955,1.0459633205347587
8597.5,104.62636850173365,328.69343065682494,43695.240697600006,235.86968515030833,741.0064700727462,6870921.777273234,1.1108218299007,1.1666648970614486
23866.5,174.3208868564572,547.6452175155035,121297.17500543999,392.98900732919714,1234.6113783669512,31778970.93148251,1.0647136678993732,1.010791945904864
