Area [-],Diameter [-],Perimeter [-],Area [mym^2],Diameter [mym],Perimeter [mym],Volume [mym^3] ,Irregularity [-],Diameter Ratio [-]
4256.0,73.6132291262437,231.2627798300294,21630.35119616,165.9536637422038,521.3588108488183,2393090.6860222085,1.0880365810163757,1.0839657615597773
7650.0,98.69286963719311,310.05279421390105,38879.743103999994,222.49320531008814,698.9830192758185,5766985.77656117,1.0816302416603958,1.1283103462534294
5522.0,83.85003736449715,263.42266138753394,28064.56750592,189.03152423452238,593.8600478320565,3536725.3150844704,1.0588917108297318,0.9979099838080643
9028.5,107.21680479123324,336.83152627350927,45885.720341759996,241.70956472135623,759.3529928309994,7394011.66048846,1.1032373467495042,1.1069115507070617
