Area [-],Diameter [-],Perimeter [-],Area [mym^2],Diameter [mym],Perimeter [mym],Volume [mym^3] ,Irregularity [-],Diameter Ratio [-]
2718.0,58.82741777938389,184.81178352537003,13813.744020479997,132.62053064184303,416.6396847795941,1221324.0414310955,1.0923667635318282,1.1219258381782948
20679.0,162.2631213356209,509.7646299365358,105097.28204544,365.80598073902377,1149.2133817289264,25630142.887758654,1.0861309361130886,1.1020655756390285
