Area [-],Diameter [-],Perimeter [-],Area [mym^2],Diameter [mym],Perimeter [mym],Volume [mym^3] ,Irregularity [-],Diameter Ratio [-]
86342.5,331.56399893730287,1041.6390232562846,438820.15934079996,747.4778792042556,2348.2710140289682,218672241.37075642,1.1315797330538986,1.029205979057493
