Area [-],Diameter [-],Perimeter [-],Area [mym^2],Diameter [mym],Perimeter [mym],Volume [mym^3] ,Irregularity [-],Diameter Ratio [-]
59393.0,274.9936658915174,863.9180805485172,301854.19374848,619.9457203858369,1947.6169207885773,124755477.06325829,1.1200842439131578,1.0845109526841812
36710.0,216.19579942086716,679.1991351975687,186571.94370560002,487.39181021440294,1531.186530389399,60622424.91859472,1.087850461754341,1.0096497898745147
33692.0,207.11829166255959,650.6813035111653,171233.50387712,466.9274767240743,1466.895930635571,53302418.597310424,1.0725627532616053,1.013691445801437
