Area [-],Diameter [-],Perimeter [-],Area [mym^2],Diameter [mym],Perimeter [mym],Volume [mym^3] ,Irregularity [-],Diameter Ratio [-]
29863.0,194.9942371569636,612.5924629446628,151773.30304767998,439.5950082466587,1381.0284484624476,44479190.93657834,1.1133644421496822,1.022615420213767
44497.0,238.02382238356003,747.773891779554,226147.96456192,536.6009051814978,1685.7814616278265,80900801.65925303,1.0935063779482996,1.0571731770074928
25817.0,181.3042341657461,569.5840501198315,131210.23891711998,408.73226550325796,1284.070282590148,35753238.80654546,1.0668682428562868,1.0314155147035722
