Area [-],Diameter [-],Perimeter [-],Area [mym^2],Diameter [mym],Perimeter [mym],Volume [mym^3] ,Irregularity [-],Diameter Ratio [-]
46387.0,243.02625940755865,763.4895111841936,235753.54815231994,547.8783992084002,1721.210754013646,86109517.71292904,1.1073310399029899,1.1233372822722258
52337.5,258.14370934147627,810.9823808376007,265995.88950399996,581.959178339424,1828.2786793602868,103199166.19827469,1.0866048385216704,1.0498451656417145
