Area [-],Diameter [-],Perimeter [-],Area [mym^2],Diameter [mym],Perimeter [mym],Volume [mym^3] ,Irregularity [-],Diameter Ratio [-]
48324.5,248.04972158733491,779.2711830637649,245600.54191231995,559.2032923464878,1756.7889550989516,91560421.09296727,1.0728247611435673,1.0119861718740613
9503.5,110.00105460126562,345.5785050224658,48299.82203776001,247.98637749309322,779.0721817226469,7985131.93380345,1.0603482019232953,1.0205433191213904
