Area [-],Diameter [-],Perimeter [-],Area [mym^2],Diameter [mym],Perimeter [mym],Volume [mym^3] ,Irregularity [-],Diameter Ratio [-]
32633.5,203.83881544768388,640.3785251268894,165853.86883455998,459.53422554525855,1443.6693470460593,50810352.77904961,1.064232680598616,1.044658596340047
