Area [-],Diameter [-],Perimeter [-],Area [mym^2],Diameter [mym],Perimeter [mym],Volume [mym^3] ,Irregularity [-],Diameter Ratio [-]
55009.0,264.6500219466013,831.4225647198202,279573.30567424,596.627009476418,1874.3590299043628,111200656.8625722,1.0911127353523067,1.055297648736976
