Area [-],Diameter [-],Perimeter [-],Area [mym^2],Diameter [mym],Perimeter [mym],Volume [mym^3] ,Irregularity [-],Diameter Ratio [-]
31275.5,199.5525078303066,626.9126926051109,158952.07914368,449.8711736526432,1413.311974208962,47671972.26593011,1.0679505492406733,1.0172761154804681
