Area [-],Diameter [-],Perimeter [-],Area [mym^2],Diameter [mym],Perimeter [mym],Volume [mym^3] ,Irregularity [-],Diameter Ratio [-]
52362.0,258.20412282034266,811.1721753789851,266120.40632832004,582.0953744861805,1828.7065521743841,103271638.38673198,1.1243766473612267,1.057163085569424
21641.5,165.9964264898074,521.493153982537,109989.01442944,374.22234387862176,1175.6541663382313,27440231.187123057,1.0711551297529942,1.0803403747524287
