Area [-],Diameter [-],Perimeter [-],Area [mym^2],Diameter [mym],Perimeter [mym],Volume [mym^3] ,Irregularity [-],Diameter Ratio [-]
21707.0,166.2474384691872,522.2817313729196,110321.90634752001,374.7882252849356,1177.43193520711,27564900.993358597,1.0756900660016857,1.005076814785455
41570.0,230.06209569296877,722.7613896985026,211272.0157952,518.6519885302288,1629.3932769363043,73051100.74198024,1.121426737167865,1.1780115593972293
