Area [-],Diameter [-],Perimeter [-],Area [mym^2],Diameter [mym],Perimeter [mym],Volume [mym^3] ,Irregularity [-],Diameter Ratio [-]
35480.0,212.54302869584683,667.723617522597,180320.6908928,479.1570038919171,1505.3161233429428,57601281.32527637,1.058409406107623,1.0302931588094366
