Area [-],Diameter [-],Perimeter [-],Area [mym^2],Diameter [mym],Perimeter [mym],Volume [mym^3] ,Irregularity [-],Diameter Ratio [-]
47702.0,246.44689643604104,774.2357593434712,242436.79811072003,555.5898833254109,1745.4370958639213,89796954.91741408,1.1021106797191689,1.0772427148344965
