Area [-],Diameter [-],Perimeter [-],Area [mym^2],Diameter [mym],Perimeter [mym],Volume [mym^3] ,Irregularity [-],Diameter Ratio [-]
27137.0,185.88141791335173,583.9636969554399,137918.90047232,419.05106854386014,1316.487758416344,38530041.743546665,1.0662335696800374,1.006017718711236
22319.0,168.5747116234938,529.593075617386,113432.28579584003,380.03482988400447,1193.9146296718352,28738812.957183894,1.1249285960047193,1.0956518119096152
28939.0,191.95384649725275,603.0407939840721,147077.23995904,432.7407515434066,1359.495165957692,42430876.90320327,1.0612141199366556,1.0039951642507792
17963.0,151.2322781091316,475.11021389329636,91293.70266368001,340.93804776922633,1071.0884662010474,20750331.17318619,1.0863930112335012,1.1034495022710344
