Area [-],Diameter [-],Perimeter [-],Area [mym^2],Diameter [mym],Perimeter [mym],Volume [mym^3] ,Irregularity [-],Diameter Ratio [-]
3672.5,68.38108092184478,214.82550146859674,18664.8178496,154.1583088302069,484.3026105108045,1918224.5028787965,1.150876346598642,1.2304822801820294
41958.0,231.1332620329622,726.1265580029986,213243.95570687996,521.0668259271099,1636.97971236196,74076234.09888344,1.0853781856385496,1.058286163164855
50791.5,254.3024701736419,798.9147720872509,258138.62377344005,573.2994887594583,1801.0734621934985,98660494.02558888,1.1248369273475187,1.056339925095879
