Area [-],Diameter [-],Perimeter [-],Area [mym^2],Diameter [mym],Perimeter [mym],Volume [mym^3] ,Irregularity [-],Diameter Ratio [-]
37928.0,219.75311022307568,690.3747566803227,192762.20868608,495.41141168690183,1556.3808514601194,63664398.61670404,1.0702405985999222,1.0130530179422006
