Area [-],Diameter [-],Perimeter [-],Area [mym^2],Diameter [mym],Perimeter [mym],Volume [mym^3] ,Irregularity [-],Diameter Ratio [-]
39421.5,224.0379715869103,703.8360456625961,200352.65265024,505.07120314553055,1586.7279813417567,67461570.21830352,1.0824669895067844,1.0194497853125408
44058.0,236.84676029437642,744.0760421673557,223916.82636288,533.9473364076422,1677.4450294620865,79706528.67554152,1.0706783140895941,1.0183197341635555
