Area [-],Diameter [-],Perimeter [-],Area [mym^2],Diameter [mym],Perimeter [mym],Volume [mym^3] ,Irregularity [-],Diameter Ratio [-]
86367.5,331.61199673702123,1041.7898127912683,438947.21732480003,747.5860854439406,2348.6109539566355,218767221.27757195,1.1296891214430547,1.029926767239946
