Area [-],Diameter [-],Perimeter [-],Area [mym^2],Diameter [mym],Perimeter [mym],Volume [mym^3] ,Irregularity [-],Diameter Ratio [-]
36989.5,217.01726691667025,681.7798514475465,187992.45196671996,489.2437265369414,1537.0044971033487,61316085.174010016,1.0687092771754814,1.0045283635596935
38075.0,220.17855405509258,691.711327897502,193509.309632,496.3705322618007,1559.3940176121284,64034879.346432954,1.0768467463325955,1.0025198360812673
39793.5,225.0925539048742,707.1491137253173,202243.27545215999,507.4486535231484,1594.1969619823553,68418718.54153986,1.2682612910141577,1.2682937975410855
