Area [-],Diameter [-],Perimeter [-],Area [mym^2],Diameter [mym],Perimeter [mym],Volume [mym^3] ,Irregularity [-],Diameter Ratio [-]
13777.0,132.44403047255975,416.0851931444164,70019.11382272,298.5818222973387,938.0224594247724,13937623.067221677,1.0645907739573768,1.045407573747895
