Area [-],Diameter [-],Perimeter [-],Area [mym^2],Diameter [mym],Perimeter [mym],Volume [mym^3] ,Irregularity [-],Diameter Ratio [-]
54283.5,262.89902781606327,825.9216544228431,275886.08297856,592.679568308533,1861.9577777308573,109008029.70804338,1.667722691864643,1.1309205061775502
84764.0,328.5192182657376,1032.073562666703,430797.7182310401,740.6137256582789,2326.7066396758155,212703135.40278402,1.6351136406241389,1.1505931856053464
