Area [-],Diameter [-],Perimeter [-],Area [mym^2],Diameter [mym],Perimeter [mym],Volume [mym^3] ,Irregularity [-],Diameter Ratio [-]
128946.0,405.19025942811146,1272.9427423254974,655344.7521945599,913.4609208547345,2869.7221182986013,399087880.5446403,1.741339645574194,1.0974021126670401
131988.0,409.94187518537876,1287.8703834812097,670805.1676876801,924.1729634179179,2903.3749925200395,413293333.1319844,1.7291224162539025,1.1526467947752015
