Area [-],Diameter [-],Perimeter [-],Area [mym^2],Diameter [mym],Perimeter [mym],Volume [mym^3] ,Irregularity [-],Diameter Ratio [-]
151043.5,438.5368367368989,1377.7041046211482,767651.30425216,988.6374447396649,3105.896133457916,505952549.257951,1.8343821630174828,1.0841764810469927
