Area [-],Diameter [-],Perimeter [-],Area [mym^2],Diameter [mym],Perimeter [mym],Volume [mym^3] ,Irregularity [-],Diameter Ratio [-]
99364.0,355.68831035481713,1117.42778277846,504999.58088703995,801.8637268638997,2519.12919349576,269960563.9965262,1.8791654896300054,1.1805322456521485
