Area [-],Diameter [-],Perimeter [-],Area [mym^2],Diameter [mym],Perimeter [mym],Volume [mym^3] ,Irregularity [-],Diameter Ratio [-]
102792.0,361.7718055382659,1136.5396465549313,522421.77165312006,815.5783584054666,2562.214979193437,284050593.9467515,1.6190816508358261,1.1360626120429078
