Area [-],Diameter [-],Perimeter [-],Area [mym^2],Diameter [mym],Perimeter [mym],Volume [mym^3] ,Irregularity [-],Diameter Ratio [-]
47223.0,245.2064253257418,770.3387044163646,240002.36713728006,552.7933652543524,1736.6515752362525,88447810.79921842,1.3830294887126722,1.032346335850032
