Area [-],Diameter [-],Perimeter [-],Area [mym^2],Diameter [mym],Perimeter [mym],Volume [mym^3] ,Irregularity [-],Diameter Ratio [-]
76892.5,312.8938665003654,982.9850723508533,390792.2413887999,705.3879326384238,2216.041547107764,183773420.82958767,1.4999243365203416,1.0416980096615904
94880.5,347.57100659324936,1091.9265209141618,482213.0020364799,783.5640772638213,2461.6391487488863,251896523.99022102,1.8258078019310182,1.152148195646554
