Area [-],Diameter [-],Perimeter [-],Area [mym^2],Diameter [mym],Perimeter [mym],Volume [mym^3] ,Irregularity [-],Diameter Ratio [-]
83384.0,325.834016330703,1023.6377519941932,423784.11751424003,734.5602064159368,2307.6889480957093,207529965.89137053,1.7424531454285124,1.1188045689239783
63297.0,283.887730384921,891.8596082215477,321695.56852991995,639.9964993797659,2010.608300774657,137256025.15008822,1.3355703610462302,1.0432329740288646
77159.5,313.436638975077,984.6902423699781,392149.22065791994,706.6115589054136,2219.885682398879,184731448.08842388,1.5448834507288844,1.0730884763860447
