Area [-],Diameter [-],Perimeter [-],Area [mym^2],Diameter [mym],Perimeter [mym],Volume [mym^3] ,Irregularity [-],Diameter Ratio [-]
180806.5,479.8020276584481,1507.3425252692673,918916.37536384,1081.6656911532054,3398.1529889670364,662640210.8466176,1.9350216693625952,1.121513585120893
