Area [-],Diameter [-],Perimeter [-],Area [mym^2],Diameter [mym],Perimeter [mym],Volume [mym^3] ,Irregularity [-],Diameter Ratio [-]
83846.0,326.7354325258656,1026.469634490743,426132.14905856,736.5923590863114,2314.073143995931,209257123.30504295,1.6318770891317247,1.2005688166402884
103928.0,363.7653631191898,1142.80259240567,528195.28644608,820.0726346159014,2576.3341643193426,288772333.4316917,1.955442307964229,1.2330108562280595
