Area [-],Diameter [-],Perimeter [-],Area [mym^2],Diameter [mym],Perimeter [mym],Volume [mym^3] ,Irregularity [-],Diameter Ratio [-]
111285.0,376.42059286900417,1182.5601692171779,565585.9099776,848.6025845638829,2665.9636454832057,319971776.66660464,1.5810815632976496,1.144257067726414
84082.5,327.1959107632525,1027.9162695384557,427334.1175872,737.6304612246765,2317.3344380474946,210143108.168591,1.484672445526228,1.0743630332729375
