Area [-],Diameter [-],Perimeter [-],Area [mym^2],Diameter [mym],Perimeter [mym],Volume [mym^3] ,Irregularity [-],Diameter Ratio [-]
107944.0,370.7270821195727,1164.6734776736296,548605.8809958398,835.7671339303646,2625.63988806743,305671176.5448238,1.8087989415156358,1.0688796513375167
