Area [-],Diameter [-],Perimeter [-],Area [mym^2],Diameter [mym],Perimeter [mym],Volume [mym^3] ,Irregularity [-],Diameter Ratio [-]
4321.5,74.17752147768896,233.0355565358067,21963.24311424,167.22580441930197,525.3553586543226,2448547.3316236525,1.205371603435628,1.150921923580915
75092.0,309.2088354061909,971.4082057371447,381641.52538112004,697.0803985397167,2189.942659013819,177356551.07465103,1.4955839262435213,1.1315474216304153
114973.0,382.6070702128175,1201.9955609921017,584329.5037772801,862.5493790877758,2709.7787927005943,336008700.4438407,1.5835377285710852,1.0984414209169064
