Area [-],Diameter [-],Perimeter [-],Area [mym^2],Diameter [mym],Perimeter [mym],Volume [mym^3] ,Irregularity [-],Diameter Ratio [-]
91112.5,340.5995273333222,1070.024972886521,463062.822688,767.8475744202416,2412.264298875373,237041110.13678077,1.5111305153993613,1.1459490136075328
66180.0,290.2808865057654,911.9443005240452,336347.8952447999,654.4092305385975,2055.8872311014075,146739444.88028422,1.3332256695403135,1.077845334345524
