Area [-],Diameter [-],Perimeter [-],Area [mym^2],Diameter [mym],Perimeter [mym],Volume [mym^3] ,Irregularity [-],Diameter Ratio [-]
81430.5,321.9946160226234,1011.57592019214,413855.80664448004,725.9046623614022,2280.49675448116,200279906.392378,1.7042726869146418,1.2080484830048985
