Area [-],Diameter [-],Perimeter [-],Area [mym^2],Diameter [mym],Perimeter [mym],Volume [mym^3] ,Irregularity [-],Diameter Ratio [-]
62220.0,281.4621901311468,884.2395487793044,316221.9105792,634.5283614316573,1993.4296387680638,133767847.1790719,1.1085290040693287,1.1559524315666427
1437.5,42.78179338873952,134.40296781746048,7305.834080000001,96.44727501557438,302.9980506476829,469751.8591546106,1.1888260147376364,1.380569789552282
