Area [-],Diameter [-],Perimeter [-],Area [mym^2],Diameter [mym],Perimeter [mym],Volume [mym^3] ,Irregularity [-],Diameter Ratio [-]
23714.5,173.76489629272655,545.898521645022,120524.66246271999,391.73558220232275,1230.6736271965376,31475865.8797147,1.0613137717720766,1.041618522962378
