Area [-],Diameter [-],Perimeter [-],Area [mym^2],Diameter [mym],Perimeter [mym],Volume [mym^3] ,Irregularity [-],Diameter Ratio [-]
24194.0,175.51284153965068,551.3898535916361,122961.63459584,395.6761499669885,1243.0532859369844,32435324.113686416,1.066164241773148,1.0460742953923452
23677.5,173.6292870470498,545.472492635045,120336.61664639998,391.42986471886906,1229.7131873964456,31402230.383084502,1.0603633810382178,1.038489694961059
2285.5,53.94431369006575,169.47105959165387,11615.64089728,121.61206078288421,382.0555567434244,941734.6845547807,1.2435887730046378,1.555628656870258
