Area [-],Diameter [-],Perimeter [-],Area [mym^2],Diameter [mym],Perimeter [mym],Volume [mym^3] ,Irregularity [-],Diameter Ratio [-]
32583.0,203.68103516553967,639.8828437516237,165597.21170687999,459.1785256771926,1442.5518829536604,50692455.68521273,1.0720015580539128,1.0166250643566628
