Area [-],Diameter [-],Perimeter [-],Area [mym^2],Diameter [mym],Perimeter [mym],Volume [mym^3] ,Irregularity [-],Diameter Ratio [-]
27915.5,188.52882673759584,592.2807770687341,141875.48609407997,425.01938699723604,1335.237783823754,40199888.086427175,1.0772862051413055,1.0131076679633915
32781.0,204.29896112306437,641.8241154002458,166603.51094015996,460.5715779558363,1446.928285758314,51155227.95112794,1.0764118646694893,1.0706319182685629
15029.0,138.3311863529868,434.58023880890397,76382.17766143999,311.8538265141734,979.7176903707931,15880049.587470321,1.0648423605374382,1.0242796514039885
