Area [-],Diameter [-],Perimeter [-],Area [mym^2],Diameter [mym],Perimeter [mym],Volume [mym^3] ,Irregularity [-],Diameter Ratio [-]
13160.5,129.4467806802746,406.66905521599983,66885.86393728001,291.82482236561106,916.79471807895,13012636.908178113,1.067284367781893,1.0129334309483373
22099.5,167.7437251251883,526.9824545390771,112316.71669631999,378.1614539222245,1188.0292455128956,28315901.923767302,1.0745270858541507,1.0397605003130879
11891.0,123.04507883879721,386.55751574034224,60433.85950976001,277.39282573418444,871.4552634850276,11175946.039623363,1.063648878951368,1.0565233589741083
8560.5,104.4009919622671,327.98538937614535,43507.19488128,235.36159627973495,739.4102618095822,6826615.224607716,1.069055416024687,1.0153160234177738
15108.5,138.69657408036872,435.7281382089589,76786.22205056001,312.67755660678324,982.3055147782769,16006218.861223334,1.0603665106224907,1.0382376129677016
