Area [-],Diameter [-],Perimeter [-],Area [mym^2],Diameter [mym],Perimeter [mym],Volume [mym^3] ,Irregularity [-],Diameter Ratio [-]
15236.0,139.28057188131064,437.5628214101106,77434.21776895999,313.9941212492267,986.4416245869533,16209259.441990564,1.0728647774917897,1.0411346299161368
32202.0,202.4866904751068,636.1306992463059,163660.84803071996,456.48599500708076,1434.093048380872,49805923.37133723,1.0669583440482997,0.9945964701921016
85632.5,330.1979486831101,1037.3474498132782,435211.7125951999,744.3982555112034,2338.596090859054,215980559.75594005,1.278077375090913,1.046628008335644
