Area [-],Diameter [-],Perimeter [-],Area [mym^2],Diameter [mym],Perimeter [mym],Volume [mym^3] ,Irregularity [-],Diameter Ratio [-]
10412.0,115.13891670405152,361.71957485973536,52917.10917632001,259.5691738176138,815.4606095637876,9157100.206475902,1.0625165678139885,1.0335341290892361
12710.0,127.21192795325413,399.64805830693723,64596.279065600014,286.78657037781613,900.9665826471594,12350230.2215945,1.0641953459023146,1.026526103700587
14620.5,136.43825989728998,428.63343496190106,74306.05020288001,307.58641311245054,966.3112157781098,15237020.969638357,1.0639196299122171,1.0251209797130232
23730.0,173.8216741277261,546.0768944743434,120603.43841279998,391.86358215354574,1231.0757509029597,31506730.264316227,1.0783146358917006,1.040574079849057
11474.5,120.87095249092573,379.7272963778932,58317.073496319994,272.49147529554295,856.0572169543224,10593936.927953895,1.0667154215627557,1.0058168713699251
