Area [-],Diameter [-],Perimeter [-],Area [mym^2],Diameter [mym],Perimeter [mym],Volume [mym^3] ,Irregularity [-],Diameter Ratio [-]
17066.5,147.41011732653445,463.1025416578501,86737.40335743997,332.32136850093923,1044.0183699134573,19216461.72264161,1.0623406398236193,1.0253905334594375
22789.0,170.34041207232542,535.1401871758757,115820.97589504001,384.0154249758504,1206.420037969294,29651360.85296768,1.079851894931625,1.0385353590697697
14692.5,136.77379870070646,429.6875612017086,74671.97719679997,308.34285179087266,968.6876379731319,15349713.598482879,1.0725466459399462,1.0357978996967248
29846.5,194.94036029498363,612.423203790868,151689.44477824,439.4735482490111,1380.6468706261328,44442332.352410376,1.0823958558063116,1.1075145837705893
9779.0,111.58409164376953,350.55176256555654,49700.001021439995,251.555176201714,790.2838935277907,8334861.6761158025,1.064092019266296,1.021651010647138
14407.0,135.43840711186576,425.4923047965411,73220.97501952,305.33234499299016,959.2298519333222,14904488.003588796,1.070397123277282,1.0483456658831625
