Area [-],Diameter [-],Perimeter [-],Area [mym^2],Diameter [mym],Perimeter [mym],Volume [mym^3] ,Irregularity [-],Diameter Ratio [-]
18426.0,153.16889975216935,481.1942902198467,93646.81652735999,345.3039676012906,1084.8044078716225,21557744.86675168,1.0620319660611723,1.0197803808002046
29330.0,193.2462570066554,607.1010213458337,149064.42682879994,435.65436179580394,1368.6485425220474,43293711.824372105,1.1163782816665793,1.0771053429540205
26512.5,183.73013751094567,577.2052502474294,134744.992032,414.2012220046759,1301.2515161578049,37207693.57244315,1.0646839952895528,1.029249772695794
24712.5,177.3835737864916,557.266932275145,125596.81718400001,399.8935287442667,1256.302572121087,33483569.61517221,1.076528572896947,1.069973885261918
22253.5,168.32717014422818,528.8154011246664,113099.39387775997,379.476772373148,1192.1614402954478,28612395.297394488,1.0689672757485356,1.0567497781529753
22678.0,169.92506111666995,533.8353236649269,115256.83844607999,383.0790577814207,1203.4783536702112,29434987.38319316,1.068038008472444,1.005358394019093
