Area [-],Diameter [-],Perimeter [-],Area [mym^2],Diameter [mym],Perimeter [mym],Volume [mym^3] ,Irregularity [-],Diameter Ratio [-]
13728.5,132.21069960444459,415.3521626032901,69772.62133376,298.05580118825986,936.3699153728571,13864089.701759273,1.059417923177999,1.0268797930560631
14161.0,134.27712088436598,421.84401651551275,71970.72445696,302.7143413217147,951.005150832572,14524380.298956847,1.0654311106349668,1.0207220350434634
20976.5,163.42615858587982,513.4184192178005,106609.27205504,368.4279319160075,1157.4504842846095,26185222.417539597,1.0921739100351309,1.0427505682146427
15779.0,141.74077316134597,445.2917716778218,80193.91718144002,319.5403990149384,1003.8657700704815,17083464.19648551,1.0776577868659376,1.09586940127587
11780.5,122.47203132451337,384.7572338793102,59872.26322047999,276.1009474179829,867.3967080575169,11020525.732822252,1.0692563327113396,1.0000690795570117
23508.5,173.0085311116379,543.5223303486828,119477.70467456001,390.03043253807647,1225.3167415380703,31066627.221916806,1.0647993101403654,1.0402171775374702
