Area [-],Diameter [-],Perimeter [-],Area [mym^2],Diameter [mym],Perimeter [mym],Volume [mym^3] ,Irregularity [-],Diameter Ratio [-]
32472.0,203.33380067426125,638.7919744247505,165033.07425792,458.3957202400546,1440.0926271431574,50433636.625259764,1.1068831976954314,1.013118729179185
30249.5,196.2520308390879,616.5439383361561,153737.61948032,442.43057832363974,1389.93665458503,45345482.59785175,1.073165833988826,1.059298026875145
28140.0,189.28539507539264,594.6576066006951,143016.46679039998,426.72499465796517,1340.596108320607,40685800.68475632,1.0736273775295924,1.0390506287413863
20803.5,162.7508490573796,511.2968717641651,105730.03080576002,366.9055141149566,1152.6676677051337,25861954.20678505,1.0699954927571393,1.0258055815810636
24393.0,176.23317569267377,553.6528500749032,123973.01614848,397.30007128156376,1248.154985208862,32836325.43518771,1.0752730502199166,1.0540760421800839
