Area [-],Diameter [-],Perimeter [-],Area [mym^2],Diameter [mym],Perimeter [mym],Volume [mym^3] ,Irregularity [-],Diameter Ratio [-]
19100.0,155.94510349620344,489.9159915069727,97072.29977599999,351.56264132184106,1104.4666112533193,22751329.405624077,1.1720688872738743,1.058064641343593
29133.0,192.59617767954146,605.058736907522,148063.20991488005,434.1888229607583,1364.0444164843175,42858260.557822295,1.0815178291009813,1.1174866015741869
16435.5,144.65935343936377,454.4607620381546,83530.45984127998,326.12004639370167,1024.5363419388157,18160638.292483643,1.0693390739153508,1.0753779334960658
27228.5,186.19452984398166,584.9473670964583,138383.93269376,419.75694808027225,1318.7053443822556,38725078.16725234,1.071450591379123,1.0480521982424849
15902.5,142.29438449970866,447.030992991366,80821.58362240001,320.7884604161432,1007.7866705997357,17284420.91908285,1.0704331785132613,1.0800613201072333
14790.5,137.22918598609198,431.11820255201394,75170.04449407998,309.3694768870457,971.9128758332602,15503544.89513965,1.1601775520346334,0.9872750826223529
16361.5,144.33332536591945,453.4365146377579,83154.36820864001,325.3850487049288,1022.2272785993614,18038125.43306394,1.0685438668492742,1.0939309105147106
