Area [-],Diameter [-],Perimeter [-],Area [mym^2],Diameter [mym],Perimeter [mym],Volume [mym^3] ,Irregularity [-],Diameter Ratio [-]
31109.5,199.02222392722513,625.2467565908732,158108.41412991995,448.6757016215363,1409.5562880584644,47292935.76134018,1.0616544878637828,1.0111739773523385
