Area [-],Diameter [-],Perimeter [-],Area [mym^2],Diameter [mym],Perimeter [mym],Volume [mym^3] ,Irregularity [-],Diameter Ratio [-]
29556.0,193.98935018240684,609.4355174077072,150213.03100415997,437.32959105121796,1373.911430443935,43795068.9464088,1.0628760164215125,1.063405711399094
