Area [-],Diameter [-],Perimeter [-],Area [mym^2],Diameter [mym],Perimeter [mym],Volume [mym^3] ,Irregularity [-],Diameter Ratio [-]
8785.5,105.76410553808306,332.26773697193727,44650.716737279996,238.43459952505444,749.0643862295354,7097517.175840001,1.2842589565755795,1.119569032260379
2413.5,55.434318262411374,174.15204700995008,12266.17777536,124.9711270907802,392.60837477923144,1021945.3744550789,1.1107454782944342,1.2485402051852628
7585.0,98.27269176539436,308.73276649865704,38549.3923456,221.54595631590504,696.0071487945726,5693641.328401987,1.1467806752194667,1.1285564537332897
4108.0,72.32197487466757,227.20618495936125,20878.167930879994,163.04266015745057,512.213623372384,2269354.6924431003,1.1463191083708075,1.123866790819283
97339.0,352.0452585179582,1105.982797891137,494707.88418303995,793.6508308028849,2493.327619565779,261750215.52440467,1.2006301758122382,1.0404339707155066
112022.5,377.6658270218458,1186.4721876837443,569334.1205055999,851.4098404380492,2674.7828999142334,323157781.7970733,1.224623631064466,1.0366467243482487
8159.5,101.92643457546507,320.21133806888173,41469.184817919995,229.78295410692843,721.8844405424869,6352607.861245229,1.1411341993247819,1.1388248344400516
