Area [-],Diameter [-],Perimeter [-],Area [mym^2],Diameter [mym],Perimeter [mym],Volume [mym^3] ,Irregularity [-],Diameter Ratio [-]
98202.0,353.60241765587864,1110.8747575992982,499093.92579072,797.1612903634128,2504.3560535318575,265238905.26391447,1.1976642354675475,1.0682181426425152
7048.5,94.73346257297786,297.61395006839086,35822.72800896,213.56711802452128,670.9408890341804,5100371.187099924,1.1575143619063286,1.0815939754771142
3790.0,69.46637945471367,218.23506736640942,19261.990374399997,156.6050058427065,491.98913587083337,2011016.0767500454,1.1444746377307013,1.2553792275459663
