Area [-],Diameter [-],Perimeter [-],Area [mym^2],Diameter [mym],Perimeter [mym],Volume [mym^3] ,Irregularity [-],Diameter Ratio [-]
171654.5,467.5011202465102,1468.698084911435,872402.98858112,1053.9345254837326,3311.032962624339,612970419.867222,1.2102263041476293,1.0588498451266042
7379.0,96.92901836189597,304.51149200540254,37502.43455744,218.51677899505827,686.4907075769795,5463274.135976502,1.147755087379627,1.1168345578822034
1343.5,41.35936808453064,129.9342869314776,6828.096060160001,93.24055940976586,292.9238564583231,424436.9975686245,1.4861008396231274,1.2661239152751071
180726.5,479.69586883939223,1507.0090175032076,918509.7898150401,1081.4263667115258,3397.401129059231,662200469.8590972,1.182530728830222,1.0462895762847562
10116.0,113.49048962155774,356.5408884473945,51412.742645759994,255.85295980283976,803.7857789158061,8769401.584999586,1.1954177061690359,1.1167339078466831
