Area [-],Diameter [-],Perimeter [-],Area [mym^2],Diameter [mym],Perimeter [mym],Volume [mym^3] ,Irregularity [-],Diameter Ratio [-]
31459.0,200.13706013086002,628.7491178181685,159884.68474623995,451.1889883590108,1417.4520112092791,48092139.44317025,1.100659462033025,1.0631017931699671
26651.0,184.20941101566126,578.7109323689041,135448.89326336002,415.28169619370675,1304.6459259324574,37499630.76131233,1.082823327016211,1.026006211940667
34856.5,210.66721195065261,661.8305654164142,177151.86477183993,474.9281626215512,1492.0308266747638,56089606.42738097,1.1016561814481753,1.0115971516840487
25137.0,178.9005937273764,562.0327909767778,127754.26175231999,403.3134984989973,1267.046723978048,34350012.170323215,1.103817822694331,1.0292663873349346
24835.0,177.8226759822767,558.6464125075986,126219.40130560001,400.8834407344446,1259.4124723571304,33732845.25522039,1.08049071131944,1.0259295205580339
