Area [-],Diameter [-],Perimeter [-],Area [mym^2],Diameter [mym],Perimeter [mym],Volume [mym^3] ,Irregularity [-],Diameter Ratio [-]
107264.0,369.55752803382654,1160.9992151498734,545149.90383104,833.1304911994586,2617.356630633875,302787338.1040613,1.27168085742392,1.0480595548966642
143576.5,427.5596771149825,1343.218340595653,729701.6255910399,963.8905360880165,3028.1514270388398,468901660.7168296,1.2183324507222895,1.0608640779629412
10889.0,117.74678510524687,369.91243507045965,55341.37551104,265.44835234126856,833.9305936228443,9793517.963803332,1.2329219361189752,1.1407761432179124
5077.5,80.40443886000816,252.5979944386113,25805.4765504,181.26376696600238,569.4569186624053,3118398.5919188964,1.2819030116721242,1.0572829044360588
