Area [-],Diameter [-],Perimeter [-],Area [mym^2],Diameter [mym],Perimeter [mym],Volume [mym^3] ,Irregularity [-],Diameter Ratio [-]
130830.5,408.140375676646,1282.2108058591293,664922.3830284799,920.1116629254307,2890.616040728821,407868559.70978326,1.1971290266529608,1.0148322867470208
98592.0,354.3038712666419,1113.078439109706,501076.03034112003,798.7426473835176,2509.324033128921,266820530.01005998,1.2063513010921467,1.0463382134724188
