Area [-],Diameter [-],Perimeter [-],Area [mym^2],Diameter [mym],Perimeter [mym],Volume [mym^3] ,Irregularity [-],Diameter Ratio [-]
9322.5,108.94850001626253,342.27180727071783,47379.92223360001,245.61349843666224,771.6175623111062,7758098.970300996,1.176187092404008,1.4410573580565222
2697.0,58.59971887433193,184.0964463180283,13707.015313919996,132.10720623029388,415.027028579363,1207196.9992518837,1.1903384744050276,1.3925196040481698
1621.5,45.43740663581127,142.7458228852368,8240.980842239998,102.43408951977293,321.80618311247787,562771.5795498305,1.1473662856742068,1.3850372942935982
126459.5,401.26454641225945,1260.6097511547948,642707.56510592,904.6107934317977,2841.9186230033692,387600133.6100567,1.2359575080080538,1.0280889458582034
155231.0,444.57423201169007,1396.6711412632499,788933.5165721598,1002.248148647154,3148.65542086387,527138104.26009065,1.2456218429958372,1.017490178195678
99536.5,355.99692125709674,1118.3973125218793,505876.28097664006,802.5594592819989,2521.3149013493244,270663863.01613384,1.2098250986360204,1.0476716882572688
