Area [-],Diameter [-],Perimeter [-],Area [mym^2],Diameter [mym],Perimeter [mym],Volume [mym^3] ,Irregularity [-],Diameter Ratio [-]
106780.5,368.72368408686884,1158.3796171318709,542692.60242048,831.250673405437,2611.4510088620896,300742394.14278203,1.16426696227966,1.013984240824435
4116.5,72.39675811735148,227.44112344518862,20921.367645439997,163.21125149975717,512.7432686948332,2276401.7309991936,1.1389170696002278,1.2017112680512214
122852.0,395.49971498068646,1242.4989990801816,624373.09801472,891.6145574524595,2801.0897435263614,371133428.98107713,1.265483194328833,1.0844606288776997
109887.5,374.04960964033256,1175.1115057241987,558483.3686719999,843.2574399731657,2649.171378504633,313963503.8226268,1.2600192499113474,1.0249725011970818
