Area [-],Diameter [-],Perimeter [-],Area [mym^2],Diameter [mym],Perimeter [mym],Volume [mym^3] ,Irregularity [-],Diameter Ratio [-]
26771.0,184.6236600550023,580.0123341076545,136058.77158656003,416.2155792279972,1307.5798060122963,37753186.949966565,1.1317702195293111,1.0149430035652283
34246.5,208.81570359714988,656.0138803749898,174051.64996224,470.75412218941466,1478.917691917377,54623687.79572903,1.191647270673901,1.0279296718034063
28260.5,189.6902373713209,595.9294561834458,143628.88627328,427.6376711299058,1343.46336601996,40947414.95525837,1.1287969076496946,1.0385352600638595
37772.5,219.30216757594744,688.9580785729142,191971.90802559996,494.3948065832159,1553.1870923347776,63273276.225151606,1.1631970495007662,1.022189883069064
26801.0,184.72707716641625,580.3372285451281,136211.24116736,416.44872276396876,1308.3122480321367,37816664.94016133,1.1202065090415871,1.0271252144274814
59731.0,275.7750373884047,866.3728315028628,303572.01769216004,621.7072442884196,1953.1509113400539,125821948.3749788,1.271278489416606,1.0885597339093374
