Area [-],Diameter [-],Perimeter [-],Area [mym^2],Diameter [mym],Perimeter [mym],Volume [mym^3] ,Irregularity [-],Diameter Ratio [-]
133968.0,413.0052727618381,1297.4943308024392,680868.16002048,931.0790869142878,2925.071219361019,422628069.82725316,1.4957703263189794,1.078899066925282
