Area [-],Diameter [-],Perimeter [-],Area [mym^2],Diameter [mym],Perimeter [mym],Volume [mym^3] ,Irregularity [-],Diameter Ratio [-]
7237.0,95.9918464519168,301.5672796178613,36780.74520832,216.40401864120122,679.8532751705064,5306334.047799034,1.1953391529398847,1.1222182366617932
107254.0,369.5403010918094,1160.9450951153885,545099.0806374399,833.091654781375,2617.234622428132,302744996.7387007,1.2531066409362517,0.9928816666410266
93823.0,345.62863568530776,1085.824382739226,476838.44931328,779.1851962889577,2447.8824884473106,247696973.81752685,1.2072683154328105,1.006639836936366
2881.5,60.57094805395052,190.2892454272599,14644.703235840003,136.55114529282605,428.98807489121475,1333167.3328850053,1.1590318522549756,1.291104608534862
