Area [-],Diameter [-],Perimeter [-],Area [mym^2],Diameter [mym],Perimeter [mym],Volume [mym^3] ,Irregularity [-],Diameter Ratio [-]
32737.5,204.16336496974031,641.3981275211079,166382.43004799998,460.26588998778254,1445.9679386835855,51053438.16291512,1.2491352241026652,1.0430907732774415
32889.5,204.63678067876052,642.8854068346598,167154.94259072,461.3331583621977,1449.320861168057,51409411.734152466,1.178520902357538,1.0170992201099573
29455.0,193.65761227014605,608.3933320196314,149699.71674880004,436.58172110181727,1371.561927705057,43570773.324430436,1.1662740980198145,1.0508530449318796
31275.0,199.5509127054853,626.9076813726907,158949.537984,449.86757760324605,1413.300676886594,47670829.07601148,1.1886141863497695,1.0799884457145201
26656.5,184.22841779767003,578.7706439356313,135476.84601983998,415.32454508306733,1304.7805396884871,37511239.62831921,1.1435529897306043,1.0467935587741284
28952.5,191.99861436725215,603.181436395579,147145.8512704,432.8416762295332,1359.8122302101933,42460571.27606769,1.2430688013834081,1.059837837428382
