Area [-],Diameter [-],Perimeter [-],Area [mym^2],Diameter [mym],Perimeter [mym],Volume [mym^3] ,Irregularity [-],Diameter Ratio [-]
41894.0,230.95691695018556,725.5725535864509,212918.68726784003,520.6692735724984,1635.730764805295,73906812.15317081,1.1207030359567418,1.0463399073647874
17252.5,148.21121835253697,465.6192747559229,87682.71475839999,334.12737065395936,1049.6920930097526,19531463.289350204,1.111269490222538,1.0891903011932427
52601.5,258.79395261942784,813.0251803426595,267337.62181504,583.4250867852381,1832.8839665644916,103980983.47226591,1.1777747454484813,1.020027187667616
25446.5,179.9985835363804,565.4822276944614,129327.23959423997,405.78880672441596,1274.8231341143937,34986364.154606186,1.157743418367824,1.0757950562681682
26225.0,182.7312427054543,574.0671296647887,133283.825216,411.94931355517616,1294.1769371162995,36604120.20382618,1.1201966984051999,1.0362683140451587
36613.0,215.90997997171996,678.3012069158748,186078.95872768,486.74745884824546,1529.162240871148,60382306.87055052,1.177956371126756,1.0584011850310995
4001.5,71.37834432275488,224.24168214976947,20336.900919040003,160.9153394412186,505.5304482384403,2181679.543046502,1.1357987932116445,1.2232206172721425
