Area [-],Diameter [-],Perimeter [-],Area [mym^2],Diameter [mym],Perimeter [mym],Volume [mym^3] ,Irregularity [-],Diameter Ratio [-]
26227.5,182.7399522806698,574.0944916023016,133296.53101439998,411.968948421542,1294.2386218682286,36609354.473494545,1.1261929898178233,1.0230730157998966
31738.0,201.02257751507562,631.5310527270464,161302.65184767995,453.1852987499865,1423.7236052678531,48733326.97783727,1.1661581306832227,1.0165540299271691
28966.0,192.04337180126453,603.3220460214659,147214.46258176002,432.94257738877076,1360.1292205507928,42490272.57269996,1.0847286138777092,1.0678416690427077
26420.5,183.41108306663307,576.2029111490817,134277.41865088002,413.4819456654176,1298.99184289449,37014192.21513047,1.1971408193363031,1.0689169949651167
31286.5,199.58759735102947,627.0229295856318,159007.98465663998,449.95027946816083,1413.5604924578483,47697124.75594946,1.1814027089959036,1.0501995830672108
31777.5,201.14763143726458,631.9239212102977,161503.4034624,453.4672203121693,1424.6092879764951,48824332.9593662,1.1775771513429598,1.044009310472524
22515.0,169.313284622655,531.9133711256907,114428.42039039999,381.69986885331343,1199.145503865757,29118208.704071656,1.1128793476669918,1.0366368376269048
46533.5,243.40972115947565,764.6941918069488,236498.10793855996,548.7428753819219,1723.926586009585,86517767.84839301,1.1740138017336323,1.0197337983235815
22377.5,168.79549138620706,530.2866756979873,113729.60147839999,380.5325557810652,1195.4782816935426,28851877.279025037,1.1727878595218906,1.064869636062643
