Area [-],Diameter [-],Perimeter [-],Area [mym^2],Diameter [mym],Perimeter [mym],Volume [mym^3] ,Irregularity [-],Diameter Ratio [-]
39674.5,224.7557392317162,706.0909792225029,201638.47944832,506.689338523981,1591.8115035592105,68112045.18176706,1.2805199086578727,1.0466740604774247
29116.5,192.54162979543247,604.8873696755363,147979.35164543998,434.06585021082293,1363.6580861965288,42821855.39041617,1.1252085699828778,1.0437153988669359
37286.5,217.88677400146995,684.5114885173975,189501.90081663997,491.20394330891384,1543.162699713621,62056053.96377882,1.2551914879048398,1.061344922380072
