Area [-],Diameter [-],Perimeter [-],Area [mym^2],Diameter [mym],Perimeter [mym],Volume [mym^3] ,Irregularity [-],Diameter Ratio [-]
29410.0,193.50962511115858,607.9284166481308,149471.01237759998,436.2480988505959,1370.513822491546,43470963.322001256,1.1761404939282025,1.0328522505887252
32071.0,202.07440570047808,634.8354684271453,162995.06419456002,455.55654021115777,1431.1730800221565,49502311.67731287,1.230795084610986,1.0645125865660616
25619.0,180.60765182176013,567.3956721453449,130203.93968383998,407.161890266976,1279.1368032844653,35342721.467919745,1.1202275428416895,1.1036254245077217
31182.5,199.25559491192263,625.9799131619599,158479.42344319998,449.20181316943837,1411.2091162323225,47459496.24048842,1.2352662642770276,1.0795668048730769
47407.0,245.6836728341138,771.8380216826101,240937.51389951995,553.8692720372261,1740.031636081276,88965256.95332412,1.1385152298720658,1.0541150265741204
30853.5,198.2016556275107,622.6688652487217,156807.34037376,446.8258124466601,1403.7446898167182,46710378.17340351,1.124967628776191,1.0219243022051379
