Area [-],Diameter [-],Perimeter [-],Area [mym^2],Diameter [mym],Perimeter [mym],Volume [mym^3] ,Irregularity [-],Diameter Ratio [-]
22347.0,168.68042004393007,529.9251684144512,113574.59073791999,380.27313894703593,1194.6632996735386,28792910.749689195,1.1057323569418334,1.054388292297709
28116.5,189.2063414887202,594.409252433565,142897.03228544,426.5467762521708,1340.036218686229,40634845.638237864,1.1198578875581582,1.0111133168603497
26389.0,183.3017139745731,575.8593180129363,134117.32559104,413.2353839842776,1298.2172465283636,36948016.35970519,1.1457889964666477,1.0491638808371058
39471.0,224.17858521777143,704.2777964123042,200604.22745855997,505.3882025149439,1587.7238642318982,67588673.28812039,1.188784636082515,1.0210688900210743
28508.5,190.52073262792788,598.5385339804434,144889.30147455996,429.5099396364006,1349.3452710055117,41487596.75353233,1.1272178632015737,1.018261883229616
