Area [-],Diameter [-],Perimeter [-],Area [mym^2],Diameter [mym],Perimeter [mym],Volume [mym^3] ,Irregularity [-],Diameter Ratio [-]
8940.5,106.69300890735401,335.18597297273374,45438.476238079995,240.52871928073887,755.6432574697309,7286172.3304091105,1.1566366462384294,1.080775263879628
239233.0,551.9066189181166,1733.8657794607366,1215858.5074508798,1244.218281689002,3908.8270132162843,1008528921.9449922,1.1706971500310537,1.0363991385985853
2161.0,52.454462690725244,164.7905546371823,10982.892136959998,118.25334068997098,371.5038263740638,865842.457088756,1.2230015514454657,1.2021715233996921
4955.5,79.4326039100765,249.5448848994042,25185.43358848,179.07286225487644,562.5739885172168,3006685.1198794786,1.1773678708406807,1.3534178095830913
4954.0,79.42058111483443,249.50711417419612,25177.810109439997,179.04575806528274,562.4888381943077,3005320.0649789493,1.3067714381886095,1.4687410746171483
14458.5,135.68026369945392,426.25211967533033,73482.71446655999,305.8775864840489,960.9427785960646,14984476.899551919,1.3846219616169029,1.2601803183337916
8644.0,104.90892538145049,329.5811092743646,43931.56854783999,236.50668137994197,743.0076527481276,6926739.656710048,1.6901566941322324,1.3227566808927607
