Area [-],Diameter [-],Perimeter [-],Area [mym^2],Diameter [mym],Perimeter [mym],Volume [mym^3] ,Irregularity [-],Diameter Ratio [-]
99572.5,356.06129327426476,1118.599543178111,506059.24447359995,802.7045795575025,2521.7708101407334,270810715.3775789,1.1893253983115295,1.004843706590253
13922.0,133.13917883854825,418.26906614416083,70756.05012992,300.14896477362316,942.9457827153961,14158236.798644045,1.2092428673743545,1.031209742561591
105528.0,366.55480173749226,1151.5658722765688,536326.99742208,826.3611450370025,2596.0901024602967,295466527.802645,1.2381341746094592,1.0366774154135678
