Area [-],Diameter [-],Perimeter [-],Area [mym^2],Diameter [mym],Perimeter [mym],Volume [mym^3] ,Irregularity [-],Diameter Ratio [-]
30854.0,198.20326161105098,622.6739105948136,156809.88153344,446.8294329759533,1403.7560640449478,46711513.633742265,1.1139253593647607,1.0178351712915192
32402.5,203.1160858924795,638.108003265727,164679.8530624,457.9049040360058,1438.5506825622551,50271808.20880121,1.134061767086042,1.0463036542451518
25201.0,179.12819366830794,562.7478172791659,128079.53019136003,403.82659980583344,1268.6586792741516,34481280.78793701,1.1031297030195188,1.0281400445514488
