Area [-],Diameter [-],Perimeter [-],Area [mym^2],Diameter [mym],Perimeter [mym],Volume [mym^3] ,Irregularity [-],Diameter Ratio [-]
231167.0,542.522779095766,1704.3855772123768,1174864.51949312,1223.063353193495,3842.3668452675824,957955825.8395463,1.258082772680588,1.043769064584081
134868.0,414.3902398939216,1301.845333370056,685442.24744448,934.2013568168569,2934.880119549455,426894051.7214859,1.370414119984881,1.0792733102068763
160534.0,452.1042325332894,1420.3273355834335,815885.0561382399,1019.2237818230476,3201.9859453392924,554379634.966751,1.2712263681823754,1.0848720603561832
