Area [-],Diameter [-],Perimeter [-],Area [mym^2],Diameter [mym],Perimeter [mym],Volume [mym^3] ,Irregularity [-],Diameter Ratio [-]
29489.0,193.76934983297852,608.744365926156,149872.51560704,436.8336222634668,1372.353298543926,43646235.91357417,1.1089517063314152,1.05342506776464
30041.5,195.57613807200866,614.4205585844854,152680.49705344002,440.9068456695363,1385.149707272864,44878584.234059446,1.094267065247407,1.003744103554514
37398.5,218.21376930381362,685.5387745569988,190071.12058496004,491.94112151851743,1545.4786133612981,62335866.81923107,1.1667892687348562,1.021061143579193
36294.0,214.9673371389663,675.3398071175368,184457.69885184,484.6223648460856,1522.4860611657748,59594884.154430516,1.1324791011923763,1.0370829718173902
26443.5,183.49089868765773,576.4536593177345,134394.31199616,413.6618820014556,1299.5571295659008,37062536.0204149,1.1116686525286172,1.0599573307689165
22935.0,170.8851923324574,536.851664838927,116562.99452159998,385.24357759429193,1210.278393212877,29936763.349736687,1.117808847692512,1.0675288082758418
