Area [-],Diameter [-],Perimeter [-],Area [mym^2],Diameter [mym],Perimeter [mym],Volume [mym^3] ,Irregularity [-],Diameter Ratio [-]
59191.5,274.52679015387804,862.45134716101,300830.10639744,618.8931957229026,1944.310317039781,124121137.2786483,1.2179109643173012,1.1172307724871366
125361.5,399.5187344635006,1255.1251211620247,637127.1784486399,900.6750349745157,2829.5540731476685,382563029.15496224,1.2536725652006646,1.044880132575008
