Area [-],Diameter [-],Perimeter [-],Area [mym^2],Diameter [mym],Perimeter [mym],Volume [mym^3] ,Irregularity [-],Diameter Ratio [-]
106338.0,367.9588926878215,1155.976954091095,540443.6761036799,829.5265276754247,2606.0344453029647,298874910.6949517,1.476930546800323,1.2219374246260746
12048.0,123.85471341442457,389.1010577752254,61231.78364928,279.21806592147874,877.1894246484682,11398013.468982926,1.200982609302208,1.2210767788538568
