Area [-],Diameter [-],Perimeter [-],Area [mym^2],Diameter [mym],Perimeter [mym],Volume [mym^3] ,Irregularity [-],Diameter Ratio [-]
1447.0,42.92292652221864,134.84635063277656,7354.116113919998,96.7654455516897,303.9976128665315,474416.21493488626,1.0792958304164677,1.0987261437081097
2865.0,60.3972788763388,189.74364761471998,14560.844966400002,136.1596254988182,427.7580791826247,1321732.7983809176,1.523519820577326,1.2476461283401388
1785.0,47.6731852025042,149.76972840541282,9071.9400576,107.47442872052547,337.64087571716266,650001.0500516073,1.2029568492496454,1.2422670660626651
1174.5,38.67065871292405,121.48745732200032,5969.184088320001,87.17913300241598,273.88132378671753,346925.5290343697,1.1068470709497058,1.0733299028407575
1243.0,39.7823673768393,124.97999309348859,6317.32296448,89.6853690143465,281.75489642996064,377714.2941681295,1.1126086609062091,1.0306073444957826
