Area [-],Diameter [-],Perimeter [-],Area [mym^2],Diameter [mym],Perimeter [mym],Volume [mym^3] ,Irregularity [-],Diameter Ratio [-]
2701.0,58.64315825677941,184.23291516280182,13727.344591360003,132.2051359740835,415.3346839430204,1209883.638842566,1.0756303802739915,1.038502229040274
2296.5,54.07397354073678,169.87839802598754,11671.54641024,121.904365950237,382.9738605097863,948541.6431993813,1.070906496029064,1.0255300175129496
