Area [-],Diameter [-],Perimeter [-],Area [mym^2],Diameter [mym],Perimeter [mym],Volume [mym^3] ,Irregularity [-],Diameter Ratio [-]
1951.0,49.84064959225855,156.57901860918258,9915.60507136,112.36076044078767,352.9917395525412,742749.9506990268,1.446239690160298,1.3643481888037436
1697.5,46.49004331239043,146.05277853527707,8627.237113599998,104.80715364345299,329.2613839299286,602797.44378905,1.49306310738942,1.5018600942862712
1195.0,39.00668219624068,122.5431062286215,6073.371635200002,87.936664343205,276.2611786818043,356048.0286107497,1.1414942393510346,1.0503354321886054
1332.0,41.18197510546619,129.37699045165033,6769.649387519999,92.84064467776297,291.6674872742005,418999.07558651996,1.2832605290497707,1.1292041503390524
1661.0,45.98750791035654,144.47401700807862,8441.732456959999,103.67423783310778,325.70222394301237,583460.1189775575,1.3577979255922634,1.6185020904075733
1470.5,43.27006760490509,135.9369265079035,7473.550618879998,97.54804040849803,306.4562071194177,486020.14517697436,1.2403559209931005,1.2941971921867728
1481.5,43.431605836362344,136.44441382912353,7529.45613184,97.91221219749526,307.6002865363761,491483.8043416333,1.083091205070639,1.0296961945507324
1924.5,49.50100507911754,155.5119939018667,9780.923608320001,111.59506585036259,350.5862390523683,727668.5427652244,1.6098455163793748,1.5427469214271716
