Area [-],Diameter [-],Perimeter [-],Area [mym^2],Diameter [mym],Perimeter [mym],Volume [mym^3] ,Irregularity [-],Diameter Ratio [-]
3308.0,64.89897082376514,203.8861299654789,16812.312442880004,146.30823982509614,459.64089139417564,1639853.227271557,1.1245454434497728,1.0825516043410748
1143.0,38.14856222234714,119.84724282273888,5809.091028480001,86.00211867405939,270.18362421958255,333062.75734650047,1.087780811561879,1.0379939472889
1929.0,49.5588446374018,155.69370223325942,9803.79404544,111.72545935055861,350.99588231466,730222.2620700368,1.0791983413826125,1.0872002880909188
