Area [-],Diameter [-],Perimeter [-],Area [mym^2],Diameter [mym],Perimeter [mym],Volume [mym^3] ,Irregularity [-],Diameter Ratio [-]
1797.0,47.833162783670154,150.27231279914287,9132.927889919998,107.83508217950599,338.7739019743876,656566.686366017,1.1291583672724255,1.1887643380477875
1440.0,42.81897878766651,134.51978919355028,7318.539878400001,96.53110577891538,303.26141275793975,470977.8314326939,1.0721500274726044,1.0509358530746116
1581.0,44.866376276965944,140.95187810491157,8035.146908160002,101.14675867879203,317.7619139997127,541819.3768455343,1.1636906681851185,1.1501531236057705
1629.5,45.549356067302945,143.0975223967846,8281.639397119998,102.68646831812775,322.59905449131116,566941.5343830142,1.4482262502894074,1.1054588682068798
1052.0,36.59846992787254,114.97748425803135,5346.5999667199985,82.50759060539586,259.2052405113059,294090.0541233045,1.090621954483884,1.1750680182279472
1133.0,37.98131651463571,119.32182493604823,5758.267834879999,85.62507995059474,268.9991221358271,328701.4291590253,1.0705511294259735,1.026820647066611
1004.5,35.76267778965203,112.35176581666968,5105.18979712,80.62338080899154,253.28582085710013,274398.4407435893,1.067920510130179,1.0625602541148453
1472.0,43.292131038448076,136.00624082863513,7481.1740979199985,97.59778021307734,306.61246932407505,486763.99022970884,1.2623041289910069,1.2990664965113936
