Area [-],Diameter [-],Perimeter [-],Area [mym^2],Diameter [mym],Perimeter [mym],Volume [mym^3] ,Irregularity [-],Diameter Ratio [-]
1093.0,37.3048364477789,117.19660012771094,5554.975060479999,84.10002328787274,264.20801532791154,311449.0212999469,1.0499777520996338,1.0046058751629503
1354.5,41.5283392798674,130.46512559741586,6884.00157312,93.62148807253307,294.12057914681435,429660.31411276857,1.1570396060385395,1.0351790172051347
2912.5,60.89589620032832,191.31010013671806,14802.255136000003,137.28370839402018,431.2894897482172,1354738.9851096745,1.165095006901307,1.052664548016933
