Area [-],Diameter [-],Perimeter [-],Area [mym^2],Diameter [mym],Perimeter [mym],Volume [mym^3] ,Irregularity [-],Diameter Ratio [-]
1364.5,41.68135504984368,130.94583881625672,6934.824766719999,93.9664468243676,295.2042990273692,434427.22845220147,1.0879920857500076,1.0799098057296157
1943.5,49.74475907261778,156.27776965713022,9877.48767616,112.14458485330952,352.3126039150344,738471.1698910962,1.0714166136321126,1.0196637402436735
2261.5,53.66033200063684,168.57890480238999,11493.665232639996,120.97185246223569,380.04428298650794,926939.983182169,1.1078035373185853,1.006329964551079
1363.0,41.658438514591815,130.87384439746373,6927.201287679999,93.91478378729579,295.04199480964223,433711.07412236277,1.1120564590647362,1.0095982052901387
2372.5,54.961448487864416,172.6664828001287,12057.8026816,123.90508947104153,389.2593188246101,996015.413391875,1.123935648746503,1.0807023918714167
1210.5,39.25883937283315,123.33528136215435,6152.14758528,88.50512748211506,278.04705830284075,362997.7375493285,1.2294909254098854,1.0793626057158654
1346.0,41.397831189731775,130.05512234021174,6840.801858559998,93.32727063413131,293.19626780377337,425622.2442721983,1.0999476236053087,1.0296435880598598
1971.5,50.10181396362185,157.39949067963693,10019.79261824,112.9495293995891,354.84141178817345,754487.2406077897,1.1294937730210985,1.0378865730840883
