Area [-],Diameter [-],Perimeter [-],Area [mym^2],Diameter [mym],Perimeter [mym],Volume [mym^3] ,Irregularity [-],Diameter Ratio [-]
1026.0,36.14337799512211,113.5477707853946,5214.45966336,81.48163135220328,255.9820944585936,283255.11999388906,1.4827902819808527,1.6264479790630895
1890.0,49.055302868797554,154.1117791122367,9605.5835904,110.5902747874172,347.4295948306264,708189.4191705609,1.1972457102613565,1.0516114882447336
3925.5,70.69725477596624,222.10197623314147,19950.644647680005,159.3798911669383,500.7066952199942,2119821.0484383325,1.2585293647111977,1.071365280993408
