Area [-],Diameter [-],Perimeter [-],Area [mym^2],Diameter [mym],Perimeter [mym],Volume [mym^3] ,Irregularity [-],Diameter Ratio [-]
1353.5,41.513006682232046,130.4169568213242,6878.919253759998,93.58692226442392,294.01198745799326,429184.5876432573,1.0796999529303561,1.0117311020494304
2447.5,55.8234161059614,175.37443393677447,12438.9766336,125.84830926927938,395.3641238670644,1043616.1189190884,1.101046763602473,1.0213233043660208
4713.0,77.46468856412463,243.36249650567518,23952.971143679995,174.63639389896255,548.6364121223942,2788707.0024654553,1.1275028823869155,1.1032696442243242
1184.0,38.826738479640966,121.97779637049219,6017.466122239999,87.5309992285026,274.9867441376376,351143.2150022199,1.0840120055772766,1.050061567036034
1579.5,44.845087366501915,140.88499702019485,8027.5234291199995,101.09876495904192,317.61113728232726,541048.46957587,1.0655846514667817,1.0480523678298763
1328.5,41.12783406867743,129.20690136821702,6751.861269760002,92.7185891244264,291.2840384445085,417348.700597337,1.3241974777888155,1.1724986077679405
1546.0,44.36697348434488,139.382957960431,7857.265730560002,100.0209050231071,314.2249404259957,523927.21958510415,1.104024854142057,1.0770327447374821
