Area [-],Diameter [-],Perimeter [-],Area [mym^2],Diameter [mym],Perimeter [mym],Volume [mym^3] ,Irregularity [-],Diameter Ratio [-]
6626.5,91.85380690634197,288.56724498121935,33677.98923904,207.07522228965735,650.5459970856609,4649251.405295265,1.0855770325583542,1.1425630809481078
6016.5,87.52397226416947,274.9646682781116,30577.77442944,197.31404307234365,619.8803481661748,4022282.8672179547,1.0662414012622974,1.0511405917720547
9049.5,107.3414237844871,337.2230283872134,45992.44904832,241.99050577974774,760.2355951961339,7419824.004834822,1.0773903855907347,1.1131715400914373
14521.5,135.97554209809817,427.1797641232749,73802.90058624001,306.5432621059525,963.0340602395108,15082521.265724884,1.0601156482644676,1.03232492399876
16616.0,145.45153239247588,456.9494656175801,84447.81848576,327.90593462559764,1030.1468752882724,18460627.231777303,1.120505261704663,1.088428642088277
