Area [-],Diameter [-],Perimeter [-],Area [mym^2],Diameter [mym],Perimeter [mym],Volume [mym^3] ,Irregularity [-],Diameter Ratio [-]
8770.5,105.67377833265803,331.9839656869547,44574.481946880005,238.23096587314427,748.4246522446707,7079347.925000171,1.1330344671381085,1.0314763200466923
7647.0,98.67351619654481,309.99199358693863,38864.49614592,222.4495749134906,698.8459503423944,5763593.7645912655,1.0796284870646513,1.1243142523410312
5202.5,81.38813630674119,255.68837111062282,26440.766470399998,183.48141448991734,576.4238638317881,3234259.4881243804,1.0773387259238922,1.086010264534202
7617.5,98.48300478773027,309.39348434458185,38714.5677248,222.0200859934591,697.4966711064252,5730274.4369731285,1.0820418309080504,1.1070592333203662
