Area [-],Diameter [-],Perimeter [-],Area [mym^2],Diameter [mym],Perimeter [mym],Volume [mym^3] ,Irregularity [-],Diameter Ratio [-]
9509.0,110.03288068067046,345.6784895997166,48327.77479424,248.0581262065035,779.2975869536011,7992064.8394593755,1.1232233933814784,1.2440556230009552
7368.0,96.85674455405096,304.2844371416297,37446.529044480005,218.35384492265248,685.97883509209,5451062.39724666,1.078099075684942,1.099638923230854
7379.5,96.93230225457937,304.5218086585319,37504.975717119996,218.52418220272372,686.5139654397942,5463829.431411105,1.087810344223012,1.1502331086116406
5763.5,85.66397210076772,269.1213054290929,29291.947631360003,193.12085870397075,606.707070959347,3771257.3864533235,1.0609411194500367,1.0477258441545672
6478.5,90.82225713208602,285.32653578860464,32925.80597375999,204.74969647857472,643.2401422818302,4494365.852959867,1.0789918436650823,1.0875581985679357
