Area [-],Diameter [-],Perimeter [-],Area [mym^2],Diameter [mym],Perimeter [mym],Volume [mym^3] ,Irregularity [-],Diameter Ratio [-]
9733,111.3213389,349.7263004,49466.21433,250.9628264,788.4229716,8276120.639,1.135060352,1.232457938
13050.5,128.9046651,404.9659488,66326.80881,290.6026769,912.955235,12849832.13,1.063941188,1.053159966
9285.5,108.7320826,341.591912,47191.87642,245.1256071,770.0848064,7711958.237,1.076741331,1.112860494
8170,101.9919952,320.4173028,41522.54917,229.9307539,722.3487674,6364874.024,1.092034144,1.112037341
6678,92.21005195,289.6864218,33939.72869,207.8783411,653.0690693,4703556.331,1.084589688,1.121268258
6580,91.53095763,287.5529841,33441.66139,206.3473909,648.2594473,4600399.716,1.070577518,1.073820752
