Area [-],Diameter [-],Perimeter [-],Area [mym^2],Diameter [mym],Perimeter [mym],Volume [mym^3] ,Irregularity [-],Diameter Ratio [-]
28573.0,190.7361358309374,599.2152431005778,145217.11107327996,429.99554461726524,1350.8708440459425,41628473.84246728,1.0827225108509981,1.0315410377384011
3797.5,69.53507870946707,218.4508924404498,19300.107769600003,156.75988144262257,492.47569191775,2016988.403861557,1.0866502810594316,1.0379040271423312
1359.0,41.597266031496424,130.68166537396942,6906.872010240001,93.77687654140554,294.6087464190767,431803.2558610441,1.207693323287468,1.4792429633990754
24410.5,176.29638086687342,553.8514149858377,124061.95673728,397.4425610262794,1248.6026299440723,32871667.874397356,1.0590226477087497,1.0348116454607978
