Area [-],Diameter [-],Perimeter [-],Area [mym^2],Diameter [mym],Perimeter [mym],Volume [mym^3] ,Irregularity [-],Diameter Ratio [-]
28800.0,191.4922945926877,601.5907859114401,146370.797568,431.70022892975516,1356.2262677587507,42125537.87915763,1.0994371334306516,1.041316645109258
12093.5,124.08836542663737,389.83509722028964,61463.02918016001,279.7448110178113,878.844243173421,11462642.321724055,1.0574536230773086,1.023464202815082
