Area [-],Diameter [-],Perimeter [-],Area [mym^2],Diameter [mym],Perimeter [mym],Volume [mym^3] ,Irregularity [-],Diameter Ratio [-]
1537.5,44.244839247423116,138.99926193896582,7814.066016000001,99.74556559939067,313.3599361152045,519612.2895979316,1.26215489424006,1.3108873483674823
1323.5,41.05036586264473,128.9635278212579,6726.4496729600005,92.54394480074629,290.73537712024387,414994.7914929388,1.1550034342225064,1.343176297196987
7562.5,98.1268263884024,308.27451690188605,38435.04015999999,221.21711741001437,694.9740709036118,5668325.861155556,1.1313834687874544,1.1128503182042124
46140.0,242.378366596692,761.4540958892612,234498.21527040002,546.4177896555824,1716.6221137727505,85422664.3108206,1.6716455795262706,1.3672838424788092
1145.0,38.18192345497751,119.95205022608515,5819.255667200001,86.0773282369013,270.41990202968634,333937.32010668167,1.1132707088635734,1.0314753476208258
98096.0,353.411525534101,1110.2750523118932,498555.19993855985,796.7309431640772,2503.004077931932,264809569.77760258,1.5080821495841892,1.1517878020909043
6162.0,88.57596781666048,278.2696097774265,31317.251896320002,199.6856618458794,627.3310082822303,4169070.781407187,1.5797193044692888,1.519414249303525
6899.5,93.72681707441183,294.4514799653266,35065.46242432001,211.29773641255403,663.8114164338323,4939501.891012191,1.0741715785550088,1.0831209477888712
