Area [-],Diameter [-],Perimeter [-],Area [mym^2],Diameter [mym],Perimeter [mym],Volume [mym^3] ,Irregularity [-],Diameter Ratio [-]
18095.5,151.7890186467886,476.8592658763552,91967.10997888002,342.19316363732025,1075.0315289916553,20980344.20950288,1.0600347007009683,1.0145661482821515
15506.5,140.5115262191533,441.42997851478157,78808.98515584001,316.7691847084592,995.1597435637236,16642838.650344336,1.0587075109181279,1.0330009801839164
28495.5,190.4772885333074,598.4020503319418,144823.23132288,429.41199926948815,1349.0375822683295,41459222.20201697,1.0617771424068998,1.013244158850211
30096.0,195.75346060376418,614.9776337475646,152957.48345856,441.306601585126,1386.4055775205095,45000764.80807349,1.0603597676904783,1.002928560469189
30676.0,197.63070681019144,620.8751766386557,155905.22868736,445.5386654328956,1399.7009982141856,46307871.68225118,1.105506931900216,1.0189073809145213
