Area [-],Diameter [-],Perimeter [-],Area [mym^2],Diameter [mym],Perimeter [mym],Volume [mym^3] ,Irregularity [-],Diameter Ratio [-]
27503.0,187.13072222072776,587.8885021895906,139779.02935807995,421.86750017440863,1325.335839336213,39312153.128065646,1.0571224338118956,1.0046452969825388
18315.5,152.7089351727556,479.74926887624895,93085.22023807997,344.2670234534602,1081.5467517546156,21364114.465915725,1.0571026497243556,1.016201869872221
2047.5,51.05837803774465,160.40462534758905,10406.0488896,115.10600744829155,361.61618738360477,798532.4939957225,1.4394500279449063,1.681811349919957
