Area [-],Diameter [-],Perimeter [-],Area [mym^2],Diameter [mym],Perimeter [mym],Volume [mym^3] ,Irregularity [-],Diameter Ratio [-]
1213.5,39.30745714919905,123.48801861121933,6167.394543359999,88.61473139715434,278.3913891571329,364348.0072534145,1.0498152830987728,1.0176186123709876
29320.5,193.21495819787694,607.0026932381091,149016.14479488,435.5838017612938,1368.4268716359934,43272679.2490435,1.0607117685198357,1.0148619918607265
24799.5,177.6955376188712,558.2469955591346,126038.97896832,400.59682000798324,1258.5120267885127,33660542.78117472,1.0588240562879458,1.007340996845552
18507.0,153.5051929232808,482.2507863756628,94058.48439551999,346.0621069262442,1087.1861728052943,21700051.522801943,1.0684165648282669,1.0292811402084987
22668.0,169.88759224868858,533.7176117445383,115206.01525248002,382.99458796544354,1203.2129839168872,29415520.22850946,1.0576746005092426,1.019739862159834
