Area [-],Diameter [-],Perimeter [-],Area [mym^2],Diameter [mym],Perimeter [mym],Volume [mym^3] ,Irregularity [-],Diameter Ratio [-]
2117.5,51.92383591,163.1235415,10761.81124,117.0570957,367.7457118,839830.9124,1.137669845,1.19107804
2638,57.95520614,182.0716499,13407.15847,130.6542167,410.4623274,1167801.192,1.243745479,1.388407167
2606,57.60262367,180.9639793,13244.52425,129.8593548,407.965195,1146616.916,1.237624808,1.166181957
1307,40.79367702,128.157116,6642.591404,91.96526548,288.9174024,407258.4546,1.222801213,1.331755734
4436.5,75.15801514,236.1158682,22547.70984,169.4362293,532.2996133,2546932.624,1.241673062,1.343264178
