Area [-],Diameter [-],Perimeter [-],Area [mym^2],Diameter [mym],Perimeter [mym],Volume [mym^3] ,Irregularity [-],Diameter Ratio [-]
25985.0,181.89318175770967,571.4342835480936,132064.06856959997,410.05998895458066,1288.2414488308223,36102793.665964775,1.0793609174450913,1.0197563375442666
24709.5,177.37280662670224,557.2331062450507,125581.57022592002,399.86925525923755,1256.2263147188423,33477472.64034952,1.0652106323640977,1.0317252316198655
