Area [-],Diameter [-],Perimeter [-],Area [mym^2],Diameter [mym],Perimeter [mym],Volume [mym^3] ,Irregularity [-],Diameter Ratio [-]
1001.0,35.700319106135424,112.15586023464638,5087.40167936,80.4827993928717,252.8441713129868,272965.5525272596,1.1254462799838723,1.3270511135497087
5091.5,80.51521062519231,252.94599420233902,25876.629021439996,181.51349083343354,570.2414493297531,3131304.843122206,1.5631957727927286,1.2088526306291258
2112.0,51.856358515428596,162.911554953989,10733.858488319998,116.90497463718222,367.26780948827275,836560.9695574351,1.1816820881566166,1.0413380643365773
2158.5,52.42411236550266,164.69520627842897,10970.186338559999,118.18491891678919,371.2888730340903,864340.3886165213,1.2532797151430792,1.55426066560216
43201.5,234.53327736565686,736.808021194285,219563.81983104005,528.7318204931369,1661.060002980396,77393585.4491286,1.3436957491933177,1.0109239467405433
1338.5,41.28233436505275,129.69227836428718,6802.6844633599985,93.06689459257491,292.378272344449,422069.811932048,1.172967985182323,1.3943987957165633
12220.0,124.73566946412598,391.86866282910285,62105.942579200004,281.2040932399256,883.4287134819295,11642963.511863217,1.3398461471989915,1.271009877330495
3009.0,61.89650870693843,194.45361703657443,15292.698954239997,139.53948922892198,438.37623424725336,1422623.600670879,1.2475619144436767,1.2464788189920202
