Area [-],Diameter [-],Perimeter [-],Area [mym^2],Diameter [mym],Perimeter [mym],Volume [mym^3] ,Irregularity [-],Diameter Ratio [-]
2979.5,61.59234712,193.4980652,15142.77053,138.8537873,436.2220382,1401754.026,1.343719587,1.093322666
4858,78.64729943,247.0777781,24689.90745,177.3024718,557.012143,2918387.747,1.343328557,1.304969949
1168.5,38.57175661,121.1767472,5938.690172,86.9561681,273.1808589,344270.4939,1.517814962,1.444411518
