Area [-],Diameter [-],Perimeter [-],Area [mym^2],Diameter [mym],Perimeter [mym],Volume [mym^3] ,Irregularity [-],Diameter Ratio [-]
88367.0,335.4286196042492,1053.7800871524746,449109.3148851199,756.1902800358193,2375.6418284765386,226408065.72644916,1.4119419594442018,1.1811623249703775
1538.5,44.259225474188405,139.0444576032845,7819.14833536,99.77799790901034,313.4618252208446,520119.3108371945,1.2414027473728277,1.1964112703783845
