Area [-],Diameter [-],Perimeter [-],Area [mym^2],Diameter [mym],Perimeter [mym],Volume [mym^3] ,Irregularity [-],Diameter Ratio [-]
14474.5,135.75531588217498,426.4879030612027,73564.03157631999,306.0467841247753,961.4743286611754,15009356.860790772,1.057950519059808,1.0091685847418697
