Area [-],Diameter [-],Perimeter [-],Area [mym^2],Diameter [mym],Perimeter [mym],Volume [mym^3] ,Irregularity [-],Diameter Ratio [-]
13099.0,129.14396926099917,405.7177450857811,66573.30129664,291.1421643019965,914.6500845213848,12921530.016155118,1.0593297682537601,1.007014151970737
22590.5,169.59692784758718,532.8044625973781,114812.13550208,382.33931413960056,1201.1543804795292,29264795.4285121,1.0771564722394382,1.0886559564003522
