Area [-],Diameter [-],Perimeter [-],Area [mym^2],Diameter [mym],Perimeter [mym],Volume [mym^3] ,Irregularity [-],Diameter Ratio [-]
74533.0,308.0557790202058,967.7857722657593,378800.50885888,694.480948223152,2181.7762449959278,175379824.386485,1.4565124748774132,1.290236708208314
1852.5,48.56620488180942,152.5752324694292,9414.996614399999,109.48765228555115,343.96560407908123,687217.250391379,1.2380413215292148,1.3671309600218815
