Area [-],Diameter [-],Perimeter [-],Area [mym^2],Diameter [mym],Perimeter [mym],Volume [mym^3] ,Irregularity [-],Diameter Ratio [-]
30474.5,196.980553624036,618.8326601653217,154881.14133632003,444.07296009002675,1395.0963490767015,45852351.26356095,1.0859107459568667,1.0472799925131135
