Area [-],Diameter [-],Perimeter [-],Area [mym^2],Diameter [mym],Perimeter [mym],Volume [mym^3] ,Irregularity [-],Diameter Ratio [-]
21321.5,164.7646107423277,517.6232906796786,108362.67223423999,371.44533845750357,1166.9299465082674,26833872.97613786,1.0573062854174804,1.0135671686268126
