Area [-],Diameter [-],Perimeter [-],Area [mym^2],Diameter [mym],Perimeter [mym],Volume [mym^3] ,Irregularity [-],Diameter Ratio [-]
12498.0,126.14653316718642,396.30102187385404,63518.82736127999,284.38474437210505,893.4210237124165,12042523.654635655,1.0922939220727825,1.0901786923543837
15658.5,141.19851773738824,443.58822602154703,79581.49769855998,318.31793838716806,1000.0252967429756,16888145.52077918,1.0599326882303868,1.0319227529410802
18621.0,153.97725014596625,483.7337978785255,94637.86880255998,347.1263127290663,1090.5294739373478,21900862.961313184,1.0637223181990483,1.0066422140482714
21148.5,164.09480952129957,515.5190480843312,107483.43098495997,369.9353385848177,1162.186142001316,26507946.289119374,1.0609563601950776,1.005658443249276
