Area [-],Diameter [-],Perimeter [-],Area [mym^2],Diameter [mym],Perimeter [mym],Volume [mym^3] ,Irregularity [-],Diameter Ratio [-]
22428.5,168.98773070579,530.8906133321202,113988.79976576004,380.965940103133,1196.8397986959317,28950566.842660367,1.0606428784157478,1.0030200221321195
19053.5,155.75515935471103,489.3192643874677,96835.97192576002,351.13443124926056,1103.1213496351072,22668295.95108074,1.0561633581543508,1.0028560055113045
