Area [-],Diameter [-],Perimeter [-],Area [mym^2],Diameter [mym],Perimeter [mym],Volume [mym^3] ,Irregularity [-],Diameter Ratio [-]
19025.0,155.63862739881276,488.95316845090923,96691.125824,350.8717216078835,1102.2960229557298,22617454.521380913,1.0932712401969933,1.0085669105925923
