Area [-],Diameter [-],Perimeter [-],Area [mym^2],Diameter [mym],Perimeter [mym],Volume [mym^3] ,Irregularity [-],Diameter Ratio [-]
19757.0,158.60451975064458,498.27079407476225,100411.38359552,357.55802932585317,1123.301678162144,23935264.293530956,1.075463686710744,1.0291413586692713
