Area [-],Diameter [-],Perimeter [-],Area [mym^2],Diameter [mym],Perimeter [mym],Volume [mym^3] ,Irregularity [-],Diameter Ratio [-]
55097.0,264.86162273208487,832.0873281929892,280020.54977791995,597.1040422872121,1875.8576726782746,111467601.46392232,1.1350845339533557,1.068196142951768
