Area [-],Diameter [-],Perimeter [-],Area [mym^2],Diameter [mym],Perimeter [mym],Volume [mym^3] ,Irregularity [-],Diameter Ratio [-]
66812.5,291.6647340399899,916.2917857712532,339562.46223999996,657.5289764197532,2065.688201842713,148848105.48482552,1.1849517284202276,1.0217208465250558
