Area [-],Diameter [-],Perimeter [-],Area [mym^2],Diameter [mym],Perimeter [mym],Volume [mym^3] ,Irregularity [-],Diameter Ratio [-]
12920.5,128.26102891272419,402.9439061740824,65666.10729088,289.1516635808454,908.3967420788513,12658309.442690825,1.0675770356197432,1.03606203835355
19740.0,158.53626907768492,498.0563782619896,100324.98416640001,357.4041650087329,1122.8182991538295,23904378.130337697,1.1343792945433884,1.019441994022467
16609.0,145.42089120379615,456.8532034843265,84412.24225024,327.83685712983805,1029.929861935066,18448962.80173414,1.0719636111975663,1.001511753957134
