Area [-],Diameter [-],Perimeter [-],Area [mym^2],Diameter [mym],Perimeter [mym],Volume [mym^3] ,Irregularity [-],Diameter Ratio [-]
14051.5,133.75696416578143,420.20989598969214,71414.21048703999,301.54170001533765,947.321189519162,14356241.623676794,1.0566898346048479,1.0097222910821366
25122.5,178.8489878713579,561.870666398628,127680.56812159998,403.19715825718924,1266.681230329067,34320294.82086172,1.064401376458795,1.015206809320871
