Area [-],Diameter [-],Perimeter [-],Area [mym^2],Diameter [mym],Perimeter [mym],Volume [mym^3] ,Irregularity [-],Diameter Ratio [-]
11702.0,122.06329977716838,383.4731658528808,59473.30115072001,275.1795030176484,864.5019050987346,10910555.63564938,1.0952262967597304,1.1333312328681602
