Area [-],Diameter [-],Perimeter [-],Area [mym^2],Diameter [mym],Perimeter [mym],Volume [mym^3] ,Irregularity [-],Diameter Ratio [-]
15857.0,142.0906733774792,446.39101562631544,80590.33809151998,320.32921406218907,1006.3439056279655,17210293.10790846,1.0650880559586462,0.9972033700158506
