Area [-],Diameter [-],Perimeter [-],Area [mym^2],Diameter [mym],Perimeter [mym],Volume [mym^3] ,Irregularity [-],Diameter Ratio [-]
15018.5,138.28285541817917,434.4284026991712,76328.81330816,311.7448692547431,979.3753910450115,15863410.616748022,1.0654458817452703,1.0413438424057104
