Area [-],Diameter [-],Perimeter [-],Area [mym^2],Diameter [mym],Perimeter [mym],Volume [mym^3] ,Irregularity [-],Diameter Ratio [-]
4564.5,76.23451909695272,239.49780514493747,23198.246718719995,171.86309985217022,539.923851918747,2657948.3948097704,1.218654194849464,1.3614447446856432
51779.0,256.7626732740606,806.6437280738651,263157.41414144,578.8457706290422,1818.4976205697217,101551704.12363191,1.3905586521404536,1.336098812027101
