Area [-],Diameter [-],Perimeter [-],Area [mym^2],Diameter [mym],Perimeter [mym],Volume [mym^3] ,Irregularity [-],Diameter Ratio [-]
1990.0,50.33633572304378,158.1362625161438,10113.815526399998,113.4782352540299,356.5023902163946,765131.9584137861,1.1353442981903281,1.1740602111305138
18947.0,155.31925075178907,487.9498171228915,96294.70491392001,350.15171889483327,1100.0340677218464,22478504.297386557,1.1937694028071488,1.1646814210287275
1728.5,46.912626797853996,147.38036370873778,8784.789013759999,105.75982585308205,332.25429194497843,619385.1708342173,1.1019728620769533,1.0651981827267374
1805.5,47.94615728105159,150.62729548201244,9176.127604480002,108.08981697440271,339.57417493464885,661230.6355346717,1.737161870922279,1.1130927243346995
