Area [-],Diameter [-],Perimeter [-],Area [mym^2],Diameter [mym],Perimeter [mym],Volume [mym^3] ,Irregularity [-],Diameter Ratio [-]
19453.5,157.38159194615326,494.42885306830163,98868.89966976001,354.8010608834079,1114.6404063571792,23385860.32747071,1.0823482893674874,1.0248901500435708
