Area [-],Diameter [-],Perimeter [-],Area [mym^2],Diameter [mym],Perimeter [mym],Volume [mym^3] ,Irregularity [-],Diameter Ratio [-]
17781.0,150.46418957657642,472.6971926021144,90368.72054016001,339.2064689814339,1065.6485510022067,20435769.7338651,1.075439910287039,1.0439153967285626
1060.0,36.73736405104852,115.4138330150278,5387.258521600001,82.8207135166838,260.1889451490787,297451.06310516474,1.0518407146856243,1.0071490145179314
