Area [-],Diameter [-],Perimeter [-],Area [mym^2],Diameter [mym],Perimeter [mym],Volume [mym^3] ,Irregularity [-],Diameter Ratio [-]
18045.5,151.57916810867638,476.20000096747,91712.99401088,341.72007658420006,1073.5452821810643,20893447.558109462,1.2012933841753566,0.9997161876666556
17353.5,148.64441610622865,466.98020563647225,88196.02901376,335.10397166988184,1052.760175586863,19703226.405348737,1.4661934682735565,1.5741285056442262
