Area [-],Diameter [-],Perimeter [-],Area [mym^2],Diameter [mym],Perimeter [mym],Volume [mym^3] ,Irregularity [-],Diameter Ratio [-]
24186.0,175.483821559039,551.2986846337391,122920.97604096,395.6107273226975,1242.8477546383015,32419237.8231867,1.1619523861371166,1.1434642981932797
1557.5,44.53168075567119,139.90040111402257,7915.712403199999,100.39222109558513,315.3914642714525,529783.9664740799,1.4896966667036293,1.7030949909615405
19579.0,157.88843227535622,496.0211389230687,99506.73074943997,355.94368172156305,1118.2300555881661,23612528.06602129,1.0864488233060516,1.0725149719911562
13305.0,130.15549217263688,408.8955380339199,67620.2590848,293.4225415539926,921.8141009436689,13227538.854134314,1.166316426466689,1.2746469257984268
