Area [-],Diameter [-],Perimeter [-],Area [mym^2],Diameter [mym],Perimeter [mym],Volume [mym^3] ,Irregularity [-],Diameter Ratio [-]
8232.5,102.38136818792874,321.6405541636687,41840.1941312,230.80855644286655,725.1064653065747,6438049.872474379,1.0543441544563128,0.9991954374344963
1321.0,41.011576885010776,128.84166865408284,6713.743874560002,92.4564989295683,290.4606578137643,413819.502234435,1.5883976353490399,1.7738462040716443
13010.5,128.7069659994238,404.3448588496211,66123.51603327999,290.156984149101,911.5550497905857,12790799.99570083,1.1858376796081649,1.3066132492901288
14429.5,135.54412569623233,425.824429524535,73335.32720511999,305.57067696958615,959.9785939201116,14939417.053236416,1.0979789130128104,1.0883625382058237
