Area [-],Diameter [-],Perimeter [-],Area [mym^2],Diameter [mym],Perimeter [mym],Volume [mym^3] ,Irregularity [-],Diameter Ratio [-]
8497.0,104.01305885135135,326.7666615648082,43184.467601920005,234.48703987448647,736.6627618317036,6750798.651019923,1.1048230292432712,1.1449987091086022
23828.5,174.18205559621182,547.2090662482279,121104.04686976002,392.67602613609995,1233.6281189500053,31703103.915878236,1.1406939040097457,1.0567079925798224
