Area [-],Diameter [-],Perimeter [-],Area [mym^2],Diameter [mym],Perimeter [mym],Volume [mym^3] ,Irregularity [-],Diameter Ratio [-]
12184.5,124.55435453176894,391.29904516962387,61925.52024192,280.7953368564199,882.1445674304,11592264.877559317,1.237712696298862,1.0446359192004948
19847.0,158.96535862998195,499.40440284721814,100868.79233792,358.3715044954313,1125.8572857787685,24099000.577851746,1.0803448993493763,1.0293201778732823
14429.5,135.54412569623233,425.824429524535,73335.32720511999,305.57067696958615,959.9785939201116,14939417.053236416,1.073550955831353,1.0345575248660708
