Area [-],Diameter [-],Perimeter [-],Area [mym^2],Diameter [mym],Perimeter [mym],Volume [mym^3] ,Irregularity [-],Diameter Ratio [-]
66384.0,290.72793800682285,913.3487542355434,337384.68839424005,655.4170634425815,2059.0534315486093,147418454.47856215,1.4682491245193277,1.4806924685813583
4318.5,74.15176986383266,232.95465545489768,21947.996156160003,167.16774998102434,525.1729752575213,2445998.0893449592,1.2377957657170078,1.2449907533130053
2587.0,57.39225298095437,180.30308033793315,13147.960184319996,129.38509512026351,406.4752643138364,1134100.0527237866,1.2938171549707513,1.489107891692255
