Area [-],Diameter [-],Perimeter [-],Area [mym^2],Diameter [mym],Perimeter [mym],Volume [mym^3] ,Irregularity [-],Diameter Ratio [-]
47447.0,245.78729966995704,772.16357498881,241140.80667391996,554.1028883759511,1740.7655634547732,89077878.32221726,1.1492845079975174,1.051299591123945
1359.5,41.604917510643546,130.7057032046471,6909.413169920001,93.79412603599481,294.6629373045564,432041.57979615935,1.9448895075865371,2.341309311549673
