Area [-],Diameter [-],Perimeter [-],Area [mym^2],Diameter [mym],Perimeter [mym],Volume [mym^3] ,Irregularity [-],Diameter Ratio [-]
8883.5,106.35235538367178,334.11577836531416,45148.784034560005,239.76074997694965,753.2306107467642,7216604.213782292,1.0713300250176179,1.0680745054502345
19446.0,157.35125098619324,494.3335341313884,98830.78227456,354.732660223274,1114.4255193458018,23372337.53880124,1.0770386080005772,1.0231885605671285
14058.0,133.78789750903076,420.3070759535952,71447.24556288001,301.61143614435895,947.5402720297851,14366204.228519278,1.0872061974333034,1.0737334601178046
10282.5,114.42065206394915,359.46307994305647,52258.948819200006,257.949918012967,810.3735674236265,8986794.375570986,1.0712114387258584,1.0713865944241234
