Area [-],Diameter [-],Perimeter [-],Area [mym^2],Diameter [mym],Perimeter [mym],Volume [mym^3] ,Irregularity [-],Diameter Ratio [-]
1067.5,36.86710205596293,115.8214169781583,5425.3759168,83.11319487496283,261.1078024355601,300613.55056195235,1.5695002646498697,1.4924045236670127
6195.0,88.81283116551533,279.01373793409357,31484.968435199993,200.21964657953777,629.0085707986206,4202606.16844243,1.057575910614719,1.0350292034948643
5580.0,84.2892440328077,264.80246983010596,28359.342028799998,190.02167174756167,596.9706879849908,3592593.0546489754,1.0653512623678474,1.061730420716262
