Area [-],Diameter [-],Perimeter [-],Area [mym^2],Diameter [mym],Perimeter [mym],Volume [mym^3] ,Irregularity [-],Diameter Ratio [-]
5816.0,86.05324626171698,270.3442462733634,29558.76939776,193.99843837241474,609.4640687986704,3822903.402250508,1.0649630573416506,1.0497819300109863
3424.0,66.02705658420037,207.43011590308146,17401.861488640003,148.85139636342132,467.63045329190686,1726860.921271273,1.067734200198744,1.0361005163420174
8155.0,101.898324261566,320.12302691324635,41446.31438079999,229.7195822152744,721.6853518732225,6347353.349280194,1.0622440182032185,1.0513932285566747
1699.0,46.510579296597044,146.1172942323948,8634.86059264,104.85344996624838,329.4068281175108,603596.6154106054,1.0758203466832417,1.0168534934008466
5542.5,84.00553658357667,263.91117659183305,28168.755052799992,189.38208167401524,594.9613565086285,3556438.3133764653,1.066729581844125,1.0306263954176578
