Area [-],Diameter [-],Perimeter [-],Area [mym^2],Diameter [mym],Perimeter [mym],Volume [mym^3] ,Irregularity [-],Diameter Ratio [-]
6672.0,92.16861853403796,289.5562548780537,33909.234769919996,207.78493362313517,652.7756209970843,4697218.73058609,1.0621890704043493,1.077171512347453
8925.5,106.60346878283885,334.90467437535534,45362.241447680004,240.3268600240319,755.0090979118012,7267843.367181954,1.0791253050021479,1.0908643588181488
