Area [-],Diameter [-],Perimeter [-],Area [mym^2],Diameter [mym],Perimeter [mym],Volume [mym^3] ,Irregularity [-],Diameter Ratio [-]
7742.5,99.28774937076577,311.9216640146623,39349.8576448,223.83430218145435,703.1961993546548,5871898.617908917,1.058892180783851,1.0326599979386368
8214.5,102.2693807560552,321.28873527040037,41748.71238272,230.55609197645083,724.3133247935906,6416946.648005854,1.1259257328920051,1.0302097150490028
