Area [-],Diameter [-],Perimeter [-],Area [mym^2],Diameter [mym],Perimeter [mym],Volume [mym^3] ,Irregularity [-],Diameter Ratio [-]
7532,97.92875089,307.6522444,38280.02942,220.770576,693.5712197,5634069.43,1.060911865,1.063133423
7197.5,95.72952326,300.743167,36579.99359,215.8126372,677.9953957,5262949.925,1.148697699,1.102843756
11649,121.7865652,382.6037785,59203.93822,274.5556325,862.5419581,10836516.47,1.11429386,1.202719922
24756,177.5396242,557.7571792,125817.8981,400.2453288,1257.407785,33572017.33,1.187326136,1.228392016
16741,145.9976137,458.6650308,85083.10841,329.1370204,1034.014445,18669333.86,1.05869827,1.047962334
7778.5,99.51830886,312.645988,39532.82114,224.3540755,704.8291154,5912899.693,1.061738445,1.050673719
7258,96.13101797,302.0044998,36887.47391,216.7177669,680.8389444,5329447.316,1.075931229,1.109426661
