Area [-],Diameter [-],Perimeter [-],Area [mym^2],Diameter [mym],Perimeter [mym],Volume [mym^3] ,Irregularity [-],Diameter Ratio [-]
10058.0,113.16467355560333,355.5173070881705,51117.96812288,255.11844006375213,801.4782170995717,8694090.85782517,1.0680369619423729,1.0734883353112885
5524.5,83.86901611971734,263.4822849055079,28077.27330432001,189.0743099402908,593.9944630909771,3539127.383346169,1.0595729929342224,1.025574765422597
7672.0,98.8346790717113,310.4983016915931,38991.55412992,222.81290049926596,699.9873713335274,5791880.847107738,1.074284424041718,1.1227771023031248
6201.5,88.8594116381327,279.160074804669,31518.003511040006,200.32465759700636,629.3384726396459,4209222.174326889,1.0645459004494653,1.091772298410736
9748.5,111.40994435799138,350.00466273191336,49544.99028096,251.16257856065576,789.0505116628254,8295898.342485695,1.059347865188955,1.005296256500341
