Area [-],Diameter [-],Perimeter [-],Area [mym^2],Diameter [mym],Perimeter [mym],Volume [mym^3] ,Irregularity [-],Diameter Ratio [-]
7402.0,97.0799624543071,304.9856968572241,37619.327902720004,218.85706735698992,687.559754994926,5488837.187153521,1.0602545695263916,1.0634283776499067
7803.0,99.67491242819567,313.1379726316255,39657.33796608,224.7071225781243,705.9382455007365,5940857.535644028,1.0709735261893074,1.0689332669311675
5518.0,83.81966241788753,263.3272356784119,28044.238228479997,188.96304695488564,593.6449201134119,3532883.136788176,1.06242143522886,1.0601331244611216
6117.0,88.25194782635107,277.25167095625426,31088.547525120008,198.95519117972586,625.0361670037796,4123485.277573496,1.0588339763153463,1.0496195959117331
8388.5,103.34684282072149,324.67368217727767,42633.03595136,232.9851224550345,731.9443491004548,6621908.734504998,1.0661451625497353,1.0740531299301967
2366.5,54.891906348894125,172.4480097272247,12027.30876544,123.7483136729469,388.7667931290554,992239.4518313687,1.0945461612224219,1.092982264919313
6967.5,94.18756036729185,295.89894770942925,35411.0601408,212.33643609202275,667.0745877161373,5012705.539025169,1.0577182012968716,1.0208451803855472
