Area [-],Diameter [-],Perimeter [-],Area [mym^2],Diameter [mym],Perimeter [mym],Volume [mym^3] ,Irregularity [-],Diameter Ratio [-]
5854.5,86.33759849944872,271.2375651744532,29754.438693119995,194.63948205715718,611.4779669292874,3860925.690753542,1.0654044271153642,1.089272698549857
7467.0,97.50528027003183,306.3218721825458,37949.678661119986,219.81590384075974,690.5720286483312,5561295.276906989,1.10179730787762,1.218333380039693
6661.5,92.09606521048164,289.3283218897756,33855.87041663999,207.6213694105098,652.2617688683101,4686134.785658375,1.063373237787296,1.0098151293158124
7000.0,94.40697438826297,296.5882571858067,35576.23552,212.83108306090003,668.6285669996826,5047819.157967508,1.0572350104955213,1.0350334706741944
7396.0,97.04060837021409,304.8620623557488,37588.83398656001,218.76834750981064,687.2810333748,5482164.730706893,1.0602183192416799,1.050742575752454
