Area [-],Diameter [-],Perimeter [-],Area [mym^2],Diameter [mym],Perimeter [mym],Volume [mym^3] ,Irregularity [-],Diameter Ratio [-]
7051,94.75026137,297.666725,35835.43381,213.6049892,671.059865,5103084.968,1.064059351,1.066028885
8127,101.7232411,319.5729869,41304.00944,229.3248747,720.4453418,6314691.194,1.076144258,1.144731224
7809.5,99.71641903,313.2683695,39690.37304,224.8006951,706.2322121,5948282.298,1.064464263,1.078231992
8799,105.8453341,332.5229241,44719.32805,238.6177212,749.63968,7113882.769,1.08466563,1.105369889
7269.5,96.20714563,302.2436619,36945.92059,216.8893891,681.3781115,5342118.764,1.078153311,1.091395024
9576,110.4198437,346.8941697,48668.29019,248.9304956,782.0382163,8076681.065,1.063780729,1.083439677
