Area [-],Diameter [-],Perimeter [-],Area [mym^2],Diameter [mym],Perimeter [mym],Volume [mym^3] ,Irregularity [-],Diameter Ratio [-]
8248.0,102.47770374562275,321.9432012439996,41918.97008128,231.02573532413192,725.7887528844728,6456240.591371998,1.060943321302862,1.034371342503151
8291.5,102.74758238115193,322.79104998273897,42140.050973440004,231.6341497200689,727.7001430810867,6507383.250928759,1.0651042828838626,1.0433407983385428
10086.0,113.32208102659804,356.0118172426677,51260.27306496,255.47329946636262,802.5930407918701,8730420.727634698,1.0698442553226455,1.070234598185337
4479.5,75.52136479593813,237.25736483199404,22766.249573120007,170.25536479596292,534.8730032772474,2584050.750738321,1.0665067362606737,1.084500854035754
