Area [-],Diameter [-],Perimeter [-],Area [mym^2],Diameter [mym],Perimeter [mym],Volume [mym^3] ,Irregularity [-],Diameter Ratio [-]
8492.5,103.9855126,326.6801225,43161.59716,234.4249396,736.4676682,6745436.54,1.081549884,1.125156736
6974.5,94.23486194,296.04755,35446.63638,212.4430728,667.4095967,5020261.567,1.094442904,1.166040041
8239,102.421778,321.7675053,41873.22921,230.8996563,725.392664,6445676.155,1.066230127,1.083753887
6449,90.61524057,284.6761741,32775.87755,204.2829983,641.7739669,4463703.027,1.068757446,1.083451217
6425.5,90.44999002,284.1570242,32656.44305,203.9104575,640.6035953,4439326.828,1.058694812,1.028192485
8185,102.0855801,320.7113086,41598.78396,230.1417319,723.0115742,6382410.79,1.066974867,1.056850444
8895,106.4211715,334.3319707,45207.23071,239.9158891,753.7179947,7230621.966,1.066407293,1.064300793
6989.5,94.33614259,296.3657325,35522.87117,212.6713998,668.1269074,5036465.825,1.062800682,1.058407055
