Area [-],Diameter [-],Perimeter [-],Area [mym^2],Diameter [mym],Perimeter [mym],Volume [mym^3] ,Irregularity [-],Diameter Ratio [-]
7577.5,98.22409404128243,308.58009224560584,38511.274950399995,221.4363976066671,695.6629599584938,5685198.661504301,1.0638774804076438,1.0582402976947411
6630.0,91.87806148147733,288.64344297628054,33695.777356800005,207.1299018038425,650.7177778457268,4652935.370078749,1.0638669106884922,1.0400636134966021
7044.5,94.70657829785033,297.5294906271531,35802.39873152,213.50651011467377,670.750483669854,5096030.137933906,1.06258130914725,1.0584712892434536
5960.0,87.11204099676215,273.67054803464083,30290.623385599993,196.38538522310057,616.9628834892943,3965757.161485942,1.0648619513857895,1.052423735605717
7693.0,98.96985307480054,310.92296334665457,39098.28283647999,223.11763677183032,700.944728568698,5815677.645541352,1.069506247069869,1.0725526215137797
7992.0,100.87482560839162,316.90761106347463,40617.896325120004,227.41220685155807,714.4365183814972,6158003.6273088865,1.0750015939825008,1.0884777484326449
4754.5,77.80499608279234,244.43160410628306,24163.887397120005,175.40358316904707,551.0466082972046,2825621.6218321514,1.0671106476138827,1.0480166545460963
7250.5,96.08133699685021,301.8484224563898,36849.356519680005,216.60576612569912,680.4870835856852,5321188.733456208,1.0661183092970707,1.0622753365523265
12521.0,126.26255319622273,396.66550954474377,63635.72070656,284.6462999255645,894.2427247176703,12075781.628145956,1.1126817636340958,1.1878370570134817
