Area [-],Diameter [-],Perimeter [-],Area [mym^2],Diameter [mym],Perimeter [mym],Volume [mym^3] ,Irregularity [-],Diameter Ratio [-]
7576.0,98.21437161084722,308.5495483295756,38503.65147136,221.41447935949398,695.5941017541952,5683510.629313726,1.0851363232672302,1.0971867401703612
10736.5,116.9193584144605,367.3129974573011,54566.321808639994,263.58300160955974,828.0704214677395,9588503.259409674,1.0588213059303508,1.060228818173432
28734.0,191.2727504858446,600.9010677582429,146035.36449024,431.20528869528806,1354.671367154183,41980814.33649037,1.1185808313620036,0.9984755011385776
22129.0,167.85564597428476,527.3340642563821,112466.64511744,378.41376828442753,1188.8219144595878,28372617.990131926,1.1472515887415458,1.0985934045916508
5267.5,81.89498947977508,257.28069731547475,26771.117228800005,184.62406428320494,580.0136040280064,3295061.6454554587,1.0623449463409689,1.0361172796982716
7133.0,95.29962052702999,299.3925877376125,36252.183994880004,214.8434645161364,674.9506497956735,5192363.203824299,1.0579255302069517,1.0808017852577487
