Area [-],Diameter [-],Perimeter [-],Area [mym^2],Diameter [mym],Perimeter [mym],Volume [mym^3] ,Irregularity [-],Diameter Ratio [-]
7426.0,97.23721951600281,305.47973448697246,37741.303567359995,219.21158767687672,688.6735134274307,5515554.0506639695,1.0668682673609693,1.0732289946603408
16228.0,143.74328273683685,451.58284104892715,82475.87857408,324.054856601925,1018.0483568607015,17817806.002960846,1.084159604637174,1.0835747509818037
11508.0,121.04726630871204,380.281202572577,58487.33119487999,272.8889571663604,857.3059430796176,10640364.54480956,1.0860892678672884,1.1340460820527103
7788.5,99.5822584307557,312.84689151394235,39583.64433536,224.49824340629564,705.2820322290316,5924305.747271922,1.0616991399632054,1.0242788384933594
8687.0,105.1695389602634,330.39985097898904,44150.108280320004,237.0942086320178,744.8534240470328,6978489.989160244,1.0609388915221223,1.0420089485170578
9092.5,107.596145658218,338.023260754435,46210.98878079999,242.56475077188668,762.0396390447983,7472771.317691469,1.1012039086526275,1.1631554119148537
