Area [-],Diameter [-],Perimeter [-],Area [mym^2],Diameter [mym],Perimeter [mym],Volume [mym^3] ,Irregularity [-],Diameter Ratio [-]
6469.5,90.75914959200607,285.1282776043033,32880.06509952,204.60742684021847,642.7931890311414,4485003.676234438,1.0713177469889206,1.0988272864414534
8499.0,104.02529928197346,326.8051160117274,43194.63224063999,234.51463470128095,736.7494535368382,6753182.267313241,1.0705088226021762,1.05757478955551
6572.5,91.47877845583562,287.3890583562214,33403.5439936,206.22975815083583,647.8898931582656,4592536.532787289,1.0600074986568786,1.0512440238963903
9008.5,107.09798522263019,336.4582435896832,45784.07395456001,241.4416978858975,758.5114643485819,7369456.367814977,1.0687956862371224,1.0773414950409783
8138.5,101.79518669773695,319.7990107004118,41362.45611136,229.4870688913782,720.9548897230085,6328099.210096187,1.059342527449527,1.0641669381206897
7398.0,97.05372817131104,304.9032794264915,37598.99862527999,218.7979247894036,687.3739531390825,5484388.5822472675,1.0759109283597996,1.1119137491078785
7655.0,98.72511694066344,310.1541021055815,38905.154700800005,222.56590363103166,699.211407786823,5772640.607925754,1.0614734453497319,1.046403856282118
