Area [-],Diameter [-],Perimeter [-],Area [mym^2],Diameter [mym],Perimeter [mym],Volume [mym^3] ,Irregularity [-],Diameter Ratio [-]
6381.5,90.13977010580535,283.18243956067096,32432.820995839997,203.21109772652758,638.4064917455765,4393806.104621745,1.07182443770412,1.0539188183915906
6127.5,88.32765880722023,277.4895240175489,31141.911878400002,199.1258740149973,625.5723829451622,4134106.947522951,1.0647716702529937,1.0932836412997786
6408.0,90.32673470608202,283.76980617538146,32567.502458879993,203.6325907213913,639.73065104178,4421203.26601801,1.06170287281757,1.051737343424674
6535.5,91.22092437931472,286.5789858837252,33215.498177279995,205.6484519207271,646.06366577627,4553810.519955575,1.0625078477714283,1.0469714863881194
7272.5,96.22699511616514,302.3060209339653,36961.167545599994,216.9341377898827,681.5186935935315,5345426.008808087,1.0784010826897428,1.1046564169528268
