Area [-],Diameter [-],Perimeter [-],Area [mym^2],Diameter [mym],Perimeter [mym],Volume [mym^3] ,Irregularity [-],Diameter Ratio [-]
22539.5,169.40537983947914,532.2026967822961,114552.93721472003,381.9074883101218,1199.7977596260084,29165749.686813872,1.059962283545514,1.0566370452320482
22021.0,167.44553745804342,526.0456703545838,111917.75462656,377.4892196454131,1185.9173592473735,28165163.905631304,1.0623463686285668,1.0843449657858628
26640.0,184.17139156705292,578.5914907484627,135392.9877504,415.1959851487641,1304.3766567433343,37476416.62084125,1.0574183683561822,1.0587963653899233
3551.5,67.24515033165537,211.25687027146975,18049.85720704,151.59746690768387,476.25748834000143,1824208.420421777,1.3787100657411695,1.7886929982638162
16072.0,143.05071115860812,449.40706326667873,81683.03675392,322.49352323596617,1013.1432834284005,17561500.207589716,1.062706649381555,1.0765616834855125
18767.0,154.57970932837466,485.62647922006744,95379.88742912,348.4844967098878,1094.79633475372,22158941.377988424,1.061989063328085,1.076051966287181
3583.0,67.54270714730117,212.19167257752818,18209.95026688,152.26827899287576,478.36490665877955,1848531.8584557846,1.3340684133880778,1.4113574703036464
24439.0,176.39926653414022,554.1746398422828,124206.80283903998,397.6745064745657,1249.3313080604423,32929252.67986594,1.0787452674885072,1.140937272593042
