Area [-],Diameter [-],Perimeter [-],Area [mym^2],Diameter [mym],Perimeter [mym],Volume [mym^3] ,Irregularity [-],Diameter Ratio [-]
4141.0,72.61187888182145,228.11694525848213,21045.88446976,163.6962197511783,514.2668413907221,2296754.486013162,1.9790101016796418,1.7003613260718502
57716.5,271.08472879103135,851.6377924702856,293333.68534144,611.1334125865011,1919.9322393450118,119510677.43285944,1.0703331247940524,1.0197262741128998
56745.5,268.7947443417917,844.4435941477195,288398.75324288,605.9708716441353,1903.7136386466188,116507495.9224466,1.0679462981550787,1.1012120074178788
