Area [-],Diameter [-],Perimeter [-],Area [mym^2],Diameter [mym],Perimeter [mym],Volume [mym^3] ,Irregularity [-],Diameter Ratio [-]
29129.0,192.58295536882426,605.0171977933093,148042.88063744002,434.1590145834774,1363.9507707052364,42849434.11576688,1.0748430849451485,1.1423648555951804
