Area [-],Diameter [-],Perimeter [-],Area [mym^2],Diameter [mym],Perimeter [mym],Volume [mym^3] ,Irregularity [-],Diameter Ratio [-]
15707.0,141.41701994157282,444.27467094100643,79827.99018752002,318.81052975628177,1001.572818169405,16966669.227375012,1.0622505650845964,1.047958102919336
1093.0,37.3048364477789,117.19660012771094,5554.975060479999,84.10002328787274,264.20801532791154,311449.0212999469,1.2047786197180532,1.387267346314939
