Area [-],Diameter [-],Perimeter [-],Area [mym^2],Diameter [mym],Perimeter [mym],Volume [mym^3] ,Irregularity [-],Diameter Ratio [-]
21264.5,164.54422596682286,516.9309314879896,108072.98003071999,370.9485030196055,1165.3690919465237,26726340.10617553,1.0541896018838726,1.0098810137232324
42594.5,232.87980115978692,731.6134724930383,216478.85197952008,525.0042237346237,1649.3494123883058,75768207.75898029,1.0675730939137982,1.114400742560653
