Area [-],Diameter [-],Perimeter [-],Area [mym^2],Diameter [mym],Perimeter [mym],Volume [mym^3] ,Irregularity [-],Diameter Ratio [-]
21462.0,165.30658519582957,519.3259536412335,109076.73810431999,372.6671656654782,1170.7684298887966,27099545.8862484,1.0574974149292902,1.039443979868674
28131.0,189.25512313526644,594.5625044959847,142970.72591616,426.65674959614466,1340.381710135748,40666283.4711934,1.0623143148958092,1.075238689293227
40850.0,228.06103437990322,716.4748701779932,207612.74585599996,514.1407959060538,1615.2209473292678,71161454.92976339,1.0717703611838025,1.135660901934518
26710.0,184.41319974415117,579.3511535412124,135748.75010560002,415.7411175032144,1306.0892405433094,37624224.712377824,1.0568694781712789,1.038481131294249
