Area [-],Diameter [-],Perimeter [-],Area [mym^2],Diameter [mym],Perimeter [mym],Volume [mym^3] ,Irregularity [-],Diameter Ratio [-]
16780.0,146.16757356081422,459.19897529169964,85281.31886080002,329.52017783549957,1035.2181698976076,18734610.238037843,1.069657991221069,1.1271711681335466
13900.5,133.03633447893523,417.94597105953744,70646.78026367999,299.91711244931156,942.2173971566211,14125452.227015944,1.0687001981884359,1.105549225546518
17061.5,147.38852225495367,463.0346987396182,86711.99176063997,332.27268457156754,1043.8654248385951,19208017.524570327,1.085829406823705,1.165271331859994
16641.0,145.56091255532112,457.2930935336231,84574.87646975998,328.1525212647159,1030.9215500622,18502305.966135755,1.143342672406946,1.0923622711076835
14906.0,137.76395992356757,432.79824442531856,75757.05238015996,310.5750712516907,975.700362232438,15685501.2938575,1.0623631005913134,1.0876047206934611
16978.5,147.0295807321981,461.90705068866095,86290.15925375998,331.4634868026674,1041.3232550725172,19068024.708672494,1.0571732895785666,1.0436142742523018
33702.0,207.14902639564698,650.7778595228427,171284.32707072,466.9967651063466,1467.1136065082967,53326151.10362911,1.0631838810513494,1.1031968507927072
21898.5,166.97914890902686,524.5804675152749,111295.17050496,376.4377933005101,1182.6142059664357,27930472.25992744,1.0673553629949397,1.0783102533792281
