Area [-],Diameter [-],Perimeter [-],Area [mym^2],Diameter [mym],Perimeter [mym],Volume [mym^3] ,Irregularity [-],Diameter Ratio [-]
22499.5,169.25499442193367,531.7302470593282,114349.64444032,381.56845942480726,1198.7326689705496,29088145.10991159,1.0742805901851304,1.065354073707424
17887.0,150.91201322849633,474.1040720970898,90907.44639231997,340.2160426223221,1068.8202201356792,20618781.104330663,1.0710494061611238,1.0727795703176066
1087.5,37.21085869607808,116.90136031336675,5527.022304,83.88815984443842,263.542426690454,309101.1536678189,1.129009574492292,1.263072168903043
