Area [-],Diameter [-],Perimeter [-],Area [mym^2],Diameter [mym],Perimeter [mym],Volume [mym^3] ,Irregularity [-],Diameter Ratio [-]
16919.5,146.77389576197325,461.10379266456926,85990.30241152,330.8870706057925,1039.5123901830048,18968719.51030271,1.0637882718056813,1.008353694174713
17811.0,150.5910672360017,473.0957905248695,90521.19012095999,339.4925019768422,1066.5471501592658,20487510.21072408,1.0823878924677037,1.1432181896674094
12464.0,125.97482957154206,395.76159911918273,63346.02850303999,283.9976557860844,892.2049490542856,11993415.732147895,1.0570329261913078,1.0478283673726758
1487.5,43.51946487255507,136.72043113177807,7559.950047999999,98.11028160868814,308.22253994348046,494472.5521045969,1.6630998146058973,1.833059958015629
35267.5,211.90558190842296,665.7210193781717,179240.6980288,477.7199438543487,1500.8014660861502,57084570.799155064,1.056464680332454,1.03819822969588
