Area [-],Diameter [-],Perimeter [-],Area [mym^2],Diameter [mym],Perimeter [mym],Volume [mym^3] ,Irregularity [-],Diameter Ratio [-]
17194.0,147.95972672378247,464.8291905025884,87385.39907584,333.5604079260952,1047.9109270690353,19432206.241681207,1.0661720144483415,1.1016511290555122
15619.5,141.02256936033635,443.0354678927897,79383.28724352001,317.92128036594227,998.7791588175052,16825090.88007817,1.0847341051301682,1.1723057129832797
