Area [-],Diameter [-],Perimeter [-],Area [mym^2],Diameter [mym],Perimeter [mym],Volume [mym^3] ,Irregularity [-],Diameter Ratio [-]
53131.0,260.0932337669012,817.1069924505096,270028.70991616,586.3541862041021,1842.0860037804289,105554976.30308904,1.1109668484166366,1.2412522383534375
