Area [-],Diameter [-],Perimeter [-],Area [mym^2],Diameter [mym],Perimeter [mym],Volume [mym^3] ,Irregularity [-],Diameter Ratio [-]
15314.0,139.63663698354483,438.6814329194893,77830.63867903998,314.7968344157035,988.9634223736966,16333892.451142801,1.0583401331060789,1.0527323142086478
15344.5,139.77562088643606,439.11806372777954,77985.64941951998,315.1101597263814,989.9477628679061,16382713.629967017,1.0653866321406131,0.9815033960285152
23873.5,174.3464489779901,547.7255232887213,121332.75124095999,393.0466345759809,1234.7924197020934,31792953.026069324,1.0697215127146267,1.1004217788274067
24932.5,178.1713920614346,559.7419363800698,126714.92744320001,401.6695862632982,1261.8822213752292,33931688.31966266,1.0700345533161828,1.1385447013312076
