Area [-],Diameter [-],Perimeter [-],Area [mym^2],Diameter [mym],Perimeter [mym],Volume [mym^3] ,Irregularity [-],Diameter Ratio [-]
20205.0,160.39265881384335,503.88839861930444,102688.26266879999,361.58921002992844,1135.9660058473598,24753978.518504784,1.0595047368401165,1.056769546973486
