Area [-],Diameter [-],Perimeter [-],Area [mym^2],Diameter [mym],Perimeter [mym],Volume [mym^3] ,Irregularity [-],Diameter Ratio [-]
20014.0,159.63275430916283,501.50108820997036,101717.53967104001,359.8760813145767,1130.5840532605573,24403806.385182586,1.065232565955245,1.1060669530151779
72349.5,303.50987536127496,953.5043947269352,367703.26453631994,684.2326630144582,2149.5803074724026,167729722.59519735,1.1106570398258315,1.098976839186189
21030.5,163.63637812403707,514.0788433745164,106883.71730047998,368.90185084282916,1158.9393445035098,26286400.758072525,1.067151613200695,1.1095865581203932
71295.0,301.2899157653529,946.5301859691202,362343.9587712,679.2279861014115,2133.8576512487844,164076104.9281167,1.0714357833657058,1.0837179011353824
