Area [-],Diameter [-],Perimeter [-],Area [mym^2],Diameter [mym],Perimeter [mym],Volume [mym^3] ,Irregularity [-],Diameter Ratio [-]
15755.5,141.6351850603333,444.96005687537394,80074.48267648004,319.3023612000154,1003.117952219843,17045314.2603132,1.0627020229401136,1.0805223148623153
14168.5,134.31267434453144,421.95571100477827,72008.84185216,302.7944930423117,951.2569548891721,14535920.508792521,1.0586841356491334,1.0646798650824592
8907.5,106.49592125864945,334.56680386345016,45270.7596992,240.0844048854993,754.2474026297621,7245868.934064586,1.1356424510961485,1.0825514630616793
22664.5,169.87447619242303,533.6764064385304,115188.22713472001,382.9650191281985,1203.120090675023,29408707.738660883,1.0703630078800854,1.0601713577803593
5964.5,87.1449210486353,273.7738437640552,30313.49382272,196.4595100120434,617.195753381686,3970249.428776451,1.129840763205835,1.099444330512515
