Area [-],Diameter [-],Perimeter [-],Area [mym^2],Diameter [mym],Perimeter [mym],Volume [mym^3] ,Irregularity [-],Diameter Ratio [-]
14914.0,137.80092369131717,432.9143695265297,75797.71093504,310.6584023697054,975.9621546606085,15698130.521573516,1.0558729978943455,1.0108788086310427
16099.0,143.17081906132753,449.78439337150013,81820.25937664001,322.7642944918568,1013.9939364167099,17605772.195227962,1.0573685557376022,1.036318545384706
37723.5,219.1598776368907,688.5110615456939,191722.87437695998,494.0740281446064,1552.1793371486121,63150195.22059131,1.0582610693248222,1.0448992875393581
