Area [-],Diameter [-],Perimeter [-],Area [mym^2],Diameter [mym],Perimeter [mym],Volume [mym^3] ,Irregularity [-],Diameter Ratio [-]
65439.5,288.6523154033182,906.8279935127483,332584.43775872,650.7377798452405,2044.35302857514,144283505.7587914,1.181122827321723,1.1482135828851687
26197.5,182.63540996531702,573.7660622324,133144.0614336,411.7332682258107,1293.4982106967227,36546559.70594283,1.0658884687219239,1.1155006549512092
48761.5,249.16875819533163,782.7867402505454,247821.51547264008,561.7260484755557,1764.7144272208297,92805200.40911324,1.198159884987843,1.1153438577411006
