Area [-],Diameter [-],Perimeter [-],Area [mym^2],Diameter [mym],Perimeter [mym],Volume [mym^3] ,Irregularity [-],Diameter Ratio [-]
27659.5,187.66238085349505,589.5587570445099,140574.41233791996,423.06607139611924,1329.101261881143,39648176.244414635,1.064475121400192,1.0977160103325174
16353.0,144.29582902861094,453.3187164199329,83111.16849408002,325.3005169621005,1021.9617142970968,18024070.717632312,1.063430955264124,1.082987640164215
2866.5,60.413087613391724,189.79331222690797,14568.468445440001,136.1952647156303,427.87004308434126,1322770.9442853385,1.7955147537749696,1.4426702808902672
