Area [-],Diameter [-],Perimeter [-],Area [mym^2],Diameter [mym],Perimeter [mym],Volume [mym^3] ,Irregularity [-],Diameter Ratio [-]
70628.5,299.8783072936878,942.095487164792,358956.59291776,676.0456559628898,2123.860066264307,161780696.88086072,1.0555076055933617,1.0424304019368356
