Area [-],Diameter [-],Perimeter [-],Area [mym^2],Diameter [mym],Perimeter [mym],Volume [mym^3] ,Irregularity [-],Diameter Ratio [-]
67502.0,293.1658502430202,921.0076814068777,343066.7214387199,660.9130927878647,2076.319716963665,151158191.93243816,1.0558972273118437,1.0226745805861173
85857.5,330.631462828478,1038.7093746675932,436355.2344512,745.3755698005208,2341.666414250622,216832354.343002,1.3159821571763377,1.4045441127612384
86324.0,331.5284760917502,1041.5274249456618,438726.1364326399,747.3977965012416,2348.0194267975,218601965.09150544,1.05921371594846,1.0481300397792022
