Area [-],Diameter [-],Perimeter [-],Area [mym^2],Diameter [mym],Perimeter [mym],Volume [mym^3] ,Irregularity [-],Diameter Ratio [-]
4421.5,75.03085130162474,235.71637124177244,22471.47505024,169.1495511743828,531.3989873274518,2534026.6126496242,1.3646230541262128,1.3890261979871414
4581.5,76.37635088300664,239.94338284204997,23284.64614784,172.18284543065016,540.9283622791174,2672811.0857206127,1.2155533983760343,1.4021738032501856
1703.0,46.565297644103836,146.2891969909387,8655.18987008,104.97680700886768,329.7943656963722,605729.4644109964,1.1155708110669356,1.2014454990588816
3636.5,68.0450997826399,213.7699855899259,18481.854352640003,153.40087294998338,481.923055513929,1890088.3942862842,1.1339719209930277,1.3187842925281403
2417.5,55.48023611519021,174.29630219890868,12286.5070528,125.0746442980848,392.93358367721976,1024486.9995299135,1.103919927058928,1.2235392759299897
4525.5,75.90813895557564,238.47245169050962,23000.03626368,171.1273084614497,537.6122950910848,2623956.2002128637,1.2028037843440809,1.3732387501263177
