Area [-],Diameter [-],Perimeter [-],Area [mym^2],Diameter [mym],Perimeter [mym],Volume [mym^3] ,Irregularity [-],Diameter Ratio [-]
1893.0,49.09422021158563,154.23404155043696,9620.83054848,110.67801004499864,347.70522327130504,709876.2533905995,1.1779581053584642,1.0184498253462557
1403.5,42.272824616244904,132.80399526088476,7133.03522176,95.29985581486251,299.3933269161386,453184.8187707092,1.1101970122388887,1.1197721065560138
2524.5,56.69473723974667,178.11177000959182,12830.315224319998,127.81261563328489,401.53517430962376,1093250.7654799302,1.1410677030240894,1.1580127531438398
203552.0,509.0878664925455,1599.3467014046823,1034516.27036672,1147.6876862207946,3605.567203646716,791534389.7966313,1.1326275871885074,1.1411718178962444
