Area [-],Diameter [-],Perimeter [-],Area [mym^2],Diameter [mym],Perimeter [mym],Volume [mym^3] ,Irregularity [-],Diameter Ratio [-]
66205.0,290.3357092387904,912.1165312193662,336474.9532287999,654.532822907929,2056.275507980939,146822600.6497732,1.114182263632874,1.0332866073778788
70685.0,299.9982286941124,942.4722313553742,359243.74396159995,676.316006768007,2124.7093983675554,161974862.9149984,1.0571011150451006,1.032381990729953
