Area [-],Diameter [-],Perimeter [-],Area [mym^2],Diameter [mym],Perimeter [mym],Volume [mym^3] ,Irregularity [-],Diameter Ratio [-]
99068.5,355.15902330870813,1115.7649784827636,503497.75551616005,800.6705021471516,2515.3805674915425,268757200.49272513,1.0638806349132317,1.0425081167906876
1555.5,44.503079801689516,139.8105485671081,7905.5477644799985,100.32774310492884,315.18890068968847,528763.8434789958,1.2523765531229327,1.4186976239748206
5084.5,80.45984380550297,252.77205420835034,25841.052785919994,181.38867187512588,569.849319007305,3124849.4964620327,1.5555639631437506,1.609409772155961
91093.0,340.56307763549495,1069.9104627836014,462963.71746047994,767.7654022214598,2412.0061472993507,236965016.49999174,1.0715979348041729,1.018869190706295
2263.0,53.678124871642765,168.63480275522846,11501.288711680001,121.01196471063145,380.17029933138707,927862.362469736,1.2222129841773537,1.2119200633803946
3325.0,65.06551687525749,204.40934981733164,16898.711872000007,146.6837012435805,460.8204382281925,1652510.4024225303,1.2701100243928027,1.4994221403289352
1320.5,41.00381468623112,128.81728298742095,6711.20271488,92.43899982863942,290.4056827668418,413584.5777405046,1.3812112463078055,1.2760761472696394
3303.0,64.8499052910661,203.7319860484071,16786.900846079996,146.1976264881794,459.29338934752894,1636136.706526204,1.1596106506181725,1.0467593995724207
