Area [-],Diameter [-],Perimeter [-],Area [mym^2],Diameter [mym],Perimeter [mym],Volume [mym^3] ,Irregularity [-],Diameter Ratio [-]
1403.0,42.26529405154344,132.78033729414125,7130.494062080001,95.28287890979954,299.3399923959121,452942.66818947555,1.1262142199079275,1.0883634204437806
3592.5,67.63218955838316,212.47278986280884,18258.232300800002,152.470008140419,478.9986574667163,1855888.551688425,1.1659039713996824,1.1217509122844929
1016.5,35.97565839874641,113.02086413355767,5166.177629440001,81.1035242941339,254.7942361026924,279330.14191806543,1.0866239882591682,1.069066335607365
2816.5,59.88388078395209,188.13075993931085,14314.352477440001,135.0022208393416,424.12198520718243,1288312.916221021,1.1884326316751463,1.3267468844402666
5686.0,85.08607436804294,267.3057861574385,28898.067880959996,191.81804605531602,602.6141643133294,3695447.2771330886,1.351649019061405,1.2172659372897123
