Area [-],Diameter [-],Perimeter [-],Area [mym^2],Diameter [mym],Perimeter [mym],Volume [mym^3] ,Irregularity [-],Diameter Ratio [-]
1205.0,39.16955005365611,123.05477069298372,6124.194828800002,88.30383364096234,277.41467505026253,360526.5875647981,1.0986649064977758,1.1373050141364114
7701.5,99.02451390326466,311.0946854037966,39141.48255104,223.24086414351984,701.331858774319,5825318.925701782,1.7200080019173212,1.726613227200342
6863.0,93.47856971262141,293.67158787725276,34879.95776767999,210.7380875601337,662.0532277104786,4900357.062759408,1.518468379876929,1.4903763824348064
2274.5,53.81434143887787,169.0627397221515,11559.73538432,121.31905133980626,381.1350404296183,934944.0870432621,1.236792052751198,1.204434923095741
