Area [-],Diameter [-],Perimeter [-],Area [mym^2],Diameter [mym],Perimeter [mym],Volume [mym^3] ,Irregularity [-],Diameter Ratio [-]
244402.5,557.837725357595,1752.4988998786612,1242131.5573824001,1257.5893680461622,3950.833519886454,1041394293.5191518,1.1517704166527944,1.0463394559701868
71819.5,302.3961433006496,950.0055022672071,365009.63527552,681.7218654569845,2141.6924043111917,165890032.9798673,1.0576066089587148,1.0125038062715672
