Area [-],Diameter [-],Perimeter [-],Area [mym^2],Diameter [mym],Perimeter [mym],Volume [mym^3] ,Irregularity [-],Diameter Ratio [-]
166015.5,459.75808817135606,1444.3726322276207,843743.78971008,1036.478633973505,3256.1936620939478,583014940.3882214,1.077169877228242,1.062803504485822
58995.5,274.071894876916,861.0222515007534,299833.97180288006,617.8676798105195,1941.0885637832985,123505146.99081212,1.067491713569706,1.0928938710594267
