Area [-],Diameter [-],Perimeter [-],Area [mym^2],Diameter [mym],Perimeter [mym],Volume [mym^3] ,Irregularity [-],Diameter Ratio [-]
70619.5,299.8592003414683,942.0354609040668,358910.85204351996,676.0025812498061,2123.7247430621283,161749774.94665784,1.0578488057370514,1.035218730945555
