Area [-],Diameter [-],Perimeter [-],Area [mym^2],Diameter [mym],Perimeter [mym],Volume [mym^3] ,Irregularity [-],Diameter Ratio [-]
103573.0,363.14355201057197,1140.8491151949158,526391.0630732799,818.6708236526334,2571.9302452954184,287294003.4463916,1.0645914620800931,1.000785923544485
90510.5,339.4724551620528,1066.4841712331956,460003.26643328014,765.3067029173319,2404.281915628116,234695722.11017105,1.1639413485623709,1.0596786705389079
3812.0,69.66770517628983,218.86755077429171,19373.80140032,157.0588745494278,493.4150064655633,2028551.6291189252,1.1641467010750528,1.3217027024021735
90360.5,339.19104039175573,1065.6000806582185,459240.91852927994,764.6722814591741,2402.288821835888,234112533.9407941,1.131100364150897,1.0232253710857862
9178.5,108.10378883902123,339.6180688418914,46648.068245760005,243.70918155868947,765.6349743971599,7579041.688978708,1.1131078119069693,1.0025975864705097
1630.0,45.55634377250127,143.1194749201011,8284.1805568,102.70222140072687,322.64854425987596,567202.497112047,1.1099314917056113,1.024424631462677
1171.5,38.621239320576485,121.33220172205634,5953.937130240001,87.06772192430763,273.5313155622038,345597.16160703107,1.2043372523759257,1.0398661434993448
6268.5,89.3381334379243,280.6640236940076,31858.518908159993,201.40388802245653,632.7289750157707,4277619.71649358,1.438542957573551,1.4836618116316054
