Area [-],Diameter [-],Perimeter [-],Area [mym^2],Diameter [mym],Perimeter [mym],Volume [mym^3] ,Irregularity [-],Diameter Ratio [-]
2437.0,55.70354360828036,174.99784337869227,12385.612280320003,125.57806871050725,394.51513811292386,1036907.513306485,1.1142705756088926,1.0155286148089833
68253.5,294.79324155513035,926.1202819975189,346886.08443775994,664.5818837618858,2087.8455637352063,153689471.63095406,1.0623929631974498,1.0573778882455003
4603.5,76.55950786276203,240.5187874641032,23396.457173759998,172.59575452581072,542.2255544590743,2692086.1194239496,1.0990837302703031,1.022509268696077
6131.0,88.35288138352524,277.5687630779733,31159.69999615999,199.1827357910193,625.751019482983,4137649.5277750404,1.2621486557285524,1.1950688481311997
88173.0,335.06021903224126,1052.6227226218762,448123.34492927993,755.3597577862847,2373.0326658787576,225662894.1894404,1.1397898314196864,1.0277585128615474
2244.0,53.452310879752474,167.92538717722815,11404.724643839998,120.50288964731398,378.5709928523431,916201.516809769,1.1504869000755291,1.1299559727257578
