Area [-],Diameter [-],Perimeter [-],Area [mym^2],Diameter [mym],Perimeter [mym],Volume [mym^3] ,Irregularity [-],Diameter Ratio [-]
165834.0,459.50669925650806,1443.58287065954,842821.3487462397,1035.9119028038717,3254.413223614867,582059111.4022952,1.0760087357097008,1.063639179589957
