Area [-],Diameter [-],Perimeter [-],Area [mym^2],Diameter [mym],Perimeter [mym],Volume [mym^3] ,Irregularity [-],Diameter Ratio [-]
1197.0,39.039310125154486,122.64560989039896,6083.53627392,88.01022074614828,276.49226293691544,356942.2469232664,1.186663787761277,1.30735278425086
88756.0,336.1661033366007,1056.096960628172,451086.33711616,757.8528633620326,2380.864988040151,227904714.80464864,1.0932680858728152,1.0463658979615316
3782.0,69.39302528488281,218.0046184453586,19221.331819519994,156.4396362022398,491.4696118232164,2004652.1047788293,1.111484048848177,1.1240322738457147
