Area [-],Diameter [-],Perimeter [-],Area [mym^2],Diameter [mym],Perimeter [mym],Volume [mym^3] ,Irregularity [-],Diameter Ratio [-]
87720.0,334.1984034434762,1049.9152490994627,445821.0542592,753.4168807229727,2366.9289375698286,223926072.04039574,1.059216386420763,1.0173597374994792
65755.5,289.3484108887294,909.0148419759132,334190.45067647996,652.3070575075516,2049.2830597504985,145329859.6852648,1.055826033819957,1.0368123297396188
