Area [-],Diameter [-],Perimeter [-],Area [mym^2],Diameter [mym],Perimeter [mym],Volume [mym^3] ,Irregularity [-],Diameter Ratio [-]
109298.5,373.04580466778634,1171.9579593968106,555489.8825689601,840.9944620430575,2642.06202366417,311442609.97429585,1.0693572701471628,1.0191137715164038
72519.5,303.86624551671025,954.6239645892093,368567.25882751995,685.0360638928715,2152.1042657699136,168321242.84465966,1.0962140602092583,1.0472800695681097
