Area [-],Diameter [-],Perimeter [-],Area [mym^2],Diameter [mym],Perimeter [mym],Volume [mym^3] ,Irregularity [-],Diameter Ratio [-]
77870.0,314.87642552043667,989.2134652036175,395760.2085631999,709.8574136932724,2230.082835955035,187288878.7289221,1.0618846376401585,1.0509681021649708
1663.0,46.01518622036181,144.56097098345495,8451.897095679999,103.73663581518366,325.8982529851008,584514.2473079764,1.3455199222833996,1.3811163535891668
