Area [-],Diameter [-],Perimeter [-],Area [mym^2],Diameter [mym],Perimeter [mym],Volume [mym^3] ,Irregularity [-],Diameter Ratio [-]
74142.5,307.24772244156145,965.2471876546052,376815.8631487999,692.6592654722562,2176.053259848542,174003332.6579613,1.0581325979694363,1.037805190925859
3353.0,65.33890260401533,205.26821641439358,17041.01681408,147.30002203049216,462.75666708460886,1673428.101423981,1.3602707142331119,1.557281092006024
