Area [-],Diameter [-],Perimeter [-],Area [mym^2],Diameter [mym],Perimeter [mym],Volume [mym^3] ,Irregularity [-],Diameter Ratio [-]
104664.0,365.05115218303456,1146.842017882711,531935.8734950399,822.9713174814331,2585.4406451147834,291845311.0838999,1.1175992686839962,1.0261372634819481
4347.5,74.4003287676615,233.73552628115073,22095.383417600002,167.7281011738161,526.9333704482262,2470677.803560981,1.2150790459521155,1.4307723860402477
101204.0,358.96648156252337,1127.7264613617992,514351.04850944004,809.2540360345527,2542.3465344940405,277493774.6299122,1.1130054026161307,1.0330131842399035
