Area [-],Diameter [-],Perimeter [-],Area [mym^2],Diameter [mym],Perimeter [mym],Volume [mym^3] ,Irregularity [-],Diameter Ratio [-]
10277.5,114.39282941258003,359.37567250591184,52233.5372224,257.8871946277204,810.1765160973276,8980240.25317823,1.5154060463302612,1.2457673433560275
3473.0,66.49782657249197,208.90908343982892,17650.895137279997,149.9127002250259,470.9646377067503,1764062.234278949,1.1598761144679481,1.3032244066157346
80513.5,320.1764702238978,1005.8640467077086,409195.31979136,721.8058344727552,2267.619906897858,196906379.50956568,1.0566192931553877,1.0224372557220665
1236.0,39.67019129387532,124.62758153534047,6281.74672896,89.43247925291251,280.9604198132715,374528.12267317745,1.1157548035735758,1.146421873479484
34965.5,210.99634428453336,662.8645651385928,177705.83758208,475.670158555052,1494.3618756484434,56352909.292550884,1.2657064918217031,1.1092302765662247
1803.5,47.91959431099001,150.54384545040946,9165.96296576,108.02993341469588,339.3860451834031,660132.2459150808,1.2450764638781981,1.457225896235831
1587.0,44.951431095068635,141.21908569661542,8065.640824319999,101.33850626072272,318.36430679444976,544906.6621147287,1.1693680230189076,1.3142467966718594
