Area [-],Diameter [-],Perimeter [-],Area [mym^2],Diameter [mym],Perimeter [mym],Volume [mym^3] ,Irregularity [-],Diameter Ratio [-]
1574.0,44.76694141230944,140.639494264596,7999.570672640001,100.92259271991041,317.0576758701053,538224.9419526578,1.1000514309118876,1.09635882434014
1475.0,43.33622420659609,136.14476360176243,7496.421056,97.69718385135023,306.9247550638133,488252.81742344337,1.1672258496768055,1.187872942419053
2102.5,51.73959936843036,162.54474527553992,10685.5764544,116.64175281618941,366.44087374917723,830922.9116617456,1.3356042518427091,1.505113068020209
1430.5,42.67750190373905,134.075326454351,7270.257844479999,96.21216029178932,302.2594159586889,466324.80873049895,1.1335624464558756,1.2184405759570522
1624.0,45.472420439755616,142.8558219944826,8253.686640640002,102.51302463938507,322.0541651043616,564073.5879717945,1.1389852694612423,1.1431034153225157
