Area [-],Diameter [-],Perimeter [-],Area [mym^2],Diameter [mym],Perimeter [mym],Volume [mym^3] ,Irregularity [-],Diameter Ratio [-]
81957.0,323.03388888452514,1014.8408921801657,416531.6477875199,728.2475991012734,2287.8573073309653,202225448.30063912,1.058042003062333,1.0308515962516782
1574.0,44.76694141230944,140.639494264596,7999.570672640001,100.92259271991041,317.0576758701053,538224.9419526578,1.2672499756303488,1.5359783988675344
65878.0,289.61780802993286,909.861178055616,334813.03479808,652.9143864226806,2051.191039808581,145736164.78766933,1.0600402351395597,0.98825647756821
