Area [-],Diameter [-],Perimeter [-],Area [mym^2],Diameter [mym],Perimeter [mym],Volume [mym^3] ,Irregularity [-],Diameter Ratio [-]
30989.0,198.63640213162833,624.0346616722314,157495.99464704,447.8059049655429,1406.8237412738786,47018424.27424403,1.2977446687588363,1.3960569980222046
28888.5,191.7862888427683,602.514396087691,146820.58283136,432.3630095671368,1358.3084545400905,42319859.37291194,1.0729740584613778,1.0462722661750616
1222.5,39.45295101052311,123.9451010570974,6213.1354176,88.9427327581233,279.4218358231204,368408.82869175175,1.2635446688896317,1.1316807139826308
42174.5,231.7288095585724,727.9975257343193,214344.27784832,522.4094282688457,1641.1976220154495,74650314.42895964,1.0767609198452477,1.0715465094499668
3877.5,70.26369143953792,220.73989684055238,19706.693318400005,158.40246598129428,497.63602343734124,2081059.2119811038,1.2532150320309163,1.3444946091282592
1405.0,42.295408265589586,132.87494388775727,7140.658700800001,95.35076839394516,299.55327350055995,453911.5293067934,1.2219574760334675,1.2003608567539545
4059.0,71.88935465060196,225.84706844164234,20629.134282239997,162.06736112431705,509.14963109483847,2228872.9036012124,1.1398038309428062,1.1881841712041372
13716.5,132.15290467999506,415.17059449322466,69711.63350144001,297.9255083105809,935.9605882255257,13845915.897384956,1.2057108293438632,1.2653284299538439
