Area [-],Diameter [-],Perimeter [-],Area [mym^2],Diameter [mym],Perimeter [mym],Volume [mym^3] ,Irregularity [-],Diameter Ratio [-]
1816.0,48.08537213372748,151.0646518404496,9229.49195776,108.40366293827523,340.5601511091096,667007.1568536913,1.245602583417641,1.3320567485653478
1317.0,40.94943809646488,128.64645389248406,6693.41459712,92.31641324467043,290.0205656552161,411941.35197709274,1.173720247260635,1.2260139466648645
2009.5,50.58235725176625,158.90916194340323,10212.920753920002,114.03286618838183,358.24481468520827,776405.7504828713,1.3575231715856033,1.5569189816349134
11723.5,122.17538132824747,383.8252804303538,59582.57101696001,275.4321796664011,865.2957122021897,10940638.270219622,1.2211749488250798,1.3383511742366998
35164.5,211.5959167158942,664.7481774842508,178717.21913471998,477.02183464431187,1498.6082913204953,56834677.1694491,1.4181792890545786,1.3206270937274618
18103.5,151.8225678155689,476.9646636985294,92007.76853376,342.26879688341853,1075.2691378419647,20994258.82665206,1.3484617572273208,1.3279635600117248
