Area [-],Diameter [-],Perimeter [-],Area [mym^2],Diameter [mym],Perimeter [mym],Volume [mym^3] ,Irregularity [-],Diameter Ratio [-]
19787.0,158.72489052342945,498.64895001025013,100563.85317632,357.82939319601934,1124.154192903108,23989801.706357438,1.056255251798779,1.0023571540440341
17434.5,148.9909220143469,468.068786051842,88607.69688192,335.8851345891436,1055.2142712752725,19841338.795211826,1.056808223158463,1.000060929790422
