Area [-],Diameter [-],Perimeter [-],Area [mym^2],Diameter [mym],Perimeter [mym],Volume [mym^3] ,Irregularity [-],Diameter Ratio [-]
1083.0,37.13379090462191,116.65924470589967,5504.151866879999,83.71441821537964,262.99660126498026,307184.5808699699,1.1801999894104285,1.21394553478224
1910.0,49.314171699869,154.92503953017413,9707.229977599998,111.17386868018467,349.26300911682455,719460.2071853695,1.23190423490594,1.1761324990510602
1147.5,38.22358404942686,120.08293084355142,5831.9614656,86.17124788102791,270.7149592937023,335031.59805654694,1.2794458641071247,1.470014637696013
1335.0,41.228325120254915,129.52260331760436,6784.8963456,92.94513615110267,291.9957569192073,420415.4097419407,1.1274046496408299,1.1649473396541257
