Area [-],Diameter [-],Perimeter [-],Area [mym^2],Diameter [mym],Perimeter [mym],Volume [mym^3] ,Irregularity [-],Diameter Ratio [-]
45372.5,240.35403313340962,755.0944647525973,230597.53516159998,541.8541322959586,1702.2849613382555,83300151.54971704,1.3649593140623975,1.308448631636479
19235.5,156.49728196602402,491.6507113312315,97760.95404928,352.8074724642045,1108.377363625128,22993863.40254381,1.1890556721387715,1.329796434631189
