Area [-],Diameter [-],Perimeter [-],Area [mym^2],Diameter [mym],Perimeter [mym],Volume [mym^3] ,Irregularity [-],Diameter Ratio [-]
24662.5,177.2040357103386,556.7028967740631,125342.701216,399.4887781053873,1255.0310104874477,33382001.702138994,1.063865348292787,1.0798884739618855
20276.5,160.6762011899165,504.77917326495725,103051.64850303998,362.22842796254776,1137.9741682085196,24885491.090803474,1.054833400105987,1.0082389227544581
