Area [-],Diameter [-],Perimeter [-],Area [mym^2],Diameter [mym],Perimeter [mym],Volume [mym^3] ,Irregularity [-],Diameter Ratio [-]
8790.0,105.79118866059726,332.3528211106642,44673.587174399996,238.49565571645044,749.2561999118813,7102970.977576359,1.2126249794989645,1.3800391959567224
31818.0,201.2757706093394,632.326482291925,161709.23739648,453.7560972616947,1425.5168216789157,48917701.63479444,1.0618110548322683,1.0820627533409697
15700.5,141.38775573618256,444.18273472833926,79794.95511168,318.74455653164995,1001.365557171568,16956138.387023572,1.056648980481146,1.039693990717905
22890.0,170.71746594589516,536.3247368550899,116334.29015039999,384.865455228426,1209.0904867661145,29848699.691606324,1.058821467952107,1.0660889264703624
20046.0,159.7603202104987,501.9018483084556,101880.17389056,360.16366588254823,1131.4875268265823,24462357.93945038,1.0619304248668804,1.0799556322236852
