Area [-],Diameter [-],Perimeter [-],Area [mym^2],Diameter [mym],Perimeter [mym],Volume [mym^3] ,Irregularity [-],Diameter Ratio [-]
3556.5,67.29246942155271,211.40552757666578,18075.26880384,151.70414306394844,476.59262136883535,1828062.1096913787,1.1535412895421122,1.3253057675840254
6787.5,92.96296794901676,292.0517771645344,34496.242656,209.57571494426338,658.4015264397265,4819716.478347996,1.3316776615052899,1.2993498663807208
2697.0,58.59971887433193,184.0964463180283,13707.015313919996,132.10720623029388,415.027028579363,1207196.9992518837,1.0838835185342313,1.1604151232504567
2533.0,56.79010271882036,178.41136949805576,12873.514938879996,128.0276075693086,402.2105913964169,1098776.8790883736,1.3802359209848973,1.536663142211735
2994.0,61.74203751850985,193.96833148581592,15216.464163839999,139.1912493817286,437.28220650162336,1411999.1054247932,1.4767915420249655,1.2957136371797988
1981.0,50.22238084878452,157.77826272033016,10068.074652160001,113.22133538549981,355.6953154767123,759947.2379189712,1.2092536317531908,1.3300843552775239
1708.0,46.63360529068772,146.50379179163065,8680.601466879998,105.1307997673264,330.2781482150521,608399.049783014,1.2288035893971736,1.288754525675599
