Area [-],Diameter [-],Perimeter [-],Area [mym^2],Diameter [mym],Perimeter [mym],Volume [mym^3] ,Irregularity [-],Diameter Ratio [-]
2414.0,55.440060073837245,174.1700854425439,12268.718935039999,124.98407143045868,392.64904062167096,1022262.9624915068,1.0823309063889597,1.0642124110511693
4262.5,73.66942078931821,231.43931114593727,21663.386271999992,166.08034222743896,521.756783047401,2398575.070572641,1.1807068217894179,1.3240930221860612
