Area [-],Diameter [-],Perimeter [-],Area [mym^2],Diameter [mym],Perimeter [mym],Volume [mym^3] ,Irregularity [-],Diameter Ratio [-]
20871.0,163.01466970235404,512.1256887642821,106073.08736256,367.5002713769869,1154.5361527501975,25987925.594357092,1.0557966220303072,1.0183132616414021
9688.0,111.06369663123165,348.9168934172028,49237.50995968,250.38199768544862,786.598244519742,8218790.7365079,1.0576138325423605,1.0354418544327602
39059.0,223.0055232002354,700.5925133958077,198510.31188224,502.74365150261065,1579.4157621995087,66533199.37106628,1.0697168754231554,1.1159539370606038
21876.5,166.89525128175094,524.3168953457713,111183.35947904002,376.24865448957934,1182.0200088675067,27888392.937080014,1.055522908013164,1.0337864995686257
