Area [-],Diameter [-],Perimeter [-],Area [mym^2],Diameter [mym],Perimeter [mym],Volume [mym^3] ,Irregularity [-],Diameter Ratio [-]
1624.5,45.47941996576333,142.87781165396703,8256.22780032,102.52880437081684,322.1037385927033,564334.1099866058,1.246281793522945,1.394586223437451
3873.5,70.22744033874261,220.62601064860928,19686.36404096,158.32074149966135,497.3792784062248,2077839.8349313715,1.229777249683889,1.3940484116740217
4846.0,78.55010397056517,246.77242957264198,24628.91961856,177.08335439124212,556.3237652285641,2907581.134057917,1.140984386652486,1.2812338515020507
4623.0,76.72148600822756,241.0276568159398,23495.562401279996,172.9609180569482,543.3727495258547,2709209.3621264687,1.2620580966843036,1.4205216933050244
