Area [-],Diameter [-],Perimeter [-],Area [mym^2],Diameter [mym],Perimeter [mym],Volume [mym^3] ,Irregularity [-],Diameter Ratio [-]
19778.0,158.68878887864778,498.5355333482215,100518.11230207999,357.74800564802354,1123.8985063802306,23973436.13838211,1.0581572707278624,1.034272058731288
15023.5,138.30587225540611,434.50071222591225,76354.22490496,311.79675841258756,979.5384056420966,15871333.21098146,1.0552728541519358,1.0020753891827918
