Area [-],Diameter [-],Perimeter [-],Area [mym^2],Diameter [mym],Perimeter [mym],Volume [mym^3] ,Irregularity [-],Diameter Ratio [-]
30645.0,197.53082252754646,620.5613809100892,155747.67678719998,445.31348630610074,1398.993577123705,46237693.956122525,1.084840693289426,1.1498509133805042
25742.0,181.04069255438833,568.7561097296747,130829.06496512,408.13813729461305,1282.2037737745786,35597553.91923999,1.0641979987990768,1.0922992370466886
