Area [-],Diameter [-],Perimeter [-],Area [mym^2],Diameter [mym],Perimeter [mym],Volume [mym^3] ,Irregularity [-],Diameter Ratio [-]
19263.5,156.61114254741202,492.0084148972535,97903.25899136,353.06415975888564,1109.1837705443681,23044087.915627386,1.241493934258209,1.3769556091530282
1124.0,37.83016320718592,118.84696281579816,5712.526960640002,85.28431993427994,267.9285929719354,324792.6512962811,1.095740207356508,1.087510844526897
22473.5,169.15717220563153,531.4229295032355,114217.50413696001,381.3479290203757,1198.0398522720943,29037739.107003927,1.0865705298707602,1.1882440299703023
2256.0,53.595040935916145,168.3737868731184,11465.71247616,120.82466028592935,379.5818651267581,923560.5432454492,1.6250888535802899,1.8930784610475782
1801.0,47.886369877743164,150.43946781500148,9153.257167359998,107.95503225238419,339.1507362421393,658760.1151444769,1.4034686915619012,1.3270382158622418
2291.0,54.009182524717566,169.67485104604293,11643.593653759997,121.75830108372328,382.5149841981992,945136.1211940263,1.3427056121971068,1.3841250534068381
1687.0,46.346036637108675,145.60036822214403,8573.872760319999,104.48250499469779,328.24147012000145,597213.1356693584,1.5154618392717174,1.2158097113457198
