Area [-],Diameter [-],Perimeter [-],Area [mym^2],Diameter [mym],Perimeter [mym],Volume [mym^3] ,Irregularity [-],Diameter Ratio [-]
16309.5,144.103783277394,452.71538689875666,82890.08760192001,324.867569020557,1020.601568224557,17952200.836757842,1.0536467320413414,1.0059200068541796
12281.0,125.04661070533872,392.8455135481949,62415.96406015999,281.9050791741156,885.6309257430505,11730251.52673877,1.0568059299384316,1.031615325456338
9121.0,107.76464117478153,338.5526050314338,46355.83488256,242.9446070644275,763.2329927828644,7507933.393791347,1.0569930777193595,1.0367303101937264
9911.0,112.33466574424031,352.9097606455704,50370.86717696,253.24727045381536,795.5997643993738,8504189.748637866,1.0536624413047366,1.0237267297507968
