Area [-],Diameter [-],Perimeter [-],Area [mym^2],Diameter [mym],Perimeter [mym],Volume [mym^3] ,Irregularity [-],Diameter Ratio [-]
1838.5,48.38234081765367,151.99760647621835,9343.844143359998,109.07314913931843,342.66340403998663,679441.6705221682,1.1687000429538827,1.3316530080237463
1418.0,42.490630431125176,133.48825240882175,7206.728852479999,95.79087724392859,300.93591623044773,460225.91922546,1.1600482401697694,1.2524741046830208
1290.5,40.53536274021398,127.34559779525365,6558.733134079999,91.38292176153838,287.0879156696198,399570.79789762804,1.193466893997563,1.3588445530749016
1323.0,41.04261099984527,128.93916520125754,6723.908513279999,92.52646223805118,290.680454029715,414759.6447640751,1.2373207452973085,1.1132210594871617
1104.5,37.50057435773467,117.81152890765702,5613.42173312,84.54129483207704,265.59431076942195,316377.2945043245,1.1074301259280563,1.1879211569542816
14197.5,134.4500592650575,422.3873184618169,72156.2291136,303.1042136071456,952.22997074032,14580571.388223166,1.4598555053187665,1.494873341260077
1554.0,44.48161701780234,139.74312124292257,7897.924285440001,100.2793574049336,315.0368925300446,527999.1814511619,1.1011794245288968,1.0341350671130047
