Area [-],Diameter [-],Perimeter [-],Area [mym^2],Diameter [mym],Perimeter [mym],Volume [mym^3] ,Irregularity [-],Diameter Ratio [-]
16141.5,143.3596739370686,450.37769846172284,82036.25794944001,323.1900489237275,1015.3314834121081,17675534.81346603,1.0554368820249793,1.0114420326015212
32369.5,203.01262877787886,637.782983154536,164512.13652352,457.6716703168501,1437.817957223586,50195029.54007539,1.0705312083398397,1.1186057554043551
2018.0,50.689223719401724,159.24489285304193,10256.12046848,114.27378595301924,359.0016864478977,781337.1434156419,1.279044091884926,1.464135592552753
26478.0,183.61055706439552,576.8295771950345,134569.65201408003,413.9316398459733,1300.4045988284856,37135091.15446008,1.0628236268580915,1.092713797454109
