Area [-],Diameter [-],Perimeter [-],Area [mym^2],Diameter [mym],Perimeter [mym],Volume [mym^3] ,Irregularity [-],Diameter Ratio [-]
5060.5,80.26972477922352,252.1747776720832,25719.07712128,180.9600675422815,568.5028187839443,3102750.62199465,1.0860126751186807,1.1358584955772035
3027.5,62.08649387496209,195.0504730447286,15386.721862399994,139.96779179171452,439.7217864320361,1435763.654662283,1.063512410474659,1.0630331313750692
2449.0,55.840519741997504,175.42816659409516,12446.600112639997,125.88686770635917,395.48525876972815,1044575.6678492442,1.0651243521374238,1.0565804235454896
4321.0,74.17323016291415,233.02207497283595,21960.701954559994,167.21613007927365,525.3249658187614,2448122.3964439086,1.0656014285607713,1.1190020957385667
2685.5,58.47465089580509,183.7035336754891,13648.56864128,131.825252979503,414.14124631802264,1199484.009296565,1.060144588189627,1.0554226870891201
2822.0,59.942322237652995,188.31435918092274,14342.30523392,135.13397125256492,424.53589133747226,1292088.4421173711,1.058539000351519,1.0676930357529284
5320.5,82.30595967342482,258.5717982566892,27040.480154880002,185.55055548776892,582.92426198988,3344917.408929317,1.1442276647796166,1.2661135945864563
3565.0,67.37283560145627,211.65800537704789,18118.468518399994,151.88532057992302,477.1618073220168,1834619.599556284,1.0731324933775432,1.0766483157199642
4609.0,76.60522868371561,240.66242365932706,23424.40993024,172.69882754456847,542.5493678975869,2696912.0872505303,1.0710625104864258,1.144585629507079
