Area [-],Diameter [-],Perimeter [-],Area [mym^2],Diameter [mym],Perimeter [mym],Volume [mym^3] ,Irregularity [-],Diameter Ratio [-]
3620.0,67.89055274440832,213.28446174998356,18397.996083199996,153.0524621069941,480.8284905691629,1877239.0655790623,1.0962982152085816,1.159818328389531
3622.5,67.91399156877121,213.35809698841078,18410.701881599998,153.1053025926378,480.9944938506732,1879184.055016809,1.082858260745208,1.14842679151828
4775.0,77.97255174810172,244.95799575348636,24268.074943999996,175.78132066092053,552.2333056266597,2843916.1757030096,1.0883209830347091,1.1585762030230753
7269.5,96.20714563093672,302.24366193699416,36945.920587520006,216.88938911038375,681.3781114707597,5342118.764231977,1.1044272282632006,1.1833007503057635
3318.0,64.99699077212168,204.19406871514104,16863.135636479998,146.5292159966711,460.3351085114139,1647294.696039293,1.070803883777828,1.0664817983344574
3159.5,63.42554959628451,199.2572406615825,16057.58801792,142.9865590098638,449.20552334747157,1530679.5044536002,1.0632738072336758,1.0702666095428088
3419.5,65.9836542124024,207.29376333069257,17378.99105152,148.75355005643996,467.32306005271334,1723457.7435418013,1.0679516841755377,1.0942105748587112
3180.0,63.630981072570435,199.90262267829846,16161.775564799998,143.4496837300028,450.660472565956,1545601.0621905646,1.063776947873207,1.0331507307314491
