Area [-],Diameter [-],Perimeter [-],Area [mym^2],Diameter [mym],Perimeter [mym],Volume [mym^3] ,Irregularity [-],Diameter Ratio [-]
3909.0,70.54851791759874,221.6347056115761,19866.786378239995,159.0445787934346,499.6532803307371,2106469.781004216,1.0908241964956915,1.153714783024354
2929.5,61.07335954654582,191.8676176814764,14888.65456512,137.6837817617329,432.5463573011204,1366617.510579873,1.0714717606751623,1.1184123352077295
4099.0,72.24270824013612,226.95716148264245,20832.42705664,162.8639614565629,511.6522248464692,2261901.0647995165,1.0794766116716141,1.1691173702593995
3552.0,67.24988373892774,211.27174070898306,18052.398366719994,151.60813790103867,476.29101225433135,1824593.6673507802,1.0806398205983148,1.1023923511019458
4140.5,72.60749503306076,228.10317299142108,21043.343310080003,163.68633680253217,514.2357931918597,2296338.520336712,1.068476454400682,1.0989804831356598
4497.0,75.6687401287614,237.720358094912,22855.190161919996,170.5876077462797,535.9167752891695,2599208.1428721594,1.0785442119040458,1.1282127530708197
2742.5,59.09195758676627,185.64285984082454,13938.2608448,133.21690918360588,418.51326322515484,1237874.6860927541,1.0616915354228893,1.0492121522453166
6052.0,87.78180748160295,275.77468150303736,30758.196766720004,197.8953067865257,621.7064419804475,4057935.190233585,1.1403337494901107,1.3002934022116213
11861.0,122.88976458641201,386.0695816260511,60281.389928959994,277.0426852836072,870.3552648177696,11133678.759031516,1.0748333397676266,1.120856370555091
