Area [-],Diameter [-],Perimeter [-],Area [mym^2],Diameter [mym],Perimeter [mym],Volume [mym^3] ,Irregularity [-],Diameter Ratio [-]
5956.0,87.08280386185685,273.5786968664103,30270.294108160004,196.31947302617007,616.7558142156355,3961765.458440768,1.086416255197305,1.1819457154238948
4737.0,77.66167473992861,243.98134682843974,24074.94680832,175.08047953369507,550.0315482900346,2810035.4879659116,1.0810846939449752,1.1344215085984248
7218.0,95.86575527214296,301.1711524938013,36684.18114048,216.1197586855191,678.9602461820257,5285450.917104273,1.1139998347672648,1.1840258274727826
4090.5,72.16776536473319,226.7217214958377,20789.22734208,162.6950102382545,511.1214489402165,2254869.0368434037,1.0765003624375722,1.1383123673524722
3567.5,67.39645447531119,211.73220625763656,18131.1743168,151.93856696914153,477.32908578721583,1836549.7621081972,1.0566312677212277,1.0411464386149685
