Area [-],Diameter [-],Perimeter [-],Area [mym^2],Diameter [mym],Perimeter [mym],Volume [mym^3] ,Irregularity [-],Diameter Ratio [-]
4114.5,72.3791690116212,227.38586563984316,20911.203006719996,163.17159861979883,512.6186954984624,2274742.949113097,1.0767404854572244,1.1625680057648544
3392.5,65.72263807482199,206.47375695040157,17241.768428800005,148.1651152758787,465.47443766898533,1703085.737875439,1.0618181774019075,1.0346511033623658
6165.0,88.59752701566944,278.33733999865035,31332.49885439999,199.73426490412518,627.4836992929573,4172115.7508619516,1.0697971736948786,1.0914731328384863
5431.5,83.16009011075587,261.25512816381587,27604.61760384,187.47610714568805,588.9735609325065,3450137.498408837,1.0635772275554598,1.0942749085384904
3581.0,67.52385363482017,212.1324425212235,18199.785628159996,152.2257756343386,478.23137841984624,1846984.3224168958,1.0629219473506533,1.0635665003956427
3556.5,67.29246942155271,211.40552757666578,18075.26880384,151.70414306394844,476.59262136883535,1828062.1096913787,1.073266366494587,1.1293982915666103
4560.0,76.19693119799736,239.37971927771542,23175.376281599998,171.77836169276523,539.6576391396816,2654018.7795110783,1.072153491527894,1.1326193199275616
