Area [-],Diameter [-],Perimeter [-],Area [mym^2],Diameter [mym],Perimeter [mym],Volume [mym^3] ,Irregularity [-],Diameter Ratio [-]
5151.0,80.9843002990754,254.41968287568497,26179.027023360002,182.57100659423557,573.5637330749441,3186354.210208353,1.0811986119174386,1.0753681402413928
6570.0,91.46137878312364,287.3343956722546,33390.8381952,206.19053232867392,647.7666616035308,4589916.468245937,1.0708972862802162,1.0978313006499125
