Area [-],Diameter [-],Perimeter [-],Area [mym^2],Diameter [mym],Perimeter [mym],Volume [mym^3] ,Irregularity [-],Diameter Ratio [-]
3908,70.53949348,221.6063545,19861.70406,159.0242341,499.5893656,2105661.517,1.108372388,1.196469191
4323,74.19039393,233.0759965,21970.86659,167.2548241,525.4465266,2449822.285,1.070991299,1.120133243
4634,76.81270761,241.3142379,23551.46791,173.166568,544.018818,2718884.581,1.11814113,1.216733197
2201,52.93770148,166.3086941,11186.18491,119.3427542,374.9263199,889993.411,1.117340111,1.190766722
