Area [-],Diameter [-],Perimeter [-],Area [mym^2],Diameter [mym],Perimeter [mym],Volume [mym^3] ,Irregularity [-],Diameter Ratio [-]
3608.0,67.77793355808708,212.9306581415835,18337.008250880004,152.79857341335153,480.03087571438584,1867912.467602214,1.0706091462806073,1.1108199056299757
2496.5,56.37945125159816,177.12126986544465,12688.01028224,127.1018349016029,399.3021907846584,1075112.9254154058,1.075823907182444,1.0911472616053586
6092.5,88.07503577234004,276.6958853470417,30964.030700799995,198.55636064516338,623.7832039263708,4098736.831237303,1.0630778816663011,1.0998988062790833
3204.5,63.875630103380026,200.6712102761977,16286.292389119999,144.00122050505993,452.39317644666016,1563497.321023699,1.0592017474714466,1.0627252962505438
3161.0,63.440603724332966,199.30453459966571,16065.211496960004,143.02049703613625,449.3121428014864,1531769.688857247,1.0752823883697455,1.1410418203546018
