Area [-],Diameter [-],Perimeter [-],Area [mym^2],Diameter [mym],Perimeter [mym],Volume [mym^3] ,Irregularity [-],Diameter Ratio [-]
2896.5,60.72839815,190.7838895,14720.93803,136.9061008,430.1032004,1343590.817,1.064531463,1.053872685
2918.5,60.95858932,191.5070564,14832.74905,137.4250438,431.7335079,1358927.458,1.067371433,1.08270222
2636,57.9332326,182.0026179,13396.99383,130.6046796,410.3067019,1166473.391,1.075937132,1.081126944
3743.5,69.03891827,216.8921584,19025.66252,155.6413373,488.961682,1974119.706,1.283357997,1.316223567
2907,60.83837076,191.1293786,14774.30238,137.154023,430.8820712,1350903.339,1.074340821,1.13415266
2587,57.39225298,180.3030803,13147.96018,129.3850951,406.4752643,1134100.053,1.097959667,1.188019056
3219.5,64.02495384,201.1403246,16362.52718,144.3378559,453.4507478,1574488.061,1.08173602,1.128721146
2243,53.4403995,167.8879665,11399.64232,120.4760366,378.4866316,915589.1509,1.071442186,1.122746098
2610.5,57.65233587,181.1201548,13267.39469,129.971426,408.3172771,1149588.138,1.053181007,1.040721058
