Area [-],Diameter [-],Perimeter [-],Area [mym^2],Diameter [mym],Perimeter [mym],Volume [mym^3] ,Irregularity [-],Diameter Ratio [-]
1319.5,40.98828587874891,128.76849779991585,6706.12039552,92.40399168505154,290.29570144013024,413114.8621777231,1.08708851509997,1.1892736486654083
2149.0,52.30862052889432,164.33237797299066,10921.90430464,117.92455412033937,370.47091290231015,858640.4635131249,1.0568899538171186,1.0515908552378286
2737.0,59.032674290939426,185.45661587417436,13910.308088319998,133.08326092149383,418.09339482673863,1234152.7738775043,1.075934137179624,1.1349646751525102
3184.0,63.67098798068676,200.02830808692954,16182.10484224,143.53987530366024,450.943817751174,1548518.207470591,1.0589669870935192,1.0522845981331879
1830.5,48.27696124071724,151.66654677147648,9303.185588479997,108.83558142107294,341.91706304161653,675011.7417269114,1.0644311628936165,1.0653023780546913
2637.0,57.94422041469386,182.03713717278995,13402.076152320004,130.62945050288585,410.38452204233766,1167137.2289169284,1.0639655312898533,1.0527365725768094
2623.5,57.795708712781604,181.57057390109028,13333.464840960003,130.29464572209486,409.332701802618,1158186.0518005942,1.0752710865624877,1.0832966496642185
