Area [-],Diameter [-],Perimeter [-],Area [mym^2],Diameter [mym],Perimeter [mym],Volume [mym^3] ,Irregularity [-],Diameter Ratio [-]
2590.0,57.42552064077497,180.40759377362767,13163.207142399999,129.46009373256308,406.7108794032662,1136073.3536508319,1.058685744190721,0.9890396997047571
2500.5,56.42459996854452,177.26310874292233,12708.33955968,127.20361816908677,399.6219523500441,1077697.8486084233,1.0749630757525963,1.1404017084915092
2293.5,54.038642616650684,169.7674026544341,11656.29945216,121.8247159149773,382.72363254415626,946683.5795861984,1.0598258391646636,1.0448868623749408
3129.0,63.118670260679,198.2931507953057,15902.577277439997,142.29473023567473,447.0320791529372,1508568.62916353,1.0598778614017863,1.077335750565739
5741.0,85.4965977470716,268.5954833891218,29177.59544576,192.74352996099822,605.5216577524362,3749195.1613264848,1.0847631354655274,1.1755902244895682
