Area [-],Diameter [-],Perimeter [-],Area [mym^2],Diameter [mym],Perimeter [mym],Volume [mym^3] ,Irregularity [-],Diameter Ratio [-]
27464.0,186.99799693207012,587.4715333977982,139580.81890304,421.5682842836589,1324.3958248919962,39228564.22924178,1.0586987966488592,1.009230790964547
