Area [-],Diameter [-],Perimeter [-],Area [mym^2],Diameter [mym],Perimeter [mym],Volume [mym^3] ,Irregularity [-],Diameter Ratio [-]
23172.0,171.76584855728217,539.6183279651747,117767.50420991999,387.2289289875369,1216.5155585646896,30401989.683161706,1.0587631280379028,1.000147230303595
