Area [-],Diameter [-],Perimeter [-],Area [mym^2],Diameter [mym],Perimeter [mym],Volume [mym^3] ,Irregularity [-],Diameter Ratio [-]
29651.5,194.3025021988,610.4193134818647,150698.39250304,438.03556095697473,1376.1293003135158,44007503.263588995,1.062122654297666,1.0153383185825213
55645.0,266.1755331858812,836.2150996221105,282805.6607872001,600.0661220142506,1885.1633205880862,113134730.76816851,1.1773160489153178,1.094702860883523
1011.0,35.878199226372125,112.71468711360167,5138.224872959999,80.88381233593331,254.10399062890357,277066.14424288087,1.0666346929420334,1.0839693735810025
