Area [-],Diameter [-],Perimeter [-],Area [mym^2],Diameter [mym],Perimeter [mym],Volume [mym^3] ,Irregularity [-],Diameter Ratio [-]
35240.5,211.82445131815993,665.46614011182,179103.47540608,477.53704305165974,1500.226866268087,57019029.36379674,1.0678596691845306,1.007064533893572
48526.0,248.56633349634964,780.8941672418825,246624.62926336002,560.3679422341706,1760.4478106301,92133690.66971618,1.1018217742253227,1.0343040690576515
