Area [-],Diameter [-],Perimeter [-],Area [mym^2],Diameter [mym],Perimeter [mym],Volume [mym^3] ,Irregularity [-],Diameter Ratio [-]
65289.0,288.3201981065739,905.7846162531664,331819.54869503994,649.9890546114602,2042.0008388811384,143786049.83859363,1.0795095742302776,1.0268246647848502
