Area [-],Diameter [-],Perimeter [-],Area [mym^2],Diameter [mym],Perimeter [mym],Volume [mym^3] ,Irregularity [-],Diameter Ratio [-]
17139.0,147.72289110769512,464.08514947097996,87105.87151103998,333.02648571318787,1046.2335609673771,19339041.516204085,1.0897353866434363,1.0836395628347288
