Area [-],Diameter [-],Perimeter [-],Area [mym^2],Diameter [mym],Perimeter [mym],Volume [mym^3] ,Irregularity [-],Diameter Ratio [-]
46658.0,243.73512401427337,765.7164750250383,237130.85669887994,549.4764635777778,1726.2312212964464,86865216.36271292,1.149147163870106,1.0147419799643558
42234.0,231.89221403993895,728.5108760525441,214646.67585023993,522.7778073316383,1642.354918972855,74808345.70134224,1.0966896712300762,1.0350363733185317
