Area [-],Diameter [-],Perimeter [-],Area [mym^2],Diameter [mym],Perimeter [mym],Volume [mym^3] ,Irregularity [-],Diameter Ratio [-]
45966.5,241.92223034080365,760.0211015787265,233616.43286144003,545.3894760803078,1713.3915713990812,84941295.94803412,1.0903746104018512,1.0156526480071044
48015.0,247.2541136977479,776.7717071627002,244027.56407040003,557.4096739202029,1751.1541366275915,90682216.61068207,1.073648516027732,1.0195380470168702
