Area [-],Diameter [-],Perimeter [-],Area [mym^2],Diameter [mym],Perimeter [mym],Volume [mym^3] ,Irregularity [-],Diameter Ratio [-]
31486.5,200.22451629434318,629.0238694588784,160024.44852863994,451.3861495339672,1418.0714113080953,48155213.101759546,1.0855318786015882,1.0700655489092417
48719.0,249.06014811678,782.4455316256618,247605.51689983997,561.4811979144688,1763.9452064968918,92683894.82610226,1.077766393835538,1.0438344775181743
51984.0,257.27045009777686,808.2389560129152,264199.2896102399,579.9905027004281,1822.0939024355162,102155385.8627594,1.086639112006529,1.037557763743991
