Area [-],Diameter [-],Perimeter [-],Area [mym^2],Diameter [mym],Perimeter [mym],Volume [mym^3] ,Irregularity [-],Diameter Ratio [-]
66980.0,292.03010924622345,917.4396458349603,340413.7507328,658.3526782846861,2068.2759375703345,149408203.0132496,1.1518085768445199,1.0426390464148478
27539.0,187.2531543725276,588.2731341382481,139961.99285504004,422.14351121742624,1326.2029536012667,39389364.73387661,1.0598310343680768,1.030690247364482
