Area [-],Diameter [-],Perimeter [-],Area [mym^2],Diameter [mym],Perimeter [mym],Volume [mym^3] ,Irregularity [-],Diameter Ratio [-]
30006.0,195.46054788453677,614.0574213006967,152500.07471615996,440.64625915089965,1384.3310505802906,44799058.29593906,1.0891226281956345,1.0129921467168062
43644.0,235.73134431047018,740.5718595066191,221812.74614784,531.4327426135239,1669.5452000717223,78585704.02132265,1.0870102852217918,1.035076606862427
