Area [-],Diameter [-],Perimeter [-],Area [mym^2],Diameter [mym],Perimeter [mym],Volume [mym^3] ,Irregularity [-],Diameter Ratio [-]
1923.5,49.48814266365313,155.4715854319363,9775.841288959997,111.5660688209396,350.49514219775716,727101.4546844625,1.0823008291893115,1.1203396255644997
30195.0,196.07515919483077,615.9882796779295,153460.63307519996,442.0318388888265,1388.6839777059242,45222990.5568494,1.0586200458170372,1.0025527170345014
24830.5,177.80656488315176,558.5957979969464,126196.53086847997,400.8471198725773,1259.298367004316,33723677.29102733,1.076933681983747,1.0104654405425735
3202.0,63.850708862486336,200.59291788888777,16273.58659072,143.9450380595892,452.2166740887086,1561668.027444807,1.0968701563817305,1.1119688608768763
