Area [-],Diameter [-],Perimeter [-],Area [mym^2],Diameter [mym],Perimeter [mym],Volume [mym^3] ,Irregularity [-],Diameter Ratio [-]
9963.0,112.62897311170171,353.83435450908445,50635.14778368,253.91075698302032,797.6841688052799,8571205.802467527,1.0602742879162932,1.0549526147011299
21582.0,165.76807851475593,520.7757776616533,109686.61642752003,373.7075562036658,1174.0369131604311,27327144.91558491,1.0827541705334078,1.118568821040446
