Area [-],Diameter [-],Perimeter [-],Area [mym^2],Diameter [mym],Perimeter [mym],Volume [mym^3] ,Irregularity [-],Diameter Ratio [-]
3408.0,65.872607117507,206.94489859316673,17320.544378879997,148.50320548570778,466.53657938843503,1714770.9073474247,1.1715717227491658,1.2419105269414252
17317.0,148.48801027752648,466.4888422340429,88010.52435712,334.7513703696557,1051.6524459324264,19641095.756998587,1.0580914905675232,1.0236516720502185
32107.5,202.18936342593355,635.1966187729097,163180.5688512,455.81570090742457,1431.9872573616474,49586843.576921314,1.0655369419416094,1.0307243713784364
