Area [-],Diameter [-],Perimeter [-],Area [mym^2],Diameter [mym],Perimeter [mym],Volume [mym^3] ,Irregularity [-],Diameter Ratio [-]
37270.5,217.8400203177825,684.3646074881967,189420.58370688005,491.09854180440885,1542.8315711213907,62016114.964125834,1.077780771566382,1.0484650327785727
