Area [-],Diameter [-],Perimeter [-],Area [mym^2],Diameter [mym],Perimeter [mym],Volume [mym^3] ,Irregularity [-],Diameter Ratio [-]
1447.5,42.93034173,134.8696462,7356.657274,96.78216239,304.0501304,474662.1326,1.122851605,1.20217819
1514.5,43.91265524,137.9556751,7697.172671,98.99668998,311.007274,507996.4111,1.134190646,1.280130388
4369.5,74.58833817,234.3261752,22207.19444,168.1519496,528.2649294,2489455.36,1.105453019,1.126678423
15337,139.7414573,439.0107358,77947.53202,315.0331414,989.7058027,16370703.92,1.07765609,1.058735554
1417.5,42.48313847,133.4647157,7204.187693,95.77398738,300.8828551,459982.5208,1.067458433,1.035705025
1022,36.07285426,113.3262139,5194.130386,81.32264265,255.4826167,281600.2728,1.356096123,1.548572634
1734,46.98720433,147.6146559,8812.74177,105.9279534,332.7824803,622343.7999,1.080780922,1.064119492
8836,106.0676417,333.221324,44907.37386,239.1188915,751.2141528,7158800.971,1.146781443,1.247348504
2444.5,55.7891931,175.2669192,12423.72968,125.7711569,395.1217427,1041697.903,1.071068462,1.053078308
