Area [-],Diameter [-],Perimeter [-],Area [mym^2],Diameter [mym],Perimeter [mym],Volume [mym^3] ,Irregularity [-],Diameter Ratio [-]
6496.0,90.94484087951123,285.7116439889652,33014.74656256001,205.02604927877013,644.1083302087231,4512588.703774356,1.0815776654089646,1.0029900883290943
2426.5,55.583412591346644,174.62044065842503,12332.24792704,125.30724534593188,393.66432142035336,1030213.3444403075,1.4420197822415999,1.2442847128630443
1078.5,37.056562833010744,116.41662556347512,5481.281429760002,83.54031525073943,262.4496406702983,305271.98574678286,1.0620442623139799,1.0861562678772172
9604.0,110.58115837536023,347.4009547774811,48810.595133439994,249.2941634414121,783.1807124503534,8112130.9872455895,1.2254716169877133,1.332872861574596
1680.5,46.256664978437875,145.31959887582468,8540.837684479999,104.28102552739034,327.6085037056592,593764.8750670375,1.1394246572013236,1.0792842796250657
