Area [-],Diameter [-],Perimeter [-],Area [mym^2],Diameter [mym],Perimeter [mym],Volume [mym^3] ,Irregularity [-],Diameter Ratio [-]
1630.5,45.56333041,143.1414241,8286.721716,102.7179721,322.6980264,567463.4999,1.130223104,1.133768148
3811.5,69.66313605,218.8531965,19371.26024,157.0485739,493.3826461,2028152.531,1.278510592,1.390298292
1767.5,47.43891752,149.0337548,8982.999469,106.9462957,335.9816968,640465.678,1.126750649,1.216374776
2652,58.10878826,182.5541423,13478.31094,131.0004522,411.5500584,1177109.886,1.111192601,1.152398976
5721.5,85.35127448,268.1389369,29078.49022,192.4159132,604.4924193,3730109.5,1.365301156,1.513871313
4229.5,73.38369475,230.5416763,21495.66973,165.4362014,519.7331551,2370774.632,1.24058758,1.352908411
4057.5,71.8760701,225.8053338,20621.5108,162.0374124,509.0555445,2227637.501,1.119076453,1.205309416
7885,100.1972745,314.7790214,40074.08815,225.8847356,709.6378258,6034749.87,1.352659663,1.491580503
1097.5,37.3815516,117.4376079,5577.845498,84.27296994,264.7513432,313374.404,1.103901991,1.136531057
