Area [-],Diameter [-],Perimeter [-],Area [mym^2],Diameter [mym],Perimeter [mym],Volume [mym^3] ,Irregularity [-],Diameter Ratio [-]
1731.0,46.946540361740894,147.4869063119019,8797.494812160001,105.83628059150867,332.49448158955164,620729.4196280717,1.143503555955732,1.065705151132507
3292.5,64.74674664444943,203.40790360204193,16733.5364928,145.9650656352468,458.56277788044326,1628341.1683208996,1.2609756895663742,1.190288949332709
5009.0,79.8602334054843,250.88832258063564,25457.337674239992,180.03691018932378,565.6026344257849,3055506.9443442896,1.0865110178774258,1.0829008281446628
6737.0,92.61649320116149,290.96329464201796,34239.58552832001,208.79462227269846,655.9476514409653,4766027.551439552,1.1680090451966052,1.18365517881554
1426.0,42.61032258493641,133.86427639992746,7247.387407359999,96.06071123548064,301.7836247159965,464126.12596671167,1.0908390882239218,1.095251991742256
