Area [-],Diameter [-],Perimeter [-],Area [mym^2],Diameter [mym],Perimeter [mym],Volume [mym^3] ,Irregularity [-],Diameter Ratio [-]
4135.0,72.55925521585719,227.95162313608384,21015.390553600002,163.57758495862845,513.8941391979873,2291764.555813508,1.112614864475868,1.1727520738141761
1311.0,40.85605271129112,128.35307505246953,6662.92068096,92.1058852323347,289.3591723982873,409129.47170176747,1.2247151700358716,1.3232814432301494
1578.0,44.82378834494121,140.81808417053108,8019.89995008,101.05074844483545,317.46028895404527,540277.9282721883,1.0736970256917677,1.1042679902355113
4041.5,71.73421512811832,225.3596832575263,20540.193693439993,161.71761458482993,508.0508699357673,2214474.084808989,1.0934039205605373,1.0433082242940612
2140.5,52.205069155261306,164.00706173831603,10878.704590079999,117.69110790362109,369.7375199828596,853551.1971751488,1.136592285931493,1.2678388423176234
6886.0,93.63507625375402,294.1632676771137,34996.851112959994,211.09091590646307,663.1616706512851,4925011.570184565,1.0957623762355935,1.004379904053724
1169.0,38.580008136279666,121.20267013637064,5941.23133184,86.97477034242888,273.239299555434,344491.48709201795,1.1967873528908806,1.2678533266170269
