Area [-],Diameter [-],Perimeter [-],Area [mym^2],Diameter [mym],Perimeter [mym],Volume [mym^3] ,Irregularity [-],Diameter Ratio [-]
27962,188.6857815,592.7738651,142111.8139,425.3732259,1336.349401,40300373.82,1.123216304,1.185420438
13725.5,132.1962532,415.306778,69757.37438,298.0232333,936.2676004,13859545.51,1.312287968,1.121898828
3164.5,63.47571614,199.4148435,16082.99961,143.0996545,449.5608232,1534314.458,1.076912347,1.024013654
19265.5,156.6192723,492.0339552,97913.42363,353.0824874,1109.241349,23047676.78,1.094470821,1.053879439
