Area [-],Diameter [-],Perimeter [-],Area [mym^2],Diameter [mym],Perimeter [mym],Volume [mym^3] ,Irregularity [-],Diameter Ratio [-]
3864,70.14126889,220.355295,19638.08201,158.1264766,496.7689771,2070200.476,1.216706163,1.280205559
3991.5,71.28909905,223.9613098,20286.07773,160.7141449,504.8983769,2173506.423,1.088871132,1.194382949
7425.5,97.23394592,305.4694502,37738.76241,219.2042077,688.6503285,5514997.008,1.246994838,1.344962397
2252.5,53.55345063,168.2431271,11447.92436,120.7308991,379.2873057,921412.1338,1.25266518,1.364879404
1607,45.23379211,142.106149,8167.287212,101.9750609,320.3641023,555239.7407,1.078038911,1.018331596
