Area [-],Diameter [-],Perimeter [-],Area [mym^2],Diameter [mym],Perimeter [mym],Volume [mym^3] ,Irregularity [-],Diameter Ratio [-]
12763.5,127.47938236917862,400.48829113517576,64868.18315136,287.3895196130763,902.8608035351402,12428290.662694933,1.0908182891707954,1.0966477083276165
10221.5,114.08075212984207,358.39525280711,51948.927338239984,257.18364760151593,807.9662579283487,8906943.081223113,1.0957673521380926,1.0949521416637984
1915.5,49.38512273894036,155.14793879328528,9735.18273408,111.33382070266714,349.7655132155823,722570.0593491755,1.304620369335002,1.2191936042284588
1118.5,37.73749370038079,118.55583297400739,5684.574204160001,85.07540579813845,267.27226985660224,322411.638139028,1.1185461596373416,1.1242507835098614
11197.5,119.40309795885526,375.1158953634021,56909.27103359998,269.18234403844326,845.6612745072536,10212647.316229016,1.104657724350907,1.2097674529284717
12333.5,125.31360630430811,393.68430496045795,62682.78582656,282.5069940524322,887.5218971028564,11805550.268462582,1.4308072524523952,1.4392420622003859
6801.0,93.0553713857714,292.34207112260924,34564.85396736,209.78402925208303,659.0559651388103,4834102.890521752,1.1454977937937472,1.1581195123733206
1338.0,41.274623085567335,129.66805266530602,6800.14330368,93.049510284103,292.32365792866585,421833.33617943083,1.0670903759025456,1.0450371482466558
