Area [-],Diameter [-],Perimeter [-],Area [mym^2],Diameter [mym],Perimeter [mym],Volume [mym^3] ,Irregularity [-],Diameter Ratio [-]
9179.5,108.1096776,339.6365691,46653.15057,243.7224573,765.6766813,7580280.331,1.08781862,1.045234825
1597,45.09283261,141.6633117,8116.464018,101.6572818,319.3657698,550065.1135,1.100371352,1.183288664
1143.5,38.15690527,119.8734533,5811.632188,86.02092723,270.242713,333281.3264,1.075745413,1.074830139
2525.5,56.70596503,178.1470432,12835.39754,127.8379276,401.6146941,1093900.414,1.170338939,1.296849469
1234,39.63808268,124.5267093,6271.58209,89.36009358,280.7330135,373619.4417,1.132719426,1.300393979
1197,39.03931013,122.6456099,6083.536274,88.01022075,276.4922629,356942.2469,1.150092717,1.229529924
1879,48.91234103,153.6626512,9549.678077,110.2679816,346.4170809,702015.8177,1.079522242,1.144905331
8665.5,105.039313,329.990734,44040.83841,236.8006272,743.9311108,6952598.773,1.239182757,1.106982342
