Area [-],Diameter [-],Perimeter [-],Area [mym^2],Diameter [mym],Perimeter [mym],Volume [mym^3] ,Irregularity [-],Diameter Ratio [-]
2655.0,58.14164592847245,182.65736771650796,13493.5579008,131.0745265811483,411.7827697800955,1179107.809161782,1.1551406346737867,1.2826190989157153
11239.5,119.6268191629739,375.8187362547135,57122.72844671999,269.68670112100835,847.2457590126261,10270160.129218064,1.0985613880868075,1.039837784224616
1273.5,40.26748763233472,126.5040433242606,6472.333704959999,90.77902411833539,285.1907152702131,391701.4250029858,1.0918614679581051,1.2358391395669268
46902.5,244.37290714590472,767.7201298259549,238373.48378239997,550.9142818697276,1730.7482606796327,87548904.42317736,1.2202245798104046,1.0367266295987618
1304.5,40.7546437367206,128.03448936295072,6629.885605120001,91.87726884006292,288.6409528198361,406090.521413649,1.091750709475559,1.1534466774957788
13796.5,132.53772813406255,416.37955302945215,70118.21905024,298.7930543054306,938.6860643495968,13967224.554985626,1.2711631847990028,1.0731828222594249
1758.5,47.317985369379194,148.653835219111,8937.258594559999,106.67366621672845,335.1252061179638,635580.0934724539,1.1040743765860335,1.1850803556291587
10592.0,116.12989820814812,364.83283507284864,53831.92666111999,261.8032425204491,822.4791433882298,9395581.96733615,1.0882225905090661,1.0849919094405902
