Area [-],Diameter [-],Perimeter [-],Area [mym^2],Diameter [mym],Perimeter [mym],Volume [mym^3] ,Irregularity [-],Diameter Ratio [-]
1788,47.71322988,149.8955325,9087.187016,107.5647055,337.9244884,651640.3965,1.151814193,1.117775667
4737.5,77.66577331,243.9942229,24077.48797,175.0897193,550.060576,2810480.407,1.247949308,1.384452503
1687.5,46.35290424,145.6219434,8576.41392,104.4979873,328.2901093,597478.6621,1.16355128,1.222765043
1173.5,38.6541926,121.4357275,5964.101769,87.1420118,273.7647041,346482.5512,1.229427833,1.334535987
3493.5,66.69379544,209.5247378,17755.08268,150.3544924,472.3525688,1779704.297,1.100353586,1.119548045
1180.5,38.76930851,121.7973748,5999.678004,87.40152911,274.5800018,349587.3545,1.110832344,1.076090782
