Area [-],Diameter [-],Perimeter [-],Area [mym^2],Diameter [mym],Perimeter [mym],Volume [mym^3] ,Irregularity [-],Diameter Ratio [-]
16061.5,143.0039752865766,449.2602381944454,81629.67240063999,322.3881618860583,1012.8122809855577,17544293.360402286,1.0810847218469748,1.0550415610947272
3297.0,64.79097760484736,203.54685926228927,16756.40692992,146.06477991236787,458.8760395209049,1631680.5935605604,1.1345597442522268,1.006543232634697
6983.5,94.29564338111282,296.238500511627,35492.37725055999,212.58009843838076,667.840075553412,5029982.033157459,1.3391838552455086,1.233158226560748
