Area [-],Diameter [-],Perimeter [-],Area [mym^2],Diameter [mym],Perimeter [mym],Volume [mym^3] ,Irregularity [-],Diameter Ratio [-]
14518.0,135.9591545666017,427.1282811747151,73785.11246848002,306.5063180549469,962.9179970802778,15077068.766655976,1.1145905729590873,1.1281278077040438
2762.5,59.30703366659714,186.3185412731841,14039.907231999998,133.70177669797658,420.0365194462662,1251440.3610621134,1.0970951136331148,0.9953657225108428
4675.5,77.1558908406173,242.39237984605933,23762.38416768,173.94024031108765,546.4493811249562,2755489.8749937625,1.067250678993088,1.0081114667177589
