Area [-],Diameter [-],Perimeter [-],Area [mym^2],Diameter [mym],Perimeter [mym],Volume [mym^3] ,Irregularity [-],Diameter Ratio [-]
23070.0,171.38738663343986,538.4293547655682,117249.1076352,386.3757244264268,1213.8351373834969,30201472.60060166,1.2145612041498757,1.203988630780365
