Area [-],Diameter [-],Perimeter [-],Area [mym^2],Diameter [mym],Perimeter [mym],Volume [mym^3] ,Irregularity [-],Diameter Ratio [-]
42744.0,233.28812893107056,732.8962720195598,217238.65872384,525.9247578622054,1652.2413556408953,76167459.3250972,1.1528921423181275,1.053555069412733
