Area [-],Diameter [-],Perimeter [-],Area [mym^2],Diameter [mym],Perimeter [mym],Volume [mym^3] ,Irregularity [-],Diameter Ratio [-]
2615.5,57.70752143,181.2935254,13292.80629,130.0958363,408.7081236,1152892.5,1.075021527,0.994869703
1166.5,38.53873284,121.073,5928.525533,86.88171932,272.9469711,343386.9942,1.131163162,1.276468972
20710,162.3847005,510.1465823,105254.8339,366.0800689,1150.074455,25687797.91,1.111136931,1.048001989
9865,112.0736727,352.0898268,50137.08049,252.6588877,793.7513055,8445052.659,1.309045441,1.238584226
