Area [-],Diameter [-],Perimeter [-],Area [mym^2],Diameter [mym],Perimeter [mym],Volume [mym^3] ,Irregularity [-],Diameter Ratio [-]
2711.0,58.751616197148365,184.5736458314884,13778.167784959996,132.44964355485126,416.1028271625074,1216608.9413045908,1.4686723380712428,1.2557123701588786
8215.0,102.27249317387037,321.2985132193434,41751.253542399994,230.56310861117336,724.3353682016879,6417532.536766005,1.1199795366510823,1.1100320886236856
13342.5,130.3387840423138,409.47136642515954,67810.8460608,293.8357547449922,923.1122484688797,13283500.754781099,1.4955845677325788,1.5116829250353878
