Area [-],Diameter [-],Perimeter [-],Area [mym^2],Diameter [mym],Perimeter [mym],Volume [mym^3] ,Irregularity [-],Diameter Ratio [-]
2156.5,52.39981945,164.6188878,10960.0217,118.130153,371.1168207,863139.3599,1.224529802,1.129448829
1543,44.32390571,139.2476566,7842.018772,99.92381304,313.919917,522402.9451,1.216092951,1.276253561
2075,51.40011727,161.4782308,10545.81267,115.8764244,364.0365235,814674.043,1.242593511,1.248072289
4164.5,72.81762207,228.7633065,21165.31897,164.1600472,515.7239983,2316333.175,1.168805119,1.142102652
