Area [-],Diameter [-],Perimeter [-],Area [mym^2],Diameter [mym],Perimeter [mym],Volume [mym^3] ,Irregularity [-],Diameter Ratio [-]
29869.0,195.01382505272434,612.654000134084,151803.79696384,439.63916719886174,1381.1671779022788,44492596.58320514,1.321195379769768,1.2458238834794906
6960.0,94.13685373623197,295.73964812980324,35372.94274559999,212.22212306296134,666.7154627438283,5004614.005637205,1.0959221990058396,1.0548159040273528
19073.5,155.83688413371888,489.57601035281505,96937.61831295998,351.3186715910558,1103.7001577393862,22703996.861939937,1.2839682781157093,1.1534299725164106
