Area [-],Diameter [-],Perimeter [-],Area [mym^2],Diameter [mym],Perimeter [mym],Volume [mym^3] ,Irregularity [-],Diameter Ratio [-]
10268.0,114.33994772318488,359.2095397789986,52185.25518847999,257.76797814714797,809.8019864777744,8967791.812684966,1.1070049802717088,1.0233167970128567
