Area [-],Diameter [-],Perimeter [-],Area [mym^2],Diameter [mym],Perimeter [mym],Volume [mym^3] ,Irregularity [-],Diameter Ratio [-]
2130.0,52.07686847618525,163.60430742674546,10825.340236799999,117.40209229271201,368.82955066285496,847278.395720535,1.1062969583055233,1.0449744831171546
12725.5,127.28947256755883,399.89167189756233,64675.055015679995,286.96138695630464,901.5157851258646,12372828.99251656,1.2447662077609702,1.0676846348464082
2273.5,53.80251021054122,169.02557082212613,11554.653064959999,121.29237901864413,381.0512468614011,934327.5726560442,1.1118073973481943,1.0972014502523855
