Area [-],Diameter [-],Perimeter [-],Area [mym^2],Diameter [mym],Perimeter [mym],Volume [mym^3] ,Irregularity [-],Diameter Ratio [-]
3670.0,68.3578022553245,214.75236938087124,18652.1120512,154.10582940440355,484.13774153223613,1916266.131862698,1.1180675035337442,1.0794707059266917
20612.5,162.0020065179859,508.9443135437103,104759.30780800003,365.2173234941474,1147.3640604529405,25506609.339158207,1.2934250150128812,1.0157878004243392
2269.5,53.755159257288526,168.876813415247,11534.323787520001,121.18563102963125,380.7158881633328,931862.8711271319,1.1450933953413833,1.1969429316020919
25875.5,181.50953098885662,570.2290091111208,131507.55459968,409.19508666127837,1285.524278140111,35874830.13401923,1.1413405005709027,1.1245428739845087
1511.0,43.861884958296436,137.79617555758475,7679.384552960001,98.88223344998349,310.64769817701904,506236.46407865867,1.0767173360277331,1.1171430513437544
