Area [-],Diameter [-],Perimeter [-],Area [mym^2],Diameter [mym],Perimeter [mym],Volume [mym^3] ,Irregularity [-],Diameter Ratio [-]
4810.0,78.25779328716172,245.85410847709588,24445.9561216,176.42436918657737,554.2535021507649,2875241.59194402,1.1452462232288283,1.201036170592758
1307.0,40.79367702192164,128.15711604498378,6642.591403519999,91.96526547822015,288.91740241181145,407258.4545920398,1.078562002214189,1.046504003167745
3743.5,69.03891826872783,216.8921584448215,19025.662524159998,155.64133734502002,488.9616819980056,1974119.7060901942,1.0827296341139938,1.1163940614870742
3789.0,69.45721442011285,218.20627456103756,19256.90805504,156.5843441887024,491.92422537040306,2010220.2126003865,1.5555068455285952,1.214678308024168
