Area [-],Diameter [-],Perimeter [-],Area [mym^2],Diameter [mym],Perimeter [mym],Volume [mym^3] ,Irregularity [-],Diameter Ratio [-]
1057.0,36.68534037984474,115.25039583176122,5372.011563519999,82.70343135232197,259.82049236312247,296189.1930449707,1.311891009539118,1.4854447224239982
6760.0,92.7744540399441,291.4595432526923,34356.4788736,209.15072918764997,657.0663943088695,4790455.07248902,1.4357916433361944,1.5226522304221397
1195.5,39.01484173658644,122.56874018062841,6075.912794880001,87.95505921096047,276.3189678632087,356271.5130895351,1.0712067626446418,1.088952015086681
2240.0,53.404649424996364,167.77565430110695,11384.3953664,120.39544166371181,378.2334350564155,913752.8721413616,1.218596298793268,1.4355531843017886
6805.5,93.08615214786327,292.438771738669,34587.72440448,209.85342140214297,659.2739670076554,4838901.536529684,1.4369932326682762,1.1267180861626855
5310.0,82.22470421074019,258.3165266920551,26987.1158016,185.36737317269268,582.348777774569,3335020.5104332394,1.4459183812115302,1.1422315926546516
5712.0,85.28038625338918,267.9162349489474,29030.208184320003,192.25610276964056,603.9903600689071,3720823.1254057917,1.405417076454785,1.4713436318409807
