Area [-],Diameter [-],Perimeter [-],Area [mym^2],Diameter [mym],Perimeter [mym],Volume [mym^3] ,Irregularity [-],Diameter Ratio [-]
2067.5,51.30714140097798,161.18613850200515,10507.6952768,115.66681957436477,363.37803063892045,810261.1291493536,1.1008303840582077,1.1606657497548334
2855.0,60.29178136544723,189.412217409531,14510.0217728,135.92179191026423,427.0109029280467,1314818.77334395,1.2483397037040855,1.14554903692427
8034.5,101.14268694361775,317.7491222664018,40833.89489791999,228.01607344569183,716.3336212373762,6207189.585411857,1.1475548832006632,1.1370075630293177
2146.5,52.27818553444665,164.2367636180218,10909.198506240002,117.85594146885653,370.2553599004683,857142.573749039,1.1047380303596803,1.1633000541761598
4117.5,72.40555106790524,227.46874731405168,20926.449964800002,163.23107432748557,512.8055439447982,2277231.2730764514,1.1242110071602875,1.0888485107819732
11365.5,120.29548638950462,377.91941630127866,57763.10068607998,271.1941445164992,851.9815321096025,10443343.116787912,1.0957108386473513,1.0185631470627325
