Area [-],Diameter [-],Perimeter [-],Area [mym^2],Diameter [mym],Perimeter [mym],Volume [mym^3] ,Irregularity [-],Diameter Ratio [-]
14741.0,136.99935813331766,430.3961770581478,74918.46968575998,308.8513529757513,970.2851415598884,15425780.483546518,1.430008343595343,1.3371842933330231
1852.5,48.56620488180942,152.5752324694292,9414.996614399999,109.48765228555115,343.96560407908123,687217.250391379,1.321189100426966,1.2560174332841
2165.5,52.50904906893663,164.9620428019573,11005.76257408,118.37640022101074,371.8904292927325,868548.3701378102,1.0643705130671255,1.00997846115657
7621.5,98.50885843516329,309.4747059734259,38734.897002239995,222.0783704562321,697.6797771464913,5734788.537364964,1.0839754509522965,1.027747580410725
