Area [-],Diameter [-],Perimeter [-],Area [mym^2],Diameter [mym],Perimeter [mym],Volume [mym^3] ,Irregularity [-],Diameter Ratio [-]
1986.5,50.29205062051457,157.99713676337458,10096.027408639999,113.37839891888805,356.18874511935167,763114.2820218755,1.147094130938787,1.1157031651866465
1602.5,45.17041476938305,141.90704319909767,8144.416774400001,101.83218305609715,319.9152381880458,552909.1599038994,1.140054369058766,1.131671279235677
11072.5,118.73476685065789,373.01627126372375,56273.9811136,267.67565838812317,840.9278819369388,10042116.62980246,1.6171613146700952,1.1820333119747362
