Area [-],Diameter [-],Perimeter [-],Area [mym^2],Diameter [mym],Perimeter [mym],Volume [mym^3] ,Irregularity [-],Diameter Ratio [-]
13567.0,131.43074565497204,412.9018650054888,68951.82675712001,296.297473004569,930.845964468374,13620168.018122323,1.1448254714131405,1.0456518427764283
1959.0,49.94272988269848,156.89971329970498,9956.26362624,112.59089024755545,353.7147136628549,747323.0568118108,1.067810134648269,1.0612155187448142
1477.0,43.36559474484162,136.23703386894658,7506.58569472,97.76339679277095,307.13276915415315,489246.2105545663,1.096595869423044,1.0598711037128823
3057.5,62.39334826748569,196.0144845500025,15539.191443199996,140.65956433421974,441.89505396952563,1457157.2656710313,1.0913677143408749,1.0136585069477577
2027.5,50.8083967169851,159.61928586675614,10304.4025024,114.54244955877121,359.84571805801505,786861.0025762852,1.1064463214245253,1.129589501720599
5886.5,86.57323246872289,271.9778311212612,29917.072912639997,195.17069527748887,613.1468224797712,3892623.9473515186,1.115980143670136,1.2484466466771462
