Area [-],Diameter [-],Perimeter [-],Area [mym^2],Diameter [mym],Perimeter [mym],Volume [mym^3] ,Irregularity [-],Diameter Ratio [-]
6433.5,90.50627940123088,284.33386247065215,32697.101602560004,204.0373562821349,641.0022595538383,4447620.112716467,1.0808450527622104,1.1353138097093345
9563.5,110.34775206625068,346.66768723148107,48604.76119936,248.7679722581555,781.5276340946508,8060871.9237711085,1.136385881075328,1.0870959582743296
9451.0,109.69679547412505,344.6226467838533,48033.00027135999,247.3004557168675,776.9172949095189,7919055.237703831,1.0756001977748986,1.114325652428637
1872.0,48.821147341538634,153.37615782800262,9514.10184192,110.0623945667647,345.77121020744914,698096.5539158544,1.0802281248453738,1.0573039038132683
2960.0,61.39046385568431,192.86383024948756,15043.665305599998,138.3986617162547,434.79221891444473,1388015.430401528,1.097568367758235,1.153847165482212
5405.0,82.95697522989586,260.6170239462713,27469.936140800004,187.01820495827724,587.535018784474,3424918.7649139483,1.071381827339599,1.0783892166248958
16814.5,146.3177580642534,459.6707938243872,85456.65887872,329.8587537800529,1036.2818375976985,18792417.99996112,1.099363371759245,1.0691872803759799
