Area [-],Diameter [-],Perimeter [-],Area [mym^2],Diameter [mym],Perimeter [mym],Volume [mym^3] ,Irregularity [-],Diameter Ratio [-]
27821.5,188.21114205553647,591.2827412054183,141397.74807424,424.30319865000143,1332.9878117734952,39997011.19320474,1.1338045402562096,1.0461746910835739
6974.5,94.23486193949346,296.04754998116107,35446.63637631999,212.44307275639403,667.4095966775294,5020261.567109328,1.2242409925262865,1.0720913605468514
