Area [-],Diameter [-],Perimeter [-],Area [mym^2],Diameter [mym],Perimeter [mym],Volume [mym^3] ,Irregularity [-],Diameter Ratio [-]
13615.0,131.66304113747807,413.6316427867918,69195.77808640001,296.8211599403306,932.4911754985435,13692514.076385973,1.2515269170960106,1.1424247386127664
21972.0,167.25913809690937,525.4600794910111,111668.72097792002,377.06900092567247,1184.5972032045356,28071208.70252799,1.2314315179570463,1.0938373038964584
11777.0,122.4538366828333,384.7000737266734,59854.475102719975,276.05992941777936,867.2678462094125,11015614.781463405,1.2154608390970947,1.0969263936326707
17004.0,147.13995113046866,462.25378952104154,86419.75839743999,331.71230582852854,1042.104943096236,19110998.218106106,1.338316118098995,1.1437406782916715
