Area [-],Diameter [-],Perimeter [-],Area [mym^2],Diameter [mym],Perimeter [mym],Volume [mym^3] ,Irregularity [-],Diameter Ratio [-]
13330.0,130.27771540566607,409.27951364490235,67747.31706880001,293.69808161053356,922.6797355610678,13264838.038244745,1.200614366379574,1.0847199319906131
1918.5,49.42378037518387,155.26938533931303,9750.42969216,111.4209704778145,350.0393023089473,724268.2259174436,1.4493299972109848,1.5533111233038575
