Area [-],Diameter [-],Perimeter [-],Area [mym^2],Diameter [mym],Perimeter [mym],Volume [mym^3] ,Irregularity [-],Diameter Ratio [-]
13254.0,129.90580020122215,408.111107570863,67361.06079743999,292.8596359736352,920.0456809077534,13151557.162624123,1.2114747487068276,1.0778831232818424
