Area [-],Diameter [-],Perimeter [-],Area [mym^2],Diameter [mym],Perimeter [mym],Volume [mym^3] ,Irregularity [-],Diameter Ratio [-]
14087.0,133.92582076165982,420.7403746308139,71594.63282432,301.9223703250859,948.5171005677068,14410680.829915263,1.0701948119485294,1.0385108637663198
12575.5,126.53704554325994,397.5278526856625,63912.70711167999,285.2651154727252,896.1867910945575,12154710.516258573,1.1322849021760573,1.0371491795569305
