Area [-],Diameter [-],Perimeter [-],Area [mym^2],Diameter [mym],Perimeter [mym],Volume [mym^3] ,Irregularity [-],Diameter Ratio [-]
6331.5,89.78594643645899,282.0708697203862,32178.705027840002,202.41343764635315,635.9005686976387,4342268.202462055,1.069461709146116,1.0460394228162282
9030.5,107.22867950660816,336.86883179209457,45895.884980480005,241.73633507969743,759.4370943920981,7396468.686947044,1.0615559695599135,1.0485065929592416
48567.5,248.67259919204008,781.2280107707923,246835.54551679996,560.6075076185351,1761.2004274816738,92251906.64255647,1.155862271763089,1.1205008063039932
