Area [-],Diameter [-],Perimeter [-],Area [mym^2],Diameter [mym],Perimeter [mym],Volume [mym^3] ,Irregularity [-],Diameter Ratio [-]
26714.0,184.4270077782946,579.394532759838,135769.07938304002,415.77224633538736,1306.1870346537787,37632676.74531605,1.92476813463682,1.177590648298098
14947.0,137.95329454259684,433.39305667353113,75965.42747392002,311.0019072168303,977.0413069648085,15750261.884620616,1.6194021673830064,1.1868784700568231
