Area [-],Diameter [-],Perimeter [-],Area [mym^2],Diameter [mym],Perimeter [mym],Volume [mym^3] ,Irregularity [-],Diameter Ratio [-]
8708.0,105.29658093002733,330.798965097897,44256.83698687999,237.3806120486536,745.7531869166988,7003810.034188709,1.0682091421552309,1.0579128644069677
11859.0,122.87940332299101,386.03703075700577,60271.22529023999,277.0193268513509,870.2818821385937,11130862.838938933,1.1433164270991454,1.0172575437352585
11250.5,119.68534370608185,376.00259652939616,57178.63395967999,269.8186388509909,847.6602536158706,10285240.790906599,1.0864733661214203,1.1553805626406846
10162.0,113.74823187020853,357.3506096022755,51646.52933632,256.4340139281981,805.6112142873699,8829284.548781984,1.1636967974531025,1.1228991319905726
