Area [-],Diameter [-],Perimeter [-],Area [mym^2],Diameter [mym],Perimeter [mym],Volume [mym^3] ,Irregularity [-],Diameter Ratio [-]
12284.0,125.06188295210791,392.8934927264488,62431.21101824,281.93950892723205,885.7390900025061,11734549.984143322,1.1399327132347385,1.2760502807686407
9921.0,112.3913231673938,353.08775518992064,50421.69037056,253.37499894857257,796.0010353001571,8517063.829750594,1.0818554020326019,1.0892502043612557
13557.5,131.38472182010725,412.7572768639875,68903.54472319997,296.19371687124976,930.5200049621734,13605864.678112661,1.2188406515102077,1.1658621015709723
1281.0,40.38588685179197,126.87600544229828,6510.45110016,91.04594331867982,286.02926666911725,395166.7745628027,1.097102305926686,1.1205604961162383
16732.5,145.96054495061708,458.54857573082137,85039.9086912,329.05345253667116,1033.7519091275637,18655117.03882842,1.1405598351650335,1.090433989605325
4606.5,76.58444987608468,240.59714510992336,23411.704131839997,172.6519838006453,542.4022039358113,2694718.10834396,1.0806742538862,1.1229791307738195
