Area [-],Diameter [-],Perimeter [-],Area [mym^2],Diameter [mym],Perimeter [mym],Volume [mym^3] ,Irregularity [-],Diameter Ratio [-]
12639.5,126.85862692651253,398.53813039682007,64237.975550719995,285.99008854312984,898.4643611665912,12247616.210387884,1.2064117353246882,1.0718857230622152
7892.0,100.24174024352283,314.9187147321076,40109.66438912,225.98497920499787,709.9527504920635,6042787.781929818,1.2267706653119792,1.082377050391143
