Area [-],Diameter [-],Perimeter [-],Area [mym^2],Diameter [mym],Perimeter [mym],Volume [mym^3] ,Irregularity [-],Diameter Ratio [-]
9247.5,108.50936683041893,340.89222968012405,46998.748281600005,244.62351658249642,768.5074425908717,7664666.05308037,1.2331600275384598,1.0371364946669173
16215.5,143.68791124396316,451.4088863736969,82412.34958208002,323.93002710839056,1017.6561934408624,17797223.08945956,1.2772039039086442,1.1473164154197717
