Area [-],Diameter [-],Perimeter [-],Area [mym^2],Diameter [mym],Perimeter [mym],Volume [mym^3] ,Irregularity [-],Diameter Ratio [-]
19405.0,157.1852835528372,493.8121320620219,98622.4071808,354.3585032415162,1113.250070520622,23298459.0631091,1.0575181473217938,1.0369927534927799
