Area [-],Diameter [-],Perimeter [-],Area [mym^2],Diameter [mym],Perimeter [mym],Volume [mym^3] ,Irregularity [-],Diameter Ratio [-]
31009.5,198.70209274807607,624.2410348302735,157600.18219392,447.9539978912627,1407.2889889213686,47065087.78810524,1.0576011656582647,1.0367278831893159
16395.0,144.48101029523912,453.90048052675445,83324.6259072,325.71798960958705,1023.2732432995152,18093553.090309396,1.0558365745924072,1.0179761080863707
13336.0,130.3070319230245,409.3716142004645,67777.81098496,293.7641727672665,922.8873670535271,13273795.050648615,1.1262229771354553,1.2696723474229352
22066.5,167.61843697487,526.5888502064554,112149.00015744001,377.87900431614696,1187.141903905433,28252501.676363226,1.0569917437508236,1.0031849777888266
1166.5,38.53873284026821,121.0729999696463,5928.525533440001,86.88171931510065,272.94697113157065,343386.9942324943,1.187562418007229,1.2794707448672757
27367.5,186.6691812821269,586.4385285675512,139090.37508479998,420.8270022824269,1322.0670188026875,39021990.39551649,1.0579097830922572,1.0618522378959165
