Area [-],Diameter [-],Perimeter [-],Area [mym^2],Diameter [mym],Perimeter [mym],Volume [mym^3] ,Irregularity [-],Diameter Ratio [-]
20409.0,161.20032837590603,506.42576738200864,103725.05581823998,363.41002029064254,1141.6862499860003,25129816.426369753,1.0558320818003255,1.0264432079312407
24748.5,177.51272876297682,557.6726846004456,125779.78068096002,400.18469572325495,1257.2173001632445,33556762.173298486,1.055712819829029,1.014011790897228
30866.0,198.2418013129308,622.7949866391108,156870.86936575995,446.91631687987115,1404.0290178792113,46738767.44179257,1.054574694145111,1.0139133052101121
