Area [-],Diameter [-],Perimeter [-],Area [mym^2],Diameter [mym],Perimeter [mym],Volume [mym^3] ,Irregularity [-],Diameter Ratio [-]
15762.5,141.6666450647011,445.0588913939777,80110.05891200001,319.37328463386217,1003.3407647585833,17056675.097958427,1.0545688286958645,1.0094119186255166
3681.5,68.46481858547864,215.08857109749763,18710.55872384,154.34708701910304,484.89567468219866,1925280.1570163798,1.1129355801968197,1.1467222649238051
10763.0,117.06356059843966,367.7660219791216,54701.00327167999,263.9080910131224,829.0917199497318,9624024.89995442,1.0604293818256016,1.0085493404394907
