Area [-],Diameter [-],Perimeter [-],Area [mym^2],Diameter [mym],Perimeter [mym],Volume [mym^3] ,Irregularity [-],Diameter Ratio [-]
19302.5,156.7695962623189,492.50621192393896,98101.46944639999,353.42137781377176,1110.306004161328,23114104.331534877,1.0594214393862378,1.0644741454051092
16070.0,143.0418102650203,449.37910028477285,81672.8721152,322.4734570614618,1013.0802436819919,17558222.279418137,1.0564786992437798,0.9997077059851044
22955.5,170.96154646343143,537.0915384158662,116667.18206847997,385.4157103471598,1210.8191642047288,29976909.900749758,1.0608464278242877,1.0802254719391904
20135.0,160.11457845318927,503.01478340116597,102332.50031359999,360.96230566486986,1133.9965276995886,24625450.171765376,1.0557218905355201,1.024266507049804
15037.0,138.3679985913746,434.6958878665853,76422.83621632,311.9368160243949,979.9784096064299,15892730.800581783,1.223549980622714,1.108177176049208
23771.5,173.9736009792058,546.554186754835,120814.35466623996,392.2060860475215,1232.1517586200998,31589416.788002063,1.0632874789285733,1.092119717765167
19305.5,156.78177837645765,492.5444831642224,98116.71640447997,353.4488411718861,1110.3922828454229,23119493.14183602,1.0573686139764171,1.0396616347124945
17879.0,150.87826158966698,473.99803819649685,90866.78783744002,340.13995292774524,1068.5811773101825,20604949.95848151,1.0903385262659508,1.0715379521468311
