Area [-],Diameter [-],Perimeter [-],Area [mym^2],Diameter [mym],Perimeter [mym],Volume [mym^3] ,Irregularity [-],Diameter Ratio [-]
23580.5,173.2732670801457,544.3540229224878,119843.63166847998,390.62725330548045,1227.1917092764565,31209459.109874684,1.0842172946929038,1.1308355656929772
36097.0,214.3831333064828,673.5044766492076,183456.48193791998,483.3053357261348,1518.3484921579736,59110331.06276134,1.0552638952039275,1.0262001334101565
23132.5,171.61938634252877,539.1582033472769,117566.7525952,386.8987445705969,1215.478253626101,30324285.988216564,1.062553317794665,1.0630124711524167
17495.0,149.24920715079753,468.8802127390467,88915.1772032,336.46741260075794,1057.043551598907,19944706.409665734,1.0554968396444806,1.0233558308447108
20416.0,161.2279707287575,506.51260839465476,103760.63205376001,363.4723372109109,1141.8820243649097,25142746.295374338,1.0606739490019093,1.0482052167258111
