Area [-],Diameter [-],Perimeter [-],Area [mym^2],Diameter [mym],Perimeter [mym],Volume [mym^3] ,Irregularity [-],Diameter Ratio [-]
29171.5,192.72339603494382,605.4584051582558,148258.87921024,434.47562402117734,1364.9454285887718,42943246.04103292,1.059312437564124,1.0616217552459941
19651.5,158.18048840916836,496.9386603274887,99875.19890303997,356.6020930696291,1120.2985158422905,23743803.316379722,1.0544010604114407,1.0367903250859751
28028.5,188.91001714998998,593.4783220679303,142449.78818176,425.8787426629374,1337.9375292699422,40444224.455633126,1.0582625975589248,1.0495475731782211
22323.0,168.58981688442228,529.6405301941495,113452.61507328002,380.0688831842416,1194.0216112696908,28746539.136822123,1.0582641052435888,1.0425002638762992
1386.0,42.00845163777089,131.97344305390314,7044.09463296,94.7038533721907,297.5209300207192,444735.27017311956,1.1116681774269588,1.2571287403362963
