Area [-],Diameter [-],Perimeter [-],Area [mym^2],Diameter [mym],Perimeter [mym],Volume [mym^3] ,Irregularity [-],Diameter Ratio [-]
13692.5,132.03723893768083,414.80721984689825,69589.65783679999,297.66475146110764,935.1413964228474,13809592.13616973,1.053991052946707,1.0121627375202127
21904.0,167.00011673013586,524.6463398680327,111323.12326143999,376.4850631564183,1182.762708598493,27940995.39456865,1.058863766148352,1.0522126478134148
14228.5,134.5967639368208,422.8482047808758,72313.78101375999,303.4349446191688,953.2689928580064,14628352.091408642,1.0556380902014342,1.010425481431618
26492.5,183.66082499786472,576.9874985655324,134643.34564479996,414.0449638751862,1300.7606167661363,37165599.45569028,1.1415902926056667,1.0480486169821484
17694.0,150.09563785981246,471.5393532362608,89926.55875583999,338.3756059911612,1063.0383179358264,20285969.209138077,1.0562706001592204,1.0260124957384449
18891.0,155.08954909855132,487.22818809656235,96010.09502976,349.6338794877741,1098.4072272448902,22378921.330163237,1.0577936099312293,1.0058704851922042
42722.0,233.22808542320888,732.7076397763657,217126.84769791993,525.789395778082,1651.8161031118389,76108662.70552598,1.0668586998256904,1.1023250896198966
19634.0,158.1100414943029,496.7173448172793,99786.25831423998,356.4432775447564,1119.7995821560744,23712093.978303596,1.0617444094707773,1.038025104741537
20647.5,162.13948778727305,509.37622368930903,104937.18898559998,365.5272612676284,1148.3377586851782,25571602.1966866,1.057092786423799,1.0423124083241704
