Area [-],Diameter [-],Perimeter [-],Area [mym^2],Diameter [mym],Perimeter [mym],Volume [mym^3] ,Irregularity [-],Diameter Ratio [-]
21558.0,165.6758826908752,520.4861359386579,109564.64076288,373.499709938309,1173.3839448601102,27281574.36295381,1.0567318562015542,1.0328590966289235
91137.5,340.6462520097658,1070.1717627867777,463189.88067200006,767.9529105308161,2412.5952220265117,237138677.9936559,1.1095264712250563,0.9901658778748161
17038.5,147.28914414501182,462.7224931994972,86595.09841535997,332.0486465605146,1043.1615886689465,19169190.1517299,1.0567934240012817,1.0184049942765587
12192.5,124.59523726524812,391.4274820647807,61966.178796800006,280.88750289077535,882.4341155668416,11603683.48394431,1.0552681708901288,1.0112746102145247
38575.0,221.61952855774894,696.2382828090574,196050.46931199994,499.6190651805892,1569.599584764739,65300368.13725147,1.0753015179826344,1.1103404874893756
