Area [-],Diameter [-],Perimeter [-],Area [mym^2],Diameter [mym],Perimeter [mym],Volume [mym^3] ,Irregularity [-],Diameter Ratio [-]
22517.0,169.3208044771866,531.9369954454432,114438.58502912,381.7168216133695,1199.1987625322072,29122088.631498013,1.0571880339588633,1.0158231915510085
21068.0,163.78220516429863,514.5369725328968,107074.30427647999,369.2306033223948,1159.9721508781627,26356739.97888692,1.055678955017298,1.0361664582007888
41931.5,231.06026047345847,725.8972168399612,213109.27424384,520.9022512113647,1636.4626856440084,74006067.13842422,1.05744311575255,1.0319200464550173
36604.0,215.88344145738898,678.2178337142154,186033.21785344003,486.68763042153773,1528.9742843253273,60360043.984522946,1.0567769259929782,1.0237005603953229
19825.5,158.87923273400764,499.1338303651414,100759.52247167999,358.17734227554683,1125.2473071751747,24059851.97857305,1.05308330668931,1.0007601198968183
