Area [-],Diameter [-],Perimeter [-],Area [mym^2],Diameter [mym],Perimeter [mym],Volume [mym^3] ,Irregularity [-],Diameter Ratio [-]
20731.0,162.46700896460382,510.40516181390643,105361.56265216,366.2656250098029,1150.6573967932707,25726879.06453526,1.0567817575159535,1.040211185501787
