Area [-],Diameter [-],Perimeter [-],Area [mym^2],Diameter [mym],Perimeter [mym],Volume [mym^3] ,Irregularity [-],Diameter Ratio [-]
13342.0,130.336341846227,409.4636940398746,67808.30490111999,293.8302490581341,923.0949518434933,13282754.078203985,1.226375923552406,1.0609713674042152
23077.0,171.41338621546845,538.5110348614656,117284.68387072,386.43433788415206,1214.019276991688,30215219.43702251,1.0597750748024855,1.0500930176697991
49452.5,250.9280346753141,788.3136703156916,251333.39815039997,565.6921613720281,1777.1743383596952,94784888.81645082,1.0977787609330323,1.1899301044465562
26035.0,182.06809590694346,571.9837925543354,132318.1845376,410.4543154126133,1289.4802619344937,36207046.56734696,1.0599925368749579,1.048839469248508
16754.0,146.0542889904056,458.84308131753886,85149.17855744,329.2647890999704,1034.4158425222597,18691084.21316747,1.0590352999647221,1.0544024490106987
22175.5,168.0319122198953,527.8878209986681,112702.97296767999,378.81114290853196,1190.0703036593973,28462094.666050825,1.0601296000781126,1.0533713367992181
18193.0,152.19739497562637,478.14221795093187,92462.63611648,343.11380723305206,1077.9238161485807,21150138.069819834,1.085245274808899,1.044695935994588
36039.5,214.21231657512809,672.9678400608734,183164.24857471997,482.9202464869687,1517.138698633233,58969149.37953612,1.0869423781934962,1.2047622880908688
