Area [-],Diameter [-],Perimeter [-],Area [mym^2],Diameter [mym],Perimeter [mym],Volume [mym^3] ,Irregularity [-],Diameter Ratio [-]
25410.0,179.8694438522577,565.0765234115345,129141.7349376,405.49767422052975,1273.9085143789634,34911115.44133395,1.0679440734882453,1.0964685673251138
17011.0,147.17023440726678,462.3489272409571,86455.33463295997,331.7805764477422,1042.3194215720137,19122800.507670607,1.0538463481959899,1.0056381346138037
22624.5,169.72450642102538,533.205262506447,114984.93436032001,382.62692727555964,1202.0579437945341,29330888.07818077,1.0557720496240912,1.036974587296235
20016.5,159.64272406593224,501.5324091245952,101730.24546944,359.89855713423765,1130.6546631304875,24408379.040908847,1.059042673352847,1.0586138578429871
