Area [-],Diameter [-],Perimeter [-],Area [mym^2],Diameter [mym],Perimeter [mym],Volume [mym^3] ,Irregularity [-],Diameter Ratio [-]
34364.0,209.1736209833332,657.1383110060153,174648.82248704,471.56101114482635,1481.452608331961,54905050.21816125,1.0620238064059506,1.043543044385536
39343.5,223.81621931461507,703.1393903530367,199956.23174015997,504.5712848228682,1585.1574416118858,67261448.50498115,1.0585117497290266,1.0231608803922212
34901.0,210.8016445637982,662.2528979262752,177378.02798335996,475.23122750462664,1492.9829330849948,56197051.980588116,1.058092700930896,1.0140722448639727
