Area [-],Diameter [-],Perimeter [-],Area [mym^2],Diameter [mym],Perimeter [mym],Volume [mym^3] ,Irregularity [-],Diameter Ratio [-]
29977.5,195.36770063728125,613.7657330708128,152355.2286144,440.43694431668683,1383.6734686348402,44735247.561064385,1.0758831030955114,1.1383787318848866
25446.0,179.9968151255209,565.4766720678966,129324.69843455998,405.7848200189743,1274.810609509866,34985332.98551737,1.0609728660949476,1.0763926755196138
