Area [-],Diameter [-],Perimeter [-],Area [mym^2],Diameter [mym],Perimeter [mym],Volume [mym^3] ,Irregularity [-],Diameter Ratio [-]
1006.5,35.7982625524751,112.46355864613437,5115.354435839999,80.70360309829987,253.5378466118453,275218.3560647726,1.2164934471954532,1.4530734716385125
44466.5,237.94223293893438,747.5175709797076,225992.95382143994,536.4169699375336,1685.2036120166526,80817637.01075318,1.0721525625936235,1.0901184719706343
50562.0,253.72729033531118,797.1077913326582,256972.23148031998,572.0028033319255,1796.9998047803444,97992557.85680234,1.0603768186682465,0.9977020041465706
