Area [-],Diameter [-],Perimeter [-],Area [mym^2],Diameter [mym],Perimeter [mym],Volume [mym^3] ,Irregularity [-],Diameter Ratio [-]
36695.5,216.15309785850667,679.0649842829602,186498.25007488,487.29554381221743,1530.8841005675054,60586510.79351038,1.1015102426646597,1.043146816434493
27678.5,187.72682477193342,589.7612135852444,140670.97640575995,423.2113537658467,1329.557679906575,39689036.24016344,1.0569864627453613,1.065970308487286
56059.0,267.1638741265527,839.3200642605661,284909.7410022399,602.2942378309003,1892.1631528690202,114399663.53836222,1.0680147359784413,1.115057365552288
