Area [-],Diameter [-],Perimeter [-],Area [mym^2],Diameter [mym],Perimeter [mym],Volume [mym^3] ,Irregularity [-],Diameter Ratio [-]
19806.0,158.801078154478,498.8883005122467,100660.41724416,358.0011505914552,1124.693784674809,24024363.461616825,1.0668025096535403,1.0832919120148516
