Area [-],Diameter [-],Perimeter [-],Area [mym^2],Diameter [mym],Perimeter [mym],Volume [mym^3] ,Irregularity [-],Diameter Ratio [-]
35284.5,211.95664820006908,665.8814488648533,179327.09745792,477.83506770223573,1501.163138320925,57125850.50310042,1.0569389286287454,1.0088709926223032
