Area [-],Diameter [-],Perimeter [-],Area [mym^2],Diameter [mym],Perimeter [mym],Volume [mym^3] ,Irregularity [-],Diameter Ratio [-]
39011.5,222.86988244138283,700.1663853842691,198268.90171263998,502.4378629758534,1578.455099210296,66411868.8473789,1.058966689614392,1.0230184424311637
