Area [-],Diameter [-],Perimeter [-],Area [mym^2],Diameter [mym],Perimeter [mym],Volume [mym^3] ,Irregularity [-],Diameter Ratio [-]
42595.0,232.8811679977457,731.6177665411284,216481.39313920002,525.0073051341179,1649.3590928903197,75769541.88246062,1.0583708760869088,1.045655038545564
41404.0,229.60228681399207,721.3168575022542,210428.35078143998,517.6153953934637,1626.1367235530815,72613969.32781969,1.0605730619946478,1.0517985226557383
28057.5,189.00772081162935,593.7852671735654,142597.17544320002,426.0990057977372,1338.629506316086,40507009.79060868,1.0708499105536675,1.1215004516876486
