Area [-],Diameter [-],Perimeter [-],Area [mym^2],Diameter [mym],Perimeter [mym],Volume [mym^3] ,Irregularity [-],Diameter Ratio [-]
23234.0,171.99548709886773,540.3397587204009,118082.60801024,387.7466261156874,1218.1419520592717,30524088.572607864,1.0678185969177068,1.0990713304543156
29378.5,193.40596672543992,607.602764225074,149310.91931775995,436.01441138583175,1369.7796716690068,43401141.733207025,1.0729275995909284,1.0496056736873056
28141.5,189.29043992807607,594.6734554728238,143024.09026943997,426.7363677738547,1340.6318380179341,40689053.85716048,1.1637578646524045,1.178083795910308
50570.0,253.747362108963,797.1708486693071,257012.8900352,572.0480531384461,1797.141961240086,98015815.58408111,1.1019784195357558,1.1112868806134188
