Area [-],Diameter [-],Perimeter [-],Area [mym^2],Diameter [mym],Perimeter [mym],Volume [mym^3] ,Irregularity [-],Diameter Ratio [-]
44635.0,238.3926321832409,748.9325419368033,226849.32463359996,537.4323499938982,1688.3935225423293,81277443.75490956,1.0639252177549754,1.0559893545435117
7626.0,98.5379356803782,309.5660548333797,38757.767439359995,222.1439221978446,697.8857140163711,5739868.316407561,1.2669053976880462,1.3118249887685425
43775.5,236.08620817522169,741.686697217147,222481.07114367996,532.2327477102198,1672.0584902063363,78941141.20554246,1.1244928943255248,1.16288834810292
