Area [-],Diameter [-],Perimeter [-],Area [mym^2],Diameter [mym],Perimeter [mym],Volume [mym^3] ,Irregularity [-],Diameter Ratio [-]
59887.5,276.13607738817296,867.5070721137868,304367.40067199996,622.5211728638972,1955.707943373321,126316767.49857944,1.0704119795826221,1.0999605807460398
58568.0,273.0770837255463,857.896960095901,297661.2802764801,615.6249775508716,1934.0429068401995,122165145.99198113,1.0904793211620842,1.1436191160206384
