Area [-],Diameter [-],Perimeter [-],Area [mym^2],Diameter [mym],Perimeter [mym],Volume [mym^3] ,Irregularity [-],Diameter Ratio [-]
41848.0,230.83008570824794,725.174101488534,212684.90057728003,520.3833452206742,1634.8324943957512,73785120.02688766,1.0691947940298894,1.0702418657795352
1068.0,36.875735026940866,115.84853825636124,5427.917076479998,83.13265704473548,261.16894464514075,300824.7791908499,1.2545526746102929,1.6379337011491726
