Area [-],Diameter [-],Perimeter [-],Area [mym^2],Diameter [mym],Perimeter [mym],Volume [mym^3] ,Irregularity [-],Diameter Ratio [-]
10149.0,113.67545090967164,357.1219614713316,51580.45918464001,256.26993653076374,805.0957499409699,8812347.334316896,1.1223569695035303,1.0318228081350271
