Area [-],Diameter [-],Perimeter [-],Area [mym^2],Diameter [mym],Perimeter [mym],Volume [mym^3] ,Irregularity [-],Diameter Ratio [-]
24430.5,176.36858761597085,554.0782591783418,124163.60312447995,397.60534392144467,1249.1140274916536,32912074.74855641,1.1819347302202512,1.1390178126733148
11263.5,119.75447220093497,376.2197701009804,57244.70411136001,269.9744821297878,848.1498497156502,10303072.89809157,1.084712800890439,1.0901692473180669
