Area [-],Diameter [-],Perimeter [-],Area [mym^2],Diameter [mym],Perimeter [mym],Volume [mym^3] ,Irregularity [-],Diameter Ratio [-]
10684.5,116.63587748082854,366.4224158387701,54302.04120191999,262.94392219277984,826.0626942669232,9518927.797804518,1.1150400852806681,1.0783581208721784
8867.5,106.25653703626453,333.8147561490204,45067.46692480001,239.54473709455476,752.5519862623516,7197116.344012506,1.135117069192039,1.108870052223218
13351.0,130.38029437671614,409.60177498676603,67854.04577536,293.92933564286886,923.4062415301654,13296196.396954918,1.1297789111171415,1.1835593804436766
9223.5,108.368468388479,340.44958417002334,46876.77261695999,244.30587513498705,767.5095425529006,7634847.305126805,1.0738891640560386,1.0855253423744644
