Area [-],Diameter [-],Perimeter [-],Area [mym^2],Diameter [mym],Perimeter [mym],Volume [mym^3] ,Irregularity [-],Diameter Ratio [-]
2706.5,58.7028349215412,184.4203949344082,13755.297347839998,132.3396710471225,415.7573383401299,1213581.0174456679,1.0758525990611139,1.0360835415950116
1310.0,40.84046772017998,128.30411335888851,6657.838361599997,92.07075042837374,289.2487931562782,408661.4494555508,1.0746518269953913,1.0283917482964349
