Area [-],Diameter [-],Perimeter [-],Area [mym^2],Diameter [mym],Perimeter [mym],Volume [mym^3] ,Irregularity [-],Diameter Ratio [-]
7432.0,97.27649405931389,305.60311910371166,37771.79748352001,219.30012820731724,688.9516717074076,5522240.020504507,1.0700785183241621,1.0948424365696825
6808.0,93.10324817404057,292.4924804889132,34600.43020288,209.89196268355707,659.3950480142059,4841568.136651942,1.066860829742021,1.0610994072726911
