Area [-],Diameter [-],Perimeter [-],Area [mym^2],Diameter [mym],Perimeter [mym],Volume [mym^3] ,Irregularity [-],Diameter Ratio [-]
8168.5,101.98263195843289,320.3878873543644,41514.925692159995,229.9096454870911,722.2824532516792,6363121.232204958,1.062123209002077,1.0015584917101743
31037.5,198.79178144409696,624.5228001788028,157742.48713599998,448.15619208757215,1407.9242007230928,47128848.24352839,1.125607580506866,1.0472998120169335
5195.0,81.32944998522473,255.5040025940805,26402.649075200003,183.34911204669064,576.0082234480951,3227268.175745532,1.057156219743248,1.0082448610546006
4700.5,77.36189294496117,243.03955454369006,23889.442151680003,174.40465145512047,547.9083717632949,2777619.887947343,1.0973252171819428,1.1361131122327164
1884.0,48.977375412337544,153.86696278750898,9575.089674239998,110.41459512957375,346.87768090816024,704819.7664737144,1.1893062965349304,1.3696536066833906
4960.5,79.47266675819287,249.6707460487285,25210.84518528,179.16317993967002,562.8577298922535,3011236.794907656,1.0554775167706882,1.0192183464341804
