Area [-],Diameter [-],Perimeter [-],Area [mym^2],Diameter [mym],Perimeter [mym],Volume [mym^3] ,Irregularity [-],Diameter Ratio [-]
4535.0,75.9877709593719,238.72262300862658,23048.318297600003,171.306830850808,538.1762813106478,2632222.9093350316,1.0658846997913256,1.059360407047088
7637.0,98.60897729488141,309.78923864760213,38813.67295232,222.30407841358064,698.3888596071542,5752291.8636744125,1.0589417884876005,1.0512921079143014
23871.0,174.33732007913014,547.6968440071275,121320.04544256,393.02605438639097,1234.7277651296683,31787959.18551134,1.1574932600222525,1.2910947491506222
