Area [-],Diameter [-],Perimeter [-],Area [mym^2],Diameter [mym],Perimeter [mym],Volume [mym^3] ,Irregularity [-],Diameter Ratio [-]
1140,38.0984656,119.6898596,5793.84407,85.88918085,269.8288196,331752.3474,1.236732883,1.240122119
7947.5,100.5935946,316.0240979,40391.73311,226.7781997,712.4447263,6106643.013,1.080496665,1.025419437
