Area [-],Diameter [-],Perimeter [-],Area [mym^2],Diameter [mym],Perimeter [mym],Volume [mym^3] ,Irregularity [-],Diameter Ratio [-]
2395.5,55.2272154776346,173.5014144227574,12174.696026880001,124.50423457277944,391.1415886746642,1010534.1399886357,1.1073390443868494,1.1830521779199417
7101.0,95.08561409153538,298.72026669204166,36089.54977536,214.36100840795734,673.4349692305386,5157461.521890226,1.308784509773051,1.3286443185388912
9632.5,110.74511237369103,347.91603145416383,48955.44123519999,249.66378133524904,784.3419013102668,8148267.05047707,1.2494906180963987,1.1524566098855489
8894.5,106.41818045168272,334.32257391539935,45204.68954751999,239.9091460102735,753.6968106348762,7230012.310003373,1.121604498150768,1.1464206537095598
