Area [-],Diameter [-],Perimeter [-],Area [mym^2],Diameter [mym],Perimeter [mym],Volume [mym^3] ,Irregularity [-],Diameter Ratio [-]
8057.5,101.28735178542074,318.2036002706428,40950.7882432,228.3422058650525,717.3581964501371,6233862.212909964,1.0756993659125262,1.0498233976180926
6069.5,87.90863107095953,276.1731095596619,30847.137355520004,198.18121788637117,622.6046581913018,4075548.832950087,1.0710895433839878,1.0295878540119399
