Area [-],Diameter [-],Perimeter [-],Area [mym^2],Diameter [mym],Perimeter [mym],Volume [mym^3] ,Irregularity [-],Diameter Ratio [-]
12914.5,128.2312446343802,402.8503361040444,65635.61337472,289.0845179037467,908.1857977129577,12649493.09983176,1.166764635319239,1.1010949698333268
8071.5,101.37530757206049,318.47992152379095,41021.940714239994,228.54049339045318,717.9811350832343,6250116.380444218,1.113076202140907,1.166583001360805
