Area [-],Diameter [-],Perimeter [-],Area [mym^2],Diameter [mym],Perimeter [mym],Volume [mym^3] ,Irregularity [-],Diameter Ratio [-]
7269.0,96.20383698522579,302.2332675199354,36943.379427839995,216.88193009949302,681.3546782969423,5341567.623138562,1.0666989736785324,1.0607893110209037
2617.5,57.72958087795449,181.36282718099963,13302.970924800002,130.1455671312606,408.8643575968456,1154215.1303591777,1.074610742831965,1.1391200887460666
5138.0,80.88204238796932,254.09843017338267,26112.956871680002,182.34047635943804,572.8395009828739,3174299.3300903947,1.108088267237863,1.2004906656053753
6230.5,89.06693541080456,279.8120299643402,31665.39077248,200.7924991901178,630.8082403516086,4238781.967358637,1.07492409211128,1.1157698857307683
