Area [-],Diameter [-],Perimeter [-],Area [mym^2],Diameter [mym],Perimeter [mym],Volume [mym^3] ,Irregularity [-],Diameter Ratio [-]
2991.0,61.71109688137841,193.8711286075064,15201.217205760002,139.1214968093795,437.0630723327625,1409877.3939932166,1.3064308247157999,1.5250305049303847
1409.5,42.3630869779837,133.087562833419,7163.52913792,95.50334328316644,300.03260165165983,456093.9882518261,1.0855111718801926,1.2038782732359647
1153.5,38.323384699841036,120.39646383371608,5862.455381759998,86.39623846732162,271.4217880667295,337662.7287777132,1.2193977918161305,1.183428890639121
1100.0,37.424103185095554,117.57128763348257,5590.551296,84.36889822047941,265.05271084092306,314445.76885906217,1.1856378492484585,1.1222713819559698
126953.5,402.04753020325285,1263.0695672804595,645218.2308697602,906.3759520902132,2847.464032477068,389873525.54036117,1.0873302868584909,1.1507363210685333
1241.0,39.75034936973935,124.87940555760079,6307.1583257600005,89.61318761914038,281.5281318890552,376803.0415933028,1.37363805680281,1.3166018713973295
4657.0,77.00309448218073,241.9123559288997,23668.361259519992,173.59577620062822,545.3672152061115,2739151.696162168,2.2068825014165205,1.6898507052936649
