Area [-],Diameter [-],Perimeter [-],Area [mym^2],Diameter [mym],Perimeter [mym],Volume [mym^3] ,Irregularity [-],Diameter Ratio [-]
3492.5,66.6842493396121,209.49474783547538,17750.0003648,150.3329717112215,472.2849595202956,1778940.2018104326,1.6111232502824677,1.8187990268143865
5031.0,80.0354180945074,251.43868151269206,25569.14870016,180.4318465522575,566.843363602213,3075659.1431594156,1.153790831889099,1.3351409766860838
2894.5,60.70742839419183,190.71801106152145,14710.773387519997,136.85882657186605,429.9546841370939,1342199.455853748,1.2598024931733198,1.4803534980257924
40615.5,227.4054984585707,714.4154433433707,206420.94196608,512.6629557250018,1610.578175473295,70549580.15457974,1.0608383294571213,1.0572140599625948
2247.0,53.48802910016325,168.03759927606995,11419.97160192,120.58341280340804,378.8239638079721,918039.4332516777,1.1916962736675039,1.3571231726273953
5238.0,81.66534598789613,256.5592510084432,26621.18880768,184.10635599511303,578.3871754734342,3267420.042426569,1.5588251785420737,1.1749294407119828
1504.0,43.760167678857044,137.4766212997548,7643.808317440001,98.65292201521532,309.9272950581672,502722.68389310845,1.1579856751818218,1.1979877483468155
1127.5,37.88901670258673,119.03185652458744,5730.3150784,85.41699925431152,268.3454173490299,326310.8791857753,1.1690511435472788,1.2140721508051044
23245.5,172.03804764394772,540.473466616157,118141.05468288,387.84257460851575,1218.4433831394642,30546753.876782417,1.0942784995509012,1.1860381392805475
