Area [-],Diameter [-],Perimeter [-],Area [mym^2],Diameter [mym],Perimeter [mym],Volume [mym^3] ,Irregularity [-],Diameter Ratio [-]
1315.0,40.91833331560242,128.54873534143505,6683.249958399999,92.24629062669409,289.8002689537311,411003.3453289383,1.4004368439385553,1.54480779802634
52679.0,258.9845284512255,813.6238919757868,267731.50156544003,583.8547209404428,1834.233702070214,104210867.4223038,1.0851346509966433,1.014675586575832
1388.0,42.038749839789546,132.06862766278192,7054.259271679999,94.77215763882155,297.7355142029756,445698.24781385023,1.3343471405596783,1.4510421987445423
2154.5,52.37551526364116,164.54253398023516,10949.85706112,118.07536161035263,370.94468860504213,861938.8880489446,1.3219795136735026,1.5527511461806678
1055.5,36.659300858962986,115.16859026425611,5364.38808448,82.64472785644615,259.63606989173894,295558.9289054747,1.2238868010764312,1.4345807892544
1006.0,35.78936967876878,112.43562085942929,5112.813276160002,80.68355500381634,253.4748636654974,275013.3007941986,1.1907458580189396,1.336206358665535
1932.5,49.603784333462926,155.8348844522596,9821.582163199999,111.82677140135881,351.314163509174,732210.5489092196,1.2187507351040172,1.2481169406584496
1358.5,41.58961314466292,130.65762312091454,6904.330850559999,93.75962387332808,294.5545455637897,431564.97576368065,1.1643016826188695,1.1948668448141644
