Area [-],Diameter [-],Perimeter [-],Area [mym^2],Diameter [mym],Perimeter [mym],Volume [mym^3] ,Irregularity [-],Diameter Ratio [-]
1654.5,45.897438128552736,144.19105444325334,8408.697381119999,103.47118451700929,325.06431313687034,580038.5855130402,1.4142616597709643,1.4854116644782347
1601.5,45.156318836829065,141.86275952094059,8139.33445504,101.80040518574744,319.8154050640084,552391.6969769247,1.2235821065365493,1.3468998951609108
3485.0,66.61261001793912,209.2696862687994,17711.882969600003,150.17146802444194,471.7775807243813,1773212.9780146293,1.5191241536897302,1.402314129022455
69421.5,297.3048924165765,934.0108658922204,352822.2334502401,670.2441494639301,2105.634096067422,157651358.51388025,1.057028660062516,1.0326099833225717
1330.0,41.151046092387084,129.27982409137823,6759.4847488,92.77091831067744,291.44843543160306,418055.73830212984,1.2068734337352591,1.456385376795711
2199.0,52.91364435448217,166.23311637870424,11176.020272640002,119.28851983274461,374.7559375641508,888780.610629315,1.5045596867825306,1.7553211632158754
2245.0,53.46421960461445,167.96279953976816,11409.806963199999,120.52973667664281,378.6553352824533,916814.0192038809,1.3575886198530713,1.372722134203298
1185.5,38.85132533496812,122.05503825456285,6025.08960128,87.58642783515212,275.1608782410865,351810.7170418908,1.2124264363124901,1.2263420953022126
