Area [-],Diameter [-],Perimeter [-],Area [mym^2],Diameter [mym],Perimeter [mym],Volume [mym^3] ,Irregularity [-],Diameter Ratio [-]
1481.5,43.431605836362344,136.44441382912353,7529.45613184,97.91221219749526,307.6002865363761,491483.8043416333,1.3125891187380658,1.4012215861572648
1369.5,41.7576526700772,131.18553485946873,6960.236363519999,94.13845217942203,295.7446697871863,436817.25204313453,1.2611039694982098,1.470039957064448
2646.0,58.04301711118436,182.34751614868344,13447.817026559998,130.852177775454,411.0842404055919,1173117.429500804,1.765346969593638,1.6242207616693343
57522.0,270.62757637065744,850.2016057848681,292345.17422592,610.1028081700101,1916.6945000814067,118907074.50012308,1.0558906252703215,1.0190078951347803
1408.5,42.348056611366204,133.04034354407273,7158.446818560001,95.46945882466397,299.9261504857576,455608.69586204056,1.2849735123118524,1.4345447693853186
1868.5,48.77548656177252,153.2327102577322,9496.31372416,109.95945690485996,345.4478220050315,696139.6664712011,1.292583124253296,1.4152378637545857
51309.0,255.5946943909761,802.9744141952187,260768.72404223992,576.2126790350164,1810.2255193617011,100172163.39261465,1.0553706561422147,1.0015857356115692
1613.0,45.31815735064498,142.37119020701255,8197.781127680002,102.16525393129405,320.9616112026891,558352.2603883982,1.3768542984632341,1.467612428550127
