Area [-],Diameter [-],Perimeter [-],Area [mym^2],Diameter [mym],Perimeter [mym],Volume [mym^3] ,Irregularity [-],Diameter Ratio [-]
2058.0,51.18912954002017,160.81539330658362,10459.413242880002,115.40077363502147,362.5422226703621,804682.9199978271,1.2884087392212957,1.4290984269853968
2206.0,52.997796517268235,166.49748819509662,11211.59650816,119.47823246852951,375.3519373870258,893027.8226301962,1.1462804295675393,1.2866164288762794
1415.0,42.445658856946196,133.3469700417607,7191.481894399998,95.6894933270995,300.6174092621453,458766.1724974303,1.235203745963707,1.258015863159778
1541.0,44.29517059947829,139.15738254482758,7831.854133760001,99.85903259946386,313.7164032090593,521387.5848382572,1.1152549386843922,1.1408723045399358
1216.5,39.35601486647658,123.6405671790935,6182.64150144,88.7241999149848,278.7352946485484,365699.94705096283,1.1952528848018007,1.213032562505244
1535.0,44.20885319897447,138.8862084335278,7801.3602176,99.66443865176804,313.10506829254507,518345.4578715593,1.156115811194054,1.2482354935563658
8168.5,101.98263195843289,320.3878873543644,41514.925692159995,229.9096454870911,722.2824532516792,6363121.232204958,1.060608541162957,1.0197814863455315
3869.5,70.19117051561906,220.51206563873734,19666.034763519994,158.2389748104116,497.1224007759694,2074622.1197102126,1.1963342189419475,1.3558354723808308
3275.0,64.5744493511765,202.86661569126227,16644.595904000005,145.5766386172923,457.3424984143817,1615376.2152316484,1.1314779575864897,1.2543660970223085
