Area [-],Diameter [-],Perimeter [-],Area [mym^2],Diameter [mym],Perimeter [mym],Volume [mym^3] ,Irregularity [-],Diameter Ratio [-]
37208.5,217.6587549359738,683.7951454963564,189105.47990655998,490.6898971276593,1541.547776006986,61861432.32108438,1.195170621240374,1.0574170665499887
4309.5,74.07446130776911,232.71178346310882,21902.25528192,166.9934655722347,524.6254446392326,2438355.6755837356,1.78297300410964,2.212826215921704
29931.0,195.2161182214936,613.2895228669609,152118.90076416,440.09521691853513,1382.5999003512763,44631200.41947474,1.1169028941070995,1.0163148850640624
28301.5,189.82778767957606,596.3615832213592,143837.26136704002,427.9477645448363,1344.4375532142321,41036556.30685074,1.0877349339192055,1.0307040273210755
1253.0,39.94207242436425,125.48172129753418,6368.146158079999,90.04540807348675,282.88599249316104,382281.54631728027,1.125231282114129,1.1153083196132954
29644.0,194.2779273724351,610.3421093878935,150660.27510784002,437.9801594684177,1375.9552514040672,43990807.5448583,1.3510573735855613,1.0979914644267064
