Area [-],Diameter [-],Perimeter [-],Area [mym^2],Diameter [mym],Perimeter [mym],Volume [mym^3] ,Irregularity [-],Diameter Ratio [-]
83528.5,326.1162205601111,1024.5243227281137,424518.51266176,735.1964076307145,2309.6876331582594,208069656.9877733,1.0669912657409284,1.0057764052234306
