Area [-],Diameter [-],Perimeter [-],Area [mym^2],Diameter [mym],Perimeter [mym],Volume [mym^3] ,Irregularity [-],Diameter Ratio [-]
14566.5,136.18606326781295,427.84113588347594,74031.60495744002,307.01786103095753,964.5250567357082,15152683.335148044,1.143422306520719,1.0691682849794353
107691.0,370.2923707181589,1163.3077915285162,547320.0541977601,834.7871205470175,2622.561085221887,304597154.7075905,1.1572131567536363,1.1288935269977767
