Area [-],Diameter [-],Perimeter [-],Area [mym^2],Diameter [mym],Perimeter [mym],Volume [mym^3] ,Irregularity [-],Diameter Ratio [-]
15661.5,141.21204314742334,443.63071735035004,79596.74465664002,318.3484300715512,1000.1210891946292,16892999.133498322,1.2089239434529933,1.171527285558564
68876.5,296.13558297332565,930.3373719355305,350052.36939903995,667.6080582550653,2097.3525712914598,155798521.74805197,1.227434359115035,1.2120511977428934
27117.0,185.8129078793597,583.7484663359534,137817.25408512002,418.8966195232285,1316.0025425077733,38487454.56548708,1.2181070175252826,1.079433911213925
33966.5,207.9603111082663,653.3265856159773,172628.60054143998,468.8257253624755,1472.859454612659,53955152.57809976,1.3233283264207762,1.1572414577405172
7813.5,99.74195297259922,313.34858671341635,39710.70231936,224.85825878142768,706.4130538867258,5952852.919012594,1.4020973842778017,1.5380142101064311
