Area [-],Diameter [-],Perimeter [-],Area [mym^2],Diameter [mym],Perimeter [mym],Volume [mym^3] ,Irregularity [-],Diameter Ratio [-]
25241.0,179.2702968945504,563.1942477307806,128282.82296576003,404.14695731907443,1269.6651120842719,34563408.385275595,1.127113487234141,1.0344242565079322
42012.5,231.28332489218937,726.5979943791234,213520.94211200002,521.4051276369518,1638.0425185282961,74220609.38337971,1.555842736892472,1.2009513002941319
34141.5,208.49534267358482,655.0074368510205,173518.00642944,470.0319005233296,1476.6487656369409,54372665.558032684,1.294891490538999,1.0432267528011332
