Area [-],Diameter [-],Perimeter [-],Area [mym^2],Diameter [mym],Perimeter [mym],Volume [mym^3] ,Irregularity [-],Diameter Ratio [-]
34783.0,210.4449835099976,661.1324141798336,176778.31429887997,474.42717082493857,1490.4569145270168,55912290.34401294,1.4320485693752398,1.186944420614193
33720.0,207.20433742677707,650.9516242519035,171375.8088192,467.12145829492624,1467.5053417134911,53368878.488064796,1.112676463713289,1.1673646115141565
34756.5,210.36480275128653,660.8805188973076,176643.63283584005,474.24641132250036,1489.8890418020903,55848405.97024435,1.2207449978418479,1.0472934257316504
38897.5,222.54400731391533,699.1426184778296,197689.51730560002,501.7032100884907,1576.147119096419,66120976.95537585,1.314371465740797,1.09621975898638
