Area [-],Diameter [-],Perimeter [-],Area [mym^2],Diameter [mym],Perimeter [mym],Volume [mym^3] ,Irregularity [-],Diameter Ratio [-]
36194.0,214.67098565512873,674.4087914730322,183949.46691584002,483.9542700609222,1520.387179496804,59348753.32623408,1.2277120363142089,1.0427916038921932
29828.5,194.88156854903647,612.2385040737087,151597.96302976002,439.34100813694783,1380.2304835837688,44402134.60600167,1.340503263140541,1.083731423949484
30615.0,197.43411220472262,620.2575564703795,155595.2072064,445.0954625543267,1398.3086353068236,46169813.815179266,1.2392691944880962,1.024767677785561
