Area [-],Diameter [-],Perimeter [-],Area [mym^2],Diameter [mym],Perimeter [mym],Volume [mym^3] ,Irregularity [-],Diameter Ratio [-]
9187.5,108.1567766,339.7845347,46693.80912,243.8286371,766.010255,7590191.892,1.16511892,1.171599408
4883,78.84940518,247.712712,24816.96543,177.758099,558.443538,2940944.4,1.104021778,1.078004327
19130,156.0675254,490.3005913,97224.76936,351.8386293,1105.333653,22804953.06,1.164850682,1.061027389
8163,101.9482928,320.2800077,41486.97294,229.8322313,722.0392493,6356695.706,1.131928447,1.169099353
24160.5,175.3912883,551.0079829,122791.3769,395.4021204,1242.192397,32367980.53,1.106905515,1.022751474
