Area [-],Diameter [-],Perimeter [-],Area [mym^2],Diameter [mym],Perimeter [mym],Volume [mym^3] ,Irregularity [-],Diameter Ratio [-]
12409.5,125.69910950516318,394.8953989841996,63069.042097920006,283.3760724684399,890.2521874699795,11914838.296036845,1.096647274565884,1.0651756612052883
22417.0,168.94440172532543,530.7544913254052,113930.35309312001,380.86825924957367,1196.5329252439933,28928303.5055106,1.1331901074052184,1.2399233209175566
3381.5,65.61600049166326,206.13874510255354,17185.86291584,147.92471150840564,464.7191869591967,1694809.2092324255,1.447041946887831,1.1472589155217683
6688.0,92.27906628910355,289.90323673397324,33990.551879679995,208.03392704215506,653.5578568930694,4714125.32657329,1.1377857097358433,1.1168332905436282
20450.5,161.36413885868956,506.94039319130235,103935.97207168002,363.77931464302975,1142.846422410472,25206504.45799522,1.067751487125707,1.0355897015731177
52989.5,259.7466589886074,816.0181956731022,269309.56172671996,585.5728680239165,1839.6314203254415,105133581.63105291,1.118489412822752,1.0240747697612036
