Area [-],Diameter [-],Perimeter [-],Area [mym^2],Diameter [mym],Perimeter [mym],Volume [mym^3] ,Irregularity [-],Diameter Ratio [-]
1055.0,36.6506169074355,115.14130882593322,5361.846924800001,82.6251507561226,259.5745666171839,295348.9403285683,1.1022255059300727,1.1811305057008907
17719.0,150.2016361201247,471.8723565921511,90053.61673984,338.61456846920913,1063.7890407013454,20328977.71430165,1.246129959390406,1.0917857543219198
3978.0,71.16844039991658,223.58224952782095,20217.46641408,160.44213203757192,504.04382333551956,2162488.9439153327,1.2802884911385015,1.4003491837029272
36543.0,215.7034832432176,677.6524783106214,185723.19637248,486.2819326235097,1527.699747103465,60209223.24335011,1.198137602370681,1.1022058161248451
4560.0,76.19693119799736,239.37971927771542,23175.376281599998,171.77836169276523,539.6576391396816,2654018.7795110783,1.120009858481717,1.1954913669790175
