Area [-],Diameter [-],Perimeter [-],Area [mym^2],Diameter [mym],Perimeter [mym],Volume [mym^3] ,Irregularity [-],Diameter Ratio [-]
47575.0,246.11861234123552,773.2044244429397,241791.34355199995,554.8497996620813,1743.112054464163,89438585.68656842,1.22917842524942,1.0102565668264132
35554.5,212.76605789760345,668.4242844243715,180699.32368512,479.6598009243572,1506.8957068063032,57782801.08398043,1.4814644524303835,1.127999467450317
3102.0,62.84575616355073,197.43576587270644,15765.354654719997,141.67947269510876,445.09919058342933,1489084.756221405,1.3512948681156354,1.1549498150537791
29521.5,193.87609759818022,609.0797239211007,150037.69098624,437.0742744253375,1373.1093296077295,43718409.94950922,1.2685112012256037,1.1474915895374314
4958.5,79.45664404295782,249.62040920425548,25200.680546559997,179.1270583304441,562.7442505100736,3009415.849487027,1.2104349825549594,1.0706220019189783
