Area [-],Diameter [-],Perimeter [-],Area [mym^2],Diameter [mym],Perimeter [mym],Volume [mym^3] ,Irregularity [-],Diameter Ratio [-]
103735.5,363.4283158930719,1141.7437273161854,527216.9399692799,819.3127953493413,2573.947058861608,287970389.89450437,1.124077368745593,1.1014411201663132
48230.0,247.80706858880538,778.5088661862129,245120.26273279995,558.6562554266028,1755.0703879301984,91291978.73832737,1.06629733086521,1.0273069086525608
1566.0,44.653030435293694,140.2816323760401,7958.912117759999,100.6657918133261,316.2509120285448,534126.7935379909,1.248887364440417,1.5885655339677105
