Area [-],Diameter [-],Perimeter [-],Area [mym^2],Diameter [mym],Perimeter [mym],Volume [mym^3] ,Irregularity [-],Diameter Ratio [-]
39927.5,225.47122193843987,708.3387344377164,202924.30624639997,508.3023227380188,1596.8788429163878,68764597.47003077,1.4516314956743839,1.090572708643077
33523.5,206.59972380893743,649.0521745518381,170377.13306495998,465.7584173548685,1463.2232223096637,52903055.89986374,1.350750751488422,1.0356828293580085
