Area [-],Diameter [-],Perimeter [-],Area [mym^2],Diameter [mym],Perimeter [mym],Volume [mym^3] ,Irregularity [-],Diameter Ratio [-]
8302.5,102.81571533653641,323.0050959748422,42195.95648639999,231.78774865468768,728.1826883656843,6520337.17087588,1.1670952174891263,1.1548859502771742
87805.0,334.3602820693136,1050.4238058011667,446253.0514047999,753.7818198970606,2368.07542779815,224251624.81501773,1.1081513525176163,1.1008757052424647
50105.0,252.5780421749985,793.4973217550682,254649.61153279996,569.4119382793166,1788.8603621646257,96667019.25664441,1.0805778556103134,1.0062401203102522
50470.5,253.49760638427344,796.3862179194305,256507.19925888002,571.4850038327061,1795.3730896775642,97726678.50105184,1.0893409756309937,1.0555259556062462
44887.0,239.06464281555157,751.0437256024047,228130.06911232,538.9473307633795,1693.1529749980612,81966727.87663344,1.0793076084193352,0.9989433795970476
