Area [-],Diameter [-],Perimeter [-],Area [mym^2],Diameter [mym],Perimeter [mym],Volume [mym^3] ,Irregularity [-],Diameter Ratio [-]
25615.5,180.59531433058712,567.356912773712,130186.15156608,407.1340766268756,1279.0494241570561,35335479.07164163,1.068814079640377,1.0383604993660898
23481.5,172.90915062453672,543.2101173404956,119340.48205184001,389.80638916795556,1224.612888532413,31013121.593460638,1.116325041077497,1.0253758945643716
18649.0,154.09297281111182,484.0973513532006,94780.17374464,347.3871979053705,1091.3490688906554,21950279.316089768,1.1137963303746712,1.023309574580121
