Area [-],Diameter [-],Perimeter [-],Area [mym^2],Diameter [mym],Perimeter [mym],Volume [mym^3] ,Irregularity [-],Diameter Ratio [-]
27254.5,186.28340551961276,585.2265782661037,138516.07299711998,419.95730940341497,1319.3347980431042,38780558.21666502,1.097592292156362,1.034205154459812
