Area [-],Diameter [-],Perimeter [-],Area [mym^2],Diameter [mym],Perimeter [mym],Volume [mym^3] ,Irregularity [-],Diameter Ratio [-]
2766.0,59.34459184068469,186.4365337569798,14057.695349760003,133.78644784563957,420.30252170173526,1253819.417160371,1.2164672483231984,1.0335041496644424
87252.5,333.3066656654271,1047.113772247015,443445.0699584001,751.4065470761388,2360.613288153671,222138352.55691883,1.600071644187892,1.0952459176409564
74185.5,307.3368058758183,965.5270515172232,377034.4028812801,692.8600951664448,2176.6841849404277,174154728.17423162,1.5334421292292637,1.108386046304128
