Area [-],Diameter [-],Perimeter [-],Area [mym^2],Diameter [mym],Perimeter [mym],Volume [mym^3] ,Irregularity [-],Diameter Ratio [-]
68724.0,295.8075632440444,929.3068675637879,349277.31569664,666.8685705773737,2095.029402235804,155281376.16914696,1.6745389990717234,1.0950163680159986
