Area [-],Diameter [-],Perimeter [-],Area [mym^2],Diameter [mym],Perimeter [mym],Volume [mym^3] ,Irregularity [-],Diameter Ratio [-]
51931.0,257.1392673195631,807.8268331606014,263929.92668416,579.694764245223,1821.1648126772598,101999197.75095542,1.3353293162959967,1.046081922133591
