Area [-],Diameter [-],Perimeter [-],Area [mym^2],Diameter [mym],Perimeter [mym],Volume [mym^3] ,Irregularity [-],Diameter Ratio [-]
80057.0,319.2675026257181,1003.008440778916,406875.24100352,719.7566579194189,2261.1822288919884,195234109.1032344,1.510386236287998,1.1359060817861184
