Area [-],Diameter [-],Perimeter [-],Area [mym^2],Diameter [mym],Perimeter [mym],Volume [mym^3] ,Irregularity [-],Diameter Ratio [-]
59311.0,274.80376751017667,863.3214971887685,301437.44356096,619.5176134749423,1946.2719832623598,124497203.76458238,1.3852438689893156,1.1026618293680366
