Area [-],Diameter [-],Perimeter [-],Area [mym^2],Diameter [mym],Perimeter [mym],Volume [mym^3] ,Irregularity [-],Diameter Ratio [-]
96681.0,350.8533488860271,1102.2383033477195,491363.71804416,790.9637897286595,2484.886031067099,259100605.70624888,1.7665155018917094,1.1693890308297048
