Area [-],Diameter [-],Perimeter [-],Area [mym^2],Diameter [mym],Perimeter [mym],Volume [mym^3] ,Irregularity [-],Diameter Ratio [-]
52355.5,258.1880961322226,811.1218260533258,266087.37125247996,582.0592439204826,1828.5930446546174,103252409.41867149,1.252044381252435,0.992412387634583
