Area [-],Diameter [-],Perimeter [-],Area [mym^2],Diameter [mym],Perimeter [mym],Volume [mym^3] ,Irregularity [-],Diameter Ratio [-]
83141.0,325.3588925922053,1022.1451067477826,422549.1139097601,733.4890874598676,2304.323928652201,206623442.64576373,1.5472926006328105,1.094298925220583
101090.5,358.7651351470067,1127.0939129419855,513774.20526207995,808.8001206754118,2540.9205173364116,277027092.8105894,1.7395126668256373,1.1308530932794068
