Area [-],Diameter [-],Perimeter [-],Area [mym^2],Diameter [mym],Perimeter [mym],Volume [mym^3] ,Irregularity [-],Diameter Ratio [-]
64219.0,285.9478454602297,898.3316506076872,326381.46697983996,644.6408228055418,2025.1988731299698,140265878.28157586,1.6645002863574778,1.1441465093799768
72656.5,304.1531340986812,955.5252516507281,369263.53657984006,685.682825512067,2154.1361273214015,168798443.41376215,1.7667176707149683,1.0929458727517272
