Area [-],Diameter [-],Perimeter [-],Area [mym^2],Diameter [mym],Perimeter [mym],Volume [mym^3] ,Irregularity [-],Diameter Ratio [-]
99164.5,355.33106089095287,1116.305450487285,503985.65817472,801.0583436725641,2516.5990075785353,269147944.38144547,2.159887062272093,1.1686945322942677
56174.0,267.43776507059175,840.180518038244,285494.20772864,602.9116975751421,1894.1029598654175,114751864.9530297,1.4924302385339785,1.1266663883076022
