Area [-],Diameter [-],Perimeter [-],Area [mym^2],Diameter [mym],Perimeter [mym],Volume [mym^3] ,Irregularity [-],Diameter Ratio [-]
73713.5,306.3575414133548,962.4506014760262,374635.54814335995,690.652441362267,2169.7486359675536,172495303.96420178,1.6140388583215093,1.1046426908090212
