Area [-],Diameter [-],Perimeter [-],Area [mym^2],Diameter [mym],Perimeter [mym],Volume [mym^3] ,Irregularity [-],Diameter Ratio [-]
203269.5,508.7344745921434,1598.2364880065409,1033080.5151475202,1146.890999520528,3603.064338561946,789887163.068481,1.7276550537317195,1.0754148052893704
138735.0,420.28905319890595,1320.3770019138926,705095.5764095999,947.4996415316135,2976.6579131146796,445385203.9290815,1.9126949896785714,1.0844957614483266
