Area [-],Diameter [-],Perimeter [-],Area [mym^2],Diameter [mym],Perimeter [mym],Volume [mym^3] ,Irregularity [-],Diameter Ratio [-]
75897.5,310.8628288273415,976.6043793181175,385735.3336256,700.8091613083586,2201.656912734764,180217903.76343775,1.7366557355825671,1.049802104469538
