Area [-],Diameter [-],Perimeter [-],Area [mym^2],Diameter [mym],Perimeter [mym],Volume [mym^3] ,Irregularity [-],Diameter Ratio [-]
85645.5,330.22301165820556,1037.4261874717151,435277.78274687997,744.4547574822586,2338.7735970362346,216029744.12816253,1.6247895136527222,1.1559728966237655
