Area [-],Diameter [-],Perimeter [-],Area [mym^2],Diameter [mym],Perimeter [mym],Volume [mym^3] ,Irregularity [-],Diameter Ratio [-]
129741.5,406.43819750763726,1276.8632554282706,659387.7372454401,916.2742724612174,2878.560523037493,402786679.476276,2.004045992166492,1.0947258851549824
