Area [-],Diameter [-],Perimeter [-],Area [mym^2],Diameter [mym],Perimeter [mym],Volume [mym^3] ,Irregularity [-],Diameter Ratio [-]
68350.0,295.0015642037316,926.774746899941,347376.5282560001,665.0515263408926,2089.320989411227,154015526.8877687,1.6365408673758752,1.1877413600425888
53710.0,261.5065887271783,821.5471780106309,272971.37282560003,589.5404536265509,1852.0959581071663,107285111.30844438,1.3943014296222191,1.1206421194889968
