Area [-],Diameter [-],Perimeter [-],Area [mym^2],Diameter [mym],Perimeter [mym],Volume [mym^3] ,Irregularity [-],Diameter Ratio [-]
2076.0,51.41250134811764,161.51713653792171,10550.89499136,115.9043430391964,364.1242326110907,815263.0349660857,1.0526708735573258,0.9919766333615133
64462.5,286.4894485884086,900.0331470163352,327619.01174399996,645.8618128977083,2029.034726633626,141064405.90982357,1.5004310972347057,1.0923896182119173
