Area [-],Diameter [-],Perimeter [-],Area [mym^2],Diameter [mym],Perimeter [mym],Volume [mym^3] ,Irregularity [-],Diameter Ratio [-]
58696.5,273.37648936502836,858.8375706533413,298314.35831423994,616.29995762452,1936.1634192808926,122567417.5919013,1.4428605960510192,1.0937797634665627
144787.5,429.35902294390223,1348.8711522330548,735856.314336,967.9469813247332,3040.8951255941984,474846598.7668502,1.1616294937365148,1.0536616566304349
