Area [-],Diameter [-],Perimeter [-],Area [mym^2],Diameter [mym],Perimeter [mym],Volume [mym^3] ,Irregularity [-],Diameter Ratio [-]
125125.0,399.14170169876667,1253.940637798174,635925.20992,899.8250523096996,2826.8837738522034,381480956.8542138,1.1308303028882492,1.0274771504105946
