Area [-],Diameter [-],Perimeter [-],Area [mym^2],Diameter [mym],Perimeter [mym],Volume [mym^3] ,Irregularity [-],Diameter Ratio [-]
38479.5,221.34502718976248,695.3759113279908,195565.10781311998,499.00022929660054,1567.6554544978226,65058022.42744085,1.222884705712324,1.2607950256287621
