Area [-],Diameter [-],Perimeter [-],Area [mym^2],Diameter [mym],Perimeter [mym],Volume [mym^3] ,Irregularity [-],Diameter Ratio [-]
276961.0,593.8330552852336,1865.5815639428715,1407604.25226496,1338.7372398350308,4205.767077752809,1256274820.9714966,1.5006190565897701,1.141115562837432
44895.5,239.08727691087518,751.1148327099941,228173.26882688003,538.998357067877,1693.3132788614105,81990011.34966359,1.3507787600234715,1.3347449875074393
