Area [-],Diameter [-],Perimeter [-],Area [mym^2],Diameter [mym],Perimeter [mym],Volume [mym^3] ,Irregularity [-],Diameter Ratio [-]
155267.0,444.6257801706897,1396.8330845808691,789116.48006912,1002.3643588168029,3149.020505879111,527321489.71750396,1.1259074298240788,1.0166575020374047
