Area [-],Diameter [-],Perimeter [-],Area [mym^2],Diameter [mym],Perimeter [mym],Volume [mym^3] ,Irregularity [-],Diameter Ratio [-]
30620.0,197.45023388132688,620.308204211163,155620.61880320002,445.1318072620633,1398.422815573646,46181124.86340603,1.233407011761605,1.0950146917140178
