Area [-],Diameter [-],Perimeter [-],Area [mym^2],Diameter [mym],Perimeter [mym],Volume [mym^3] ,Irregularity [-],Diameter Ratio [-]
8098.5,101.54472144349856,319.012150897717,41159.16333696,228.92242002222315,719.1809929838132,6281503.518124563,1.0894451615264045,1.0750480884419087
14812.0,137.32889039316248,431.4314331847972,75279.31436032003,309.5942505023455,972.6190229718068,15537361.938475823,1.0793064985068141,1.0016475402215925
