Area [-],Diameter [-],Perimeter [-],Area [mym^2],Diameter [mym],Perimeter [mym],Volume [mym^3] ,Irregularity [-],Diameter Ratio [-]
47777.0,246.6405597804462,774.844170683524,242817.97206272,556.026477969038,1746.8086983889366,90008814.52907896,1.1168397363398996,1.1031824563503532
