Area [-],Diameter [-],Perimeter [-],Area [mym^2],Diameter [mym],Perimeter [mym],Volume [mym^3] ,Irregularity [-],Diameter Ratio [-]
31008.0,198.69728685401805,624.2259366688069,157592.55871488003,447.9431634836983,1407.2549516261583,47061672.86148923,1.0987953080740047,1.0241723874554653
84664.0,328.32537644150784,1031.4645906157443,430289.48629504006,740.1767286497353,2325.333773084134,212326842.8921586,1.1801504437588395,1.1355075642553825
