Area [-],Diameter [-],Perimeter [-],Area [mym^2],Diameter [mym],Perimeter [mym],Volume [mym^3] ,Irregularity [-],Diameter Ratio [-]
14870.5,137.59981340824643,432.2825629386733,75576.63004288,310.2050193475508,974.5378098889452,15629499.98978285,1.0916225417538183,1.0579804417687426
115032.5,382.706059436936,1202.3065448113769,584631.9017792,862.7725403946285,2710.479874622768,336269567.3958556,1.2390288998888133,1.2302024676938375
