Area [-],Diameter [-],Perimeter [-],Area [mym^2],Diameter [mym],Perimeter [mym],Volume [mym^3] ,Irregularity [-],Diameter Ratio [-]
149394.5,436.13642953316486,1370.1630029842731,759270.55962752,983.2259667395668,3088.8954739277456,497689686.6711069,1.145996657747775,1.0187700999475042
