Area [-],Diameter [-],Perimeter [-],Area [mym^2],Diameter [mym],Perimeter [mym],Volume [mym^3] ,Irregularity [-],Diameter Ratio [-]
60787.0,278.2021067602047,873.9976948110624,308938.94693631993,627.1788294802054,1970.340403182059,129173311.41357894,1.0624150815581792,1.006461117538657
