Area [-],Diameter [-],Perimeter [-],Area [mym^2],Diameter [mym],Perimeter [mym],Volume [mym^3] ,Irregularity [-],Diameter Ratio [-]
45284.0,240.11951096024478,754.3576916162788,230147.74989824006,541.3254255087759,1700.623979979739,83056552.42903475,1.108200791187533,1.0131728208297837
