Area [-],Diameter [-],Perimeter [-],Area [mym^2],Diameter [mym],Perimeter [mym],Volume [mym^3] ,Irregularity [-],Diameter Ratio [-]
7511.0,97.79213782562384,307.22306177182037,38173.30071296001,220.4625955140864,692.6036704583919,5610523.303012592,1.059043148833387,1.0267611145566078
12731.0,127.31697704557455,399.9780797636373,64703.00777216001,287.0233930515433,901.710583019144,12380851.220937163,1.0669570882193988,1.0885658298106675
