Area [-],Diameter [-],Perimeter [-],Area [mym^2],Diameter [mym],Perimeter [mym],Volume [mym^3] ,Irregularity [-],Diameter Ratio [-]
7183.5,95.6363752429223,300.45053387912145,36508.84112256,215.60264434764403,677.3356835770915,5247601.792061296,1.0804925279984436,1.1176087361155416
30600.5,197.3873518963876,620.1106546292345,155521.51357568003,444.9900461152162,1397.9774597961466,46137016.998633385,1.06409218308856,1.0805008749134632
7522.0,97.86372083411653,307.4479464254229,38229.20622592,220.62397224843232,693.1106504214733,5622852.888977981,1.073511058587484,1.0929536435183083
7540.5,97.98399250426314,307.82579102079046,38323.22913408,220.89511270161083,693.96246327727,5643609.34577484,1.0729816041304534,1.0890503688057551
