Area [-],Diameter [-],Perimeter [-],Area [mym^2],Diameter [mym],Perimeter [mym],Volume [mym^3] ,Irregularity [-],Diameter Ratio [-]
7055.0,94.77713325537216,297.7511455633781,35855.76308479999,213.665569210911,671.2501825580795,5107428.019336907,1.0681697624569015,1.0743454250957734
20177.5,160.2834704949133,503.545373398696,102548.49888639996,361.3430558837325,1135.19268979002,24703458.642600868,1.0901564027123771,1.1569297896356865
7921.0,100.42574587150062,315.49678546118184,40257.05165056,226.399801492711,711.2559531436883,6076125.66824573,1.099463492146175,1.106826276524186
5461.0,83.38561718785034,261.9636423724014,27754.546024959993,187.9845353882898,590.5708353643417,3478283.6262766733,1.0666417342745875,1.0515151995452272
6373.5,90.08325170845887,283.0048817787746,32392.162440959994,203.08368265154968,638.0062054820694,4385546.425038245,1.070574121663713,1.082249580153393
