Area [-],Diameter [-],Perimeter [-],Area [mym^2],Diameter [mym],Perimeter [mym],Volume [mym^3] ,Irregularity [-],Diameter Ratio [-]
4854.5,78.61896317,246.9887571,24672.11933,177.2385906,556.8114541,2915234.438,1.100718138,1.0102783
3782.5,69.39761219,218.0190286,19223.87298,156.4499769,491.5020982,2005049.656,1.066004021,0.994270521
6195,88.81283117,279.0137379,31484.96844,200.2196466,629.0085708,4202606.168,1.068942996,1.100228166
5256.5,81.80943507,257.0119202,26715.21172,184.4311904,579.4076729,3284745.533,1.193304309,1.143202395
5279,81.98433726,257.5613917,26829.5639,184.8254899,580.6464014,3305858.195,1.073662671,1.147111656
5360.5,82.61477216,259.5419613,27243.77293,186.2467424,585.1113976,3382709.305,1.119023471,1.219638105
3589,67.59923614,212.3692636,18240.44418,152.3957179,478.7652679,1853177.058,1.071154201,1.079988325
5442.5,83.24425639,261.5195443,27660.52312,187.6658516,589.5696607,3460623.751,1.104994671,1.187273438
4392,74.78013159,234.928712,22321.54663,168.5843287,529.6232884,2508708.635,1.070453359,1.083175414
