Area [-],Diameter [-],Perimeter [-],Area [mym^2],Diameter [mym],Perimeter [mym],Volume [mym^3] ,Irregularity [-],Diameter Ratio [-]
12602.0,126.67029937105431,397.946481932124,64047.38857472,285.5655229021048,897.1305488677804,12193150.672569474,1.0649393929067135,1.0918006983496518
13728.5,132.21069960444459,415.3521626032901,69772.62133376,298.05580118825986,936.3699153728571,13864089.701759273,1.062238596883698,1.0486005718503917
