Area [-],Diameter [-],Perimeter [-],Area [mym^2],Diameter [mym],Perimeter [mym],Volume [mym^3] ,Irregularity [-],Diameter Ratio [-]
1946.0,49.77674310413073,156.3782504555635,9890.193474559997,112.21668965395232,352.53912782702236,739896.5145014958,1.2045634895672341,1.2843041600217047
1196.0,39.022999570807656,122.59436877268698,6078.453954559999,87.97345023242877,276.3767449611455,356495.0443077293,1.1764438866429086,1.3837993130696273
