Area [-],Diameter [-],Perimeter [-],Area [mym^2],Diameter [mym],Perimeter [mym],Volume [mym^3] ,Irregularity [-],Diameter Ratio [-]
1212.0,39.28315578233268,123.41167361559974,6159.77106432,88.55994639569079,278.21927699900806,363672.66351060424,1.0647045352646853,1.0182481321419121
1612.0,45.30410738678208,142.32705094375765,8192.69880832,102.13357969276151,320.8621036476072,557833.104425562,1.1267536985962265,1.233921211357361
3797.0,69.53050087090854,218.43651073646498,19297.566609919995,156.7495611633762,492.4432698042866,2016590.0650839873,1.1708871323845509,1.178345736217198
1537.5,44.244839247423116,138.99926193896582,7814.066016000001,99.74556559939067,313.3599361152045,519612.2895979316,1.2691373950425786,1.3928735906237955
