Area [-],Diameter [-],Perimeter [-],Area [mym^2],Diameter [mym],Perimeter [mym],Volume [mym^3] ,Irregularity [-],Diameter Ratio [-]
2907.5,60.84360259154191,191.14581491952495,14776.8435392,137.16581768237208,430.91912515457705,1351251.8845458964,1.0971878699186548,1.062130406147496
1324.5,41.06587119496825,129.01223925937697,6731.531992320002,92.57890002193643,290.84519218633943,415465.21820764005,1.082374897290951,1.0241665686145083
1095.5,37.347475433519875,117.33055445207131,5567.68085888,84.19614861732721,264.5100019567496,312518.1900320723,1.063756859619107,1.0174717182060042
1306.5,40.78587335336207,128.13260009716598,6640.050243840001,91.94767288781945,288.862133659051,407024.778519524,1.1743150156937423,1.3634973717497212
