Area [-],Diameter [-],Perimeter [-],Area [mym^2],Diameter [mym],Perimeter [mym],Volume [mym^3] ,Irregularity [-],Diameter Ratio [-]
1286.5,40.47249281057181,127.14808608615812,6538.403856639999,91.24118779215308,286.64264527263487,397714.4894297521,1.1085760066218362,1.065748892863599
2398.5,55.26178650792325,173.61002251753922,12189.942984959998,124.58217150346216,391.3864347635404,1012433.0450464748,1.0987401780799242,1.2199363664698664
1407.0,42.32550105364819,132.96948316964819,7150.823339519999,95.41860957534448,299.7664028576549,454881.0802506132,1.0857192764822752,1.1193287036065325
2135.5,52.14406052257476,163.81539746606242,10853.29299328,117.55357004209255,369.30543204749114,850562.2253819284,1.076010122094162,1.0355925384180955
3490.5,66.66515304788616,209.4347550656784,17739.83572608,150.28992103115456,472.1497118200653,1777412.3402521452,1.3583820957444195,1.577193020338352
1645.0,45.76547881416016,143.77649203058488,8360.4153472,103.17369543864267,324.12972363375053,575049.9645150445,1.0621393995063368,1.0488254737793425
2464.0,56.01126885036118,175.9645907385375,12522.834903039999,126.27180449625425,396.69457336095894,1054187.307077024,1.2935691398323874,1.5329951857109263
