Area [-],Diameter [-],Perimeter [-],Area [mym^2],Diameter [mym],Perimeter [mym],Volume [mym^3] ,Irregularity [-],Diameter Ratio [-]
1124.0,37.83016320718592,118.84696281579816,5712.526960640002,85.28431993427994,267.9285929719354,324792.6512962811,1.0719413065741337,1.030923387414619
1351.5,41.48232448537054,130.3205658570681,6868.75461504,93.51775231981935,293.7946836681743,428233.6618899512,1.062518685238455,1.0124794239727821
