Area [-],Diameter [-],Perimeter [-],Area [mym^2],Diameter [mym],Perimeter [mym],Volume [mym^3] ,Irregularity [-],Diameter Ratio [-]
2866.0,60.407818494057345,189.7767588003162,14565.927285760003,136.1833860130029,427.8327250394329,1322424.8654626573,1.3127902733112427,1.3034854922728527
1381.0,41.93261035613285,131.73518064067022,7018.683036159999,94.53287678686588,296.98379123632697,442330.86577558593,1.0770262669556807,1.1352302678811559
2593.5,57.46430856862931,180.52944964282284,13180.995260159998,129.54753723711792,406.98559127477984,1138376.9828585682,1.2247057382722772,1.1137347963312765
1497.5,43.66550375572125,137.17922581427138,7610.773241599999,98.43951166689797,309.2568466756934,499467.20087373204,1.077289536532491,1.1011726751513649
