Area [-],Diameter [-],Perimeter [-],Area [mym^2],Diameter [mym],Perimeter [mym],Volume [mym^3] ,Irregularity [-],Diameter Ratio [-]
1505.5,43.78198413,137.5451597,7651.431796,98.70210503,310.0818081,503474.9499,1.317658787,1.462681904
1294.5,40.59813531,127.5428036,6579.062412,91.52443624,287.5324965,401429.9855,1.126207086,1.169870673
1304.5,40.75464374,128.0344894,6629.885605,91.87726884,288.6409528,406090.5214,1.116521948,1.149844516
4765.5,77.89494881,244.7141989,24219.79291,175.6063726,551.6836901,2835433.319,1.234121851,1.329466676
