Area [-],Diameter [-],Perimeter [-],Area [mym^2],Diameter [mym],Perimeter [mym],Volume [mym^3] ,Irregularity [-],Diameter Ratio [-]
1299.5,40.67646479702168,127.78888298032714,6604.4740083199995,91.70102223840567,288.0872577908495,403758.01193994965,1.3232407151624697,1.4858530909124203
