Area [-],Diameter [-],Perimeter [-],Area [mym^2],Diameter [mym],Perimeter [mym],Volume [mym^3] ,Irregularity [-],Diameter Ratio [-]
1652.5,45.869688768018214,144.10387725605628,8398.5327424,103.40862635862027,324.86778088605325,578987.1562129868,1.0671589656542662,1.0204859288445651
1569.0,44.695781072596446,140.41593746412673,7974.159075840002,100.76216885006143,316.5536894191273,535662.3754913601,1.1455452649830873,1.3142007116849703
2963.0,61.421566009426094,192.96154054719355,15058.91226368,138.4687784116502,435.0124970095932,1390126.1235733249,1.5259558486315696,1.337165116224095
3419.0,65.97882996423566,207.27860750809285,17376.44989184,148.74267427137286,467.28889276624454,1723079.750836526,1.6645197352180758,1.3520678568105131
2422.5,55.537580043794954,174.47645346374134,12311.9186496,125.20392045073135,393.3397166886584,1027666.9888002627,1.5657053303140809,1.1807616544644102
2138.5,52.180674261800654,163.93042292023495,10868.539951359999,117.6361120558034,369.5647454313776,852355.1890674406,1.1076695277122155,1.175224321362428
2639.0,57.96618978815232,182.106155995051,13412.240791039998,130.67897825841058,410.54011807524296,1168465.2818192558,1.096510100251405,1.1512002125087142
2644.0,58.021076827992175,182.2785887161892,13437.652387840004,130.80271560102557,410.92885040177697,1171787.6157547187,1.0708660820357545,1.0341069707801958
