Area [-],Diameter [-],Perimeter [-],Area [mym^2],Diameter [mym],Perimeter [mym],Volume [mym^3] ,Irregularity [-],Diameter Ratio [-]
1611.5,45.29708077062709,142.30497617806554,8190.157648639998,102.1177388893017,320.81233829583095,557573.5868173576,1.2551224593312043,1.2788680512048465
1570.0,44.710022201226934,140.46067728921108,7979.241395199999,100.79427405044599,316.65455088079744,536174.5626016344,1.161862247050744,1.2703218851987688
2162.5,52.472664459600196,164.8477371805622,10990.515616,118.29437475772268,371.63273869985943,866744.1153731382,1.3027313005950252,1.5393531996152439
2629.0,57.85625949807629,181.76079980334117,13361.417597439999,130.43115141246318,409.7615470766523,1161830.054491231,1.3612470570369812,1.2617476593423265
1230.5,39.581829919757595,124.34998609155113,6253.793972479999,89.23327737110152,280.33460864479287,372031.02144535375,1.065283885085886,1.0540011815089039
3073.0,62.551299914319564,196.5107042833182,15617.96739328,141.01565052684202,443.01373173631254,1468251.887913591,1.2635884486946398,1.4119294691335809
5290.5,82.07358778207139,257.8417804299125,26888.010574079995,185.02669629590173,581.2785098011947,3316666.510994196,1.1349384742907445,1.2217536388815324
2213.0,53.08181527132352,166.76144089560046,11247.17274368,119.66764434767174,375.9469923550417,897281.7785383504,1.0985510628455197,1.0649481467315005
3064.5,62.46473072735451,196.23873916152152,15574.767678719996,140.820488951748,442.4006135657341,1462164.2665514874,1.0975392758247506,1.142883586225812
