Area [-],Diameter [-],Perimeter [-],Area [mym^2],Diameter [mym],Perimeter [mym],Volume [mym^3] ,Irregularity [-],Diameter Ratio [-]
1423.5,42.57295494,133.7468825,7234.681609,95.97646961,301.5189718,462906.133,1.082725664,1.057009082
1265.5,40.1408102,126.1060744,6431.67515,90.49344252,284.2935342,388016.2837,1.062460755,0.996492094
1897,49.14606206,154.3969075,9641.159826,110.7948823,348.0723883,712127.4455,1.195034728,1.292968916
2991,61.71109688,193.8711286,15201.21721,139.1214968,437.0630723,1409877.394,1.07977962,1.053295165
