Area [-],Diameter [-],Perimeter [-],Area [mym^2],Diameter [mym],Perimeter [mym],Volume [mym^3] ,Irregularity [-],Diameter Ratio [-]
1642.0,45.723728330650566,143.6453290183073,8345.168389120001,103.07957314861864,323.834029738872,573477.59693589,1.0712652536898108,1.0935241246826075
1138.0,38.065031221695,119.58482244474312,5783.679431680001,85.81380638618921,269.5920237194289,330879.6979666483,1.0849212450050179,1.0508332376515213
1737.5,47.03460118867115,147.763557558855,8830.529888,106.03480491974022,333.11816416068274,624229.0093413435,1.070121030239008,1.0205252896151138
1836.0,48.34943437242838,151.89422782964283,9331.13834496,108.99896484920254,342.43034721914677,678056.2803102273,1.1761592548792366,1.3601177789676357
1980.0,50.20970323130403,157.73843481038844,10062.9923328,113.19275496465181,355.6055274365397,759371.8835585336,1.105421968151093,1.1122708703624071
2380.0,55.04825261958537,172.9391860226445,12095.9200768,124.10078070559325,389.8741009694497,1000742.0832555597,1.3201672867094136,1.228684595492086
