Area [-],Diameter [-],Perimeter [-],Area [mym^2],Diameter [mym],Perimeter [mym],Volume [mym^3] ,Irregularity [-],Diameter Ratio [-]
3761.5,69.20470032823864,217.41297814507766,19117.14427264,156.0150764199812,490.1358179302631,1988375.1497518234,1.3291649155554202,1.2567663170278867
1242.0,39.76636159571394,124.9297094490902,6312.24064512,89.6492855813775,281.6415369820289,377258.5761684943,1.2168793626771621,1.3864305094609173
2040.0,50.964778732569144,160.11057445806856,10367.9314944,114.89499717470387,360.95327905826974,794148.9731710741,1.0795839867245005,1.069372256486258
1596.0,45.078712419470456,141.61895177029535,8111.381698560001,101.6254492784542,319.26576487095383,549548.5395901273,1.148932927934732,1.264454926520494
2985.0,61.64916902144311,193.6765764976811,15170.723289599999,138.98188664194134,436.6244740563723,1405637.163007631,1.558818523672221,1.29342095428135
3520.0,66.94627097507204,210.3179130805179,17889.764147200003,150.92367328620242,474.1407032487196,1799992.612879487,1.3787009669448291,1.4216497375187505
3465.0,66.42119407619332,208.6683353524308,17610.236582399997,149.7399399253702,470.42189521852,1757970.5119467548,1.1857158557339489,1.2914614372665574
