Area [-],Diameter [-],Perimeter [-],Area [mym^2],Diameter [mym],Perimeter [mym],Volume [mym^3] ,Irregularity [-],Diameter Ratio [-]
1121.5,37.78806888,118.7147196,5699.821162,85.18942248,267.6304638,323709.6487,1.099004713,1.099596597
1623,45.45841815,142.8118325,8248.604321,102.4814579,321.9549952,563552.6643,1.122928879,1.099906289
1161.5,38.45604934,120.8132421,5903.113937,86.69531764,272.361373,341181.5585,1.513860892,1.87254297
