Area [-],Diameter [-],Perimeter [-],Area [mym^2],Diameter [mym],Perimeter [mym],Volume [mym^3] ,Irregularity [-],Diameter Ratio [-]
2174.5,52.61805194062786,165.30448542288264,11051.50344832,118.62213629495145,372.66243193734664,873968.6322071607,1.061305737126334,1.007258878755206
1674.5,46.174014528293185,145.05994482883423,8510.34376832,104.09469835258416,327.02313962212395,590587.7782933767,1.1071986265071077,1.1711397813942828
1753.5,47.2506671031543,148.44234864848644,8911.84699776,106.52190391735105,334.6484307931479,632871.2730810161,1.0865933127498235,1.0697161906526937
2159.0,52.43018383606161,164.71428036573346,10972.727498239998,118.19860644001729,371.3318736565095,864640.7327586833,1.146547900223713,1.0589830227213173
2078.0,51.43726056041154,161.5949198973729,10561.059630079999,115.96016020739177,364.29958741663745,816441.4444425963,1.0645407994453209,1.0498226268597373
5372.0,82.70334234066537,259.820212724756,27302.219601920002,186.44641497279602,585.73868756669,3393600.6437186548,1.1659449794573384,1.0545270728472222
1521.0,44.00678751672499,138.25140037063025,7730.207746560001,99.20890177770482,311.67395699554885,511270.28069981607,1.0706899519066124,1.0444284474960324
4492.5,75.63087104299883,237.60138885328215,22832.319724800003,170.50223567933656,535.6485710308392,2595307.705882543,1.0748242041034295,1.0048806651557842
