Area [-],Diameter [-],Perimeter [-],Area [mym^2],Diameter [mym],Perimeter [mym],Volume [mym^3] ,Irregularity [-],Diameter Ratio [-]
2230.0,53.28530927713015,167.40073616929214,11333.5721728,120.12640123436222,377.3882196200522,907640.8254989168,1.140095418082167,1.2756054550693534
1652.5,45.869688768018214,144.10387725605628,8398.5327424,103.40862635862027,324.86778088605325,578987.1562129868,1.085800321777307,1.0682435681613853
1620.5,45.42339355710151,142.70179950010805,8235.89852288,102.40249843512964,321.70693679304355,562251.0570674038,1.153525549448712,1.2796039710217137
2605.5,57.597097442557526,180.94661819363418,13241.983092479999,129.84689647450168,407.92605605572885,1146286.9384842347,1.2657687670939604,1.129726409600106
