Area [-],Diameter [-],Perimeter [-],Area [mym^2],Diameter [mym],Perimeter [mym],Volume [mym^3] ,Irregularity [-],Diameter Ratio [-]
2440.5,55.743529749435176,175.12346354598964,12403.40039808,125.66821346712666,394.79833621807904,1039142.112629441,1.169999943412902,1.1626043575742238
2586.5,57.386706495995206,180.2856555415322,13145.419024639998,129.37259112457158,406.43598185283014,1133771.2804239437,1.127308701715208,1.2418865071866654
1384.5,41.985713637924896,131.90200952062963,7036.471153919999,94.65259282533788,297.3598902633074,444013.49270615,1.0837842277197798,1.0778625748035506
2504.0,56.4640754818216,177.3871247254303,12726.127677439998,127.29261176621861,399.90153398101006,1079961.353154466,1.1789868254378828,1.0604786120380287
2486.5,56.26642096298628,176.76617474110844,12637.187088639997,126.84701941895626,398.50166433635485,1068659.677355801,1.0970644144167383,1.0876376744898062
1995.0,50.39953265404997,158.33480153032227,10139.227123199998,113.62070641529026,356.94997656995855,768017.4321620367,1.1936412326616417,1.21228865364853
