Area [-],Diameter [-],Perimeter [-],Area [mym^2],Diameter [mym],Perimeter [mym],Volume [mym^3] ,Irregularity [-],Diameter Ratio [-]
1641,45.70980303,143.6015814,8340.08607,103.0481799,323.7354051,572953.7934,1.729149871,1.479290227
1835.5,48.3428504,151.8735437,9328.597185,108.9841219,342.3837168,677779.3154,1.141993494,1.070895356
1063.5,36.79796538,115.6042177,5405.046639,82.95733314,260.6181484,298925.5031,1.201974463,1.081005031
2820,59.92107739,188.2476165,14332.1406,135.0860769,424.3854267,1290715.098,1.326032004,1.209085647
1037.5,36.34537148,114.182352,5272.906336,81.93700545,257.4126944,288030.7701,1.364324187,1.272892953
1031.5,36.24012404,113.8517074,5242.41242,81.69973563,256.6672893,285535.8059,1.173804172,1.241717604
2234.5,53.33904539,167.5695531,11356.44261,120.2475439,377.7688006,910389.5543,1.161369521,1.036280129
2853,60.2706597,189.3458618,14499.85713,135.8741752,426.8613107,1313437.419,1.276090019,1.137898004
