Area [-],Diameter [-],Perimeter [-],Area [mym^2],Diameter [mym],Perimeter [mym],Volume [mym^3] ,Irregularity [-],Diameter Ratio [-]
1980.5,50.21604244012057,157.75835002223604,10065.53349248,113.2070460770078,355.6504242901289,759659.5425818991,1.271629499468054,1.151520881820195
1395.5,42.15217413939546,132.42496060916244,7092.376666880002,95.02786137985314,298.53883119729585,449315.59116931836,1.6618167326644706,1.478713611454958
2577.0,57.28122124032024,179.95426383724168,13097.13699072,129.13478516417794,405.6888923946776,1127530.64770829,1.1843958487494308,1.1543700441318245
3342.5,65.23651721449637,204.94656322684588,16987.652460800004,147.06920440836063,462.0315321386014,1665573.6881170573,1.4628502429745684,1.3008258968540758
1352.5,41.49766841949446,130.36877024778894,6873.8369344,93.55234368490831,293.9033556466154,428709.0368806703,1.089085636039221,1.1807892314494748
1425.5,42.602851677088175,133.8408058507158,7244.846247680001,96.04386882082758,301.7307127098537,463882.04175949533,1.3803884837890983,1.2942488302523638
