Area [-],Diameter [-],Perimeter [-],Area [mym^2],Diameter [mym],Perimeter [mym],Volume [mym^3] ,Irregularity [-],Diameter Ratio [-]
1901.0,49.197849287764036,154.55960189485734,9661.48910336,110.91163143433525,348.43916651176636,714381.0123591404,1.0978369333660738,1.1938927900382275
2457.0,55.93165080179821,175.71446326207894,12487.25866752,126.0923135675739,396.1306859780307,1049698.2236695578,1.3515121321954389,1.3884845419482688
2619.5,57.75163190277621,181.43210251858366,13313.135563520003,130.1952789616187,409.020531917895,1155538.2656975556,1.2585991285789537,1.2571408624877654
10013.0,112.91123753388403,354.7211143441822,50889.26375167999,254.54709389638816,799.6832801775244,8635809.465677965,1.079775963136219,1.0046943657458753
2142.5,52.22945265456154,164.08366476058646,10888.869228799997,117.74607806444354,369.9102138362661,854747.7641652011,1.0935799064083536,1.0840830289167656
4475.0,75.4834217738561,237.13816331256612,22743.379135999996,170.16982604698117,534.6042753718491,2580157.914195773,1.2498701690809562,1.1232858452355257
2633.0,57.900256659946535,181.89902096385154,13381.74687488,130.53033861418348,410.07315286090693,1164482.6338849186,1.082990697960044,1.0504451695107764
1785.0,47.6731852025042,149.76972840541282,9071.9400576,107.47442872052547,337.64087571716266,650001.0500516073,1.138478838536164,1.178510585886362
