Area [-],Diameter [-],Perimeter [-],Area [mym^2],Diameter [mym],Perimeter [mym],Volume [mym^3] ,Irregularity [-],Diameter Ratio [-]
1819.5,48.1316876,151.2101562,9247.280076,108.5080765,340.8881761,668936.3828,1.197640803,1.089078093
1304.5,40.75464374,128.0344894,6629.885605,91.87726884,288.6409528,406090.5214,1.090640576,1.153242813
3056.5,62.38314411,195.9824272,15534.10912,140.6365601,441.8227839,1456442.447,1.280913709,1.141784691
2195.5,52.87151805,166.1007727,11158.23215,119.1935503,374.4575819,886659.5369,1.078233713,1.000023577
2612,57.66889708,181.1721834,13275.01817,130.0087616,408.4345703,1150579.115,1.171076688,1.311992947
1326.5,41.09686431,129.109607,6741.696631,92.6487709,291.064698,416406.6044,1.125372981,1.216637835
