Area [-],Diameter [-],Perimeter [-],Area [mym^2],Diameter [mym],Perimeter [mym],Volume [mym^3] ,Irregularity [-],Diameter Ratio [-]
1462,43.14482836,135.5434758,7430.350904,97.26570106,305.5692119,481812.1932,1.170920813,1.228420694
3435,66.13303135,207.7630455,17457.767,149.0903059,468.3810097,1735189.215,1.333626042,1.281551591
1639.5,45.68890712,143.535935,8332.462591,103.0010722,323.5874118,572168.3873,1.197775874,1.129415021
1705.5,46.59946398,146.3965337,8667.895668,105.0538316,330.0363456,607063.7679,1.209697036,1.273577527
1525.5,44.07183824,138.4557632,7753.078184,99.35555212,312.1346726,513540.909,1.27804949,1.224674396
1527,44.09350048,138.5238172,7760.701663,99.40438749,312.2880935,514298.5302,1.230905052,1.208007295
