Area [-],Diameter [-],Perimeter [-],Area [mym^2],Diameter [mym],Perimeter [mym],Volume [mym^3] ,Irregularity [-],Diameter Ratio [-]
1860.5,48.67095820897479,152.90432475249102,9455.65516928,109.72380818631277,344.7075097220158,691673.6627133304,1.0918809379214942,1.0072447513611356
1752.0,47.23045291309417,148.37884389749527,8904.223518720002,106.4763330472795,334.50526568251337,632059.3792710998,1.1021726527119369,1.0586390118257367
1075.0,36.99638510165959,116.22757164475264,5463.493312,83.40465057318139,262.02343751593037,303787.1670641823,1.1061793661125583,1.0359588519306113
13584.5,131.51548424217896,413.16807912853363,69040.76734592002,296.48850767556826,931.4461175873662,13646529.386111952,1.1783580996767884,1.290499545246627
