Area [-],Diameter [-],Perimeter [-],Area [mym^2],Diameter [mym],Perimeter [mym],Volume [mym^3] ,Irregularity [-],Diameter Ratio [-]
2575.5,57.26454791112396,179.90188302872778,13089.513511680001,129.09719681083786,405.5708050999639,1126546.334650316,1.1573428095312948,1.2014414775182922
2308.0,54.20919543074547,170.30321012224334,11729.993082879999,122.20921017907258,383.9315568995854,955675.4600431663,1.241786509773417,1.2790725511701413
5682.5,85.0598830998348,267.2235038616476,28880.279763199997,191.75900046026757,602.4286671056983,3692035.720269417,1.1469515857651462,1.0994863294149528
2000.5,50.468957877518065,158.55290730234347,10167.179879679998,113.77721863907672,357.4416742224031,771195.6320754486,1.2609285025585022,1.3320842662786372
3404.5,65.83877299928106,206.83860557590742,17302.756261119994,148.4269298495792,466.2969524103256,1712129.9931824163,1.0872943269603776,1.0800164286583842
