Area [-],Diameter [-],Perimeter [-],Area [mym^2],Diameter [mym],Perimeter [mym],Volume [mym^3] ,Irregularity [-],Diameter Ratio [-]
3607.0,67.76854017801868,212.90114796776822,18331.92593152,152.7773969773253,479.96434797853664,1867135.9502658367,1.0769280514635777,1.0329803530185366
