Area [-],Diameter [-],Perimeter [-],Area [mym^2],Diameter [mym],Perimeter [mym],Volume [mym^3] ,Irregularity [-],Diameter Ratio [-]
3841.5,69.9367550798586,219.7127959747924,19523.729821439996,157.66542065203322,495.320527245572,2052144.716662655,1.145690529304898,1.236039441761505
4723.5,77.55093158406636,243.63343694354754,24006.33549696,174.8308201631192,549.2472202455335,2798031.549363012,1.1424962419695845,1.2521738219696315
2365.0,54.87450704378728,172.39334819812348,12019.685286400001,123.70908867951405,388.6435641778496,991296.2086634054,1.0762544258471127,1.0971627398458055
2481.5,56.209820585555214,176.5883594111806,12611.775491840002,126.71941952807568,398.1007974565655,1065437.913029584,1.0661349732005125,1.0852196175782807
3189.5,63.72595646934459,200.2009966870759,16210.057598719995,143.66379626449043,451.3331269313439,1552532.274865443,1.065117515971715,1.052664292479696
4174.0,72.90063003654062,229.02408376486343,21213.601008639995,164.34718035437717,516.3118944395081,2324263.67395517,1.0769688400011435,1.1311577469964884
3899.0,70.4582215566246,221.35103122729382,19815.963184639997,158.8410146772545,499.0137647988112,2098391.799370224,1.1015235546739355,1.2063886672428814
2949.5,61.28148200881211,192.5214536799792,14990.300952319996,138.152973040666,434.0203651761451,1380636.4288915563,1.0807419712745336,1.134830051479699
4686.0,77.24247864115297,242.66440344411268,23815.748520960005,174.13544384861527,547.0626311244076,2764777.2928562486,1.0724678906326002,1.1470372265723372
