Area [-],Diameter [-],Perimeter [-],Area [mym^2],Diameter [mym],Perimeter [mym],Volume [mym^3] ,Irregularity [-],Diameter Ratio [-]
3451.5,66.29167586245964,208.26144188365902,17541.625271040004,149.44795406432902,469.50459458252095,1747706.6718133732,1.083843785358571,1.1069961249456883
3831.0,69.8411103568694,219.4123192156949,19470.365468160002,157.44979918852636,494.6431324398626,2043736.7553926737,1.0892503598986367,1.1654182413195344
2221.5,53.183659601696874,167.08139429571116,11290.37245824,119.89724220606543,376.6682953002512,902456.3474815277,1.0719054246562416,1.1000019374222916
5361.5,82.62247768675044,259.5661689220818,27248.855248640004,186.2641136970102,585.1659712179412,3383655.914764036,1.1002232506634864,1.1933002337431216
4489.5,75.60561444819103,237.52204292057928,22817.072766719997,170.44529721200186,535.4696935601539,2592708.499487642,1.0694044946546248,1.0895088472072412
3542.0,67.15515220332648,210.97413281267487,18001.575173119996,151.39457512717922,475.62008501289426,1816893.8833029866,1.078911244937858,1.1320993796895578
4388.0,74.74607094889934,234.82170737776363,22301.217351679996,168.50754234719867,529.3820571124303,2505282.218188199,1.0636346292402352,1.0879137186564585
