Area [-],Diameter [-],Perimeter [-],Area [mym^2],Diameter [mym],Perimeter [mym],Volume [mym^3] ,Irregularity [-],Diameter Ratio [-]
17878.5,150.8761519,473.9914103,90864.24668,340.1351968,1068.566235,20604085.61,1.093088977,1.059187419
5636,84.71114492,266.1279106,28643.95191,190.9728051,599.9587616,3646810.564,1.094287115,1.168284355
2681,58.42563837,183.5495563,13625.6982,131.7147592,413.7941197,1196470.371,1.064999735,1.101343856
2833,60.05903454,188.6810217,14398.21075,135.3970875,425.3624953,1299650.533,1.094178892,1.178483348
5377,82.74182154,259.9410987,27327.6312,186.5331625,586.0112129,3398339.647,1.164855957,1.317726302
2740,59.06501801,185.5582267,13925.55505,133.1561766,418.3224662,1236182.445,1.064249387,1.101393345
9090,107.5813528,337.9767875,46198.28298,242.5314017,761.9348697,7469689.551,1.3469704,1.487521607
