Area [-],Diameter [-],Perimeter [-],Area [mym^2],Diameter [mym],Perimeter [mym],Volume [mym^3] ,Irregularity [-],Diameter Ratio [-]
4075.0,72.03090409536583,226.29175913743222,20710.451392000006,162.38647019259272,510.1521417994272,2242064.731761433,1.1205157897274098,1.216144859391623
8235.0,102.39691231132932,321.68938746755043,41852.899929600004,230.8435991146608,725.2165551068457,6440982.702089732,1.0716395241889016,1.0254215447508437
3638.0,68.05913211132304,213.81406945062963,18489.477831680004,153.43250743176665,482.0224381694994,1891257.9632124845,1.0661857319102501,1.0119274354319694
