Area [-],Diameter [-],Perimeter [-],Area [mym^2],Diameter [mym],Perimeter [mym],Volume [mym^3] ,Irregularity [-],Diameter Ratio [-]
7683.5,98.90872581310823,310.73092639038794,39050.00080256,222.9798314730712,700.5118004544905,5804908.398652081,1.078946268383483,1.0580644043553022
2243.5,53.446355522274274,167.90667786992512,11402.183484160001,120.48946388941512,378.5288145899592,915895.3167834546,1.0707242075185162,1.0327263088218028
4211.0,73.22302727202536,230.03692455139995,21401.64682496,165.07399268205398,518.5952427086761,2355236.860911567,1.1088576691202907,1.19083381495882
3524.0,66.98429782901896,210.43737796551667,17910.093424640003,151.00940102574035,474.4100248854608,1803061.6535799585,1.0659164172536186,1.061546642818261
14707.0,136.84127295673642,429.89953782875875,74745.67082752,308.4949657536666,969.1655180811538,15372442.108113745,1.1070749753851423,1.1946524934477984
6648.5,92.00615801766602,289.0458701133212,33789.80026496,207.41868263502627,651.6250095834713,4672423.904972442,1.1018750116822966,1.1583550528672704
5560.0,84.13805244196888,264.3274874390422,28257.695641600007,189.68082542517465,595.8998876825767,3573295.355941366,1.0855324785476144,1.1530365737416655
1850.0,48.53342309955121,152.47224546311523,9402.290815999999,109.41374903562824,343.733430172047,685826.5918012108,1.1110019931077437,1.1695406315417973
