Area [-],Diameter [-],Perimeter [-],Area [mym^2],Diameter [mym],Perimeter [mym],Volume [mym^3] ,Irregularity [-],Diameter Ratio [-]
30640.5,197.5163189978432,620.5158167277223,155724.80635007998,445.2807895487377,1398.890857230977,46227509.81592527,1.0958576998222986,1.0037047224232336
47214.5,245.18435611779626,770.2693719548124,239959.16742271994,552.7436124319598,1736.4952721349289,88423931.35826644,1.0877743760320564,1.013104479086038
