Area [-],Diameter [-],Perimeter [-],Area [mym^2],Diameter [mym],Perimeter [mym],Volume [mym^3] ,Irregularity [-],Diameter Ratio [-]
35053.0,211.26018498903588,663.6934451575758,178150.54052608,476.26496103928247,1496.2305027632387,56564573.495187074,1.0931168821266468,1.0061086035132305
5588.5,84.35341839992293,265.00407955038395,28402.541743359994,190.16634644078624,597.4251969383855,3600805.061977793,1.3200028105480064,1.213800865459583
