Area [-],Diameter [-],Perimeter [-],Area [mym^2],Diameter [mym],Perimeter [mym],Volume [mym^3] ,Irregularity [-],Diameter Ratio [-]
33883.0,207.70453893514585,652.5230536359094,172204.22687488,468.2491125753928,1471.047972116794,53756317.61059611,1.100929396464884,1.066616076384279
