Area [-],Diameter [-],Perimeter [-],Area [mym^2],Diameter [mym],Perimeter [mym],Volume [mym^3] ,Irregularity [-],Diameter Ratio [-]
44835.5,238.9274609750277,750.6127561400091,227868.32966528003,538.6380680221025,1692.1813974420365,81825704.56955333,1.074542859219602,1.0111343095934409
45437.5,240.52613540716104,755.635139991481,230927.88592000006,542.2421196619039,1703.5038595967947,83479217.56686877,1.114056726345889,1.0307133464109353
47499.0,245.92194927532495,772.5865891998426,241405.08728063997,554.4064424462925,1741.719206692125,89224357.0851309,1.0903712394297778,1.0755025561483373
