Area [-],Diameter [-],Perimeter [-],Area [mym^2],Diameter [mym],Perimeter [mym],Volume [mym^3] ,Irregularity [-],Diameter Ratio [-]
31299.0,199.6274643195817,627.1481753611564,159071.51364864002,450.04015556206497,1413.842846534191,47725712.49861807,1.0775035654356162,1.016363143638251
57374.5,270.2803771260644,849.1108471887228,291595.53212032,609.3200821929996,1914.2354939022566,118450009.06577659,1.1023835217149873,1.023582056636217
38918.5,222.60407278793315,699.3313197297383,197796.24601216003,501.83862169311647,1576.5725271987221,66174530.31654331,1.0937715806755464,1.045697145457006
