Area [-],Diameter [-],Perimeter [-],Area [mym^2],Diameter [mym],Perimeter [mym],Volume [mym^3] ,Irregularity [-],Diameter Ratio [-]
43557.0,235.4962735374585,739.833362893052,221370.58436352003,530.9027990628465,1667.8803333060966,78350841.91251385,1.0894071977720081,0.9985701360197216
34862.5,210.68534269931928,661.8875248432294,177182.358688,474.9690365813454,1492.1592360065763,56104089.47016648,1.0965549249910436,1.0340659964136598
