Area [-],Diameter [-],Perimeter [-],Area [mym^2],Diameter [mym],Perimeter [mym],Volume [mym^3] ,Irregularity [-],Diameter Ratio [-]
49627.0,251.37036198918105,789.7032825554181,252220.26287871995,566.6893440684097,1780.3070801929346,95287023.55433577,1.080884160686538,1.0517191868714508
34700.5,210.1952635576799,660.3478958121775,176359.02295167997,473.86420216443355,1488.688296318973,55713485.13699791,1.1187536029116691,1.0106148399410846
40582.0,227.3116961452762,714.120754685035,206250.68426751997,512.4514877899106,1609.9138293619428,70462313.34038515,1.0867050994950547,1.057855537040584
20339.5,160.9256217018932,505.56275091303786,103371.83462272,362.790721564748,1139.7406656583526,25001561.648165587,1.1328805402826818,1.2027471068981264
