Area [-],Diameter [-],Perimeter [-],Area [mym^2],Diameter [mym],Perimeter [mym],Volume [mym^3] ,Irregularity [-],Diameter Ratio [-]
9252.5,108.5386977,340.9843752,47024.15988,244.68964,768.7151754,7670883.167,1.075051259,1.072057651
6311.5,89.64402594,281.6250133,32077.05864,202.0934921,634.89543,4321709.864,1.070650137,1.096920469
7641.5,98.63802503,309.8804948,38836.54339,222.3695636,698.5945874,5757376.804,1.067433084,1.046249705
11889,123.0347307,386.525006,60423.69487,277.3694968,871.3819734,11173126.56,1.09855069,1.079418911
