Area [-],Diameter [-],Perimeter [-],Area [mym^2],Diameter [mym],Perimeter [mym],Volume [mym^3] ,Irregularity [-],Diameter Ratio [-]
2299.5,54.10928139532539,169.98932092257712,11686.793368319997,121.98396397762156,383.2239250878578,950400.9208367021,1.3063527412047322,1.1953499587282015
10634.0,116.35991285109198,365.5554473853391,54045.384074239984,262.32178753150174,824.1082005855085,9451521.172120793,1.0964638204327177,1.1017542409977596
7593.5,98.32774014969763,308.90570609837624,38592.59206016001,221.67005739347834,696.3970238281794,5703214.731292511,1.0658979973500158,1.0858901519781603
4074.5,72.0264848859322,226.2778757815409,20707.91023232,162.37650752684556,510.1208431619057,2241652.0944690336,1.0719178609663498,1.085402605705519
6086.0,88.02804024433465,276.5482445415084,30930.995624959996,198.45041392682802,623.4503624943765,4092179.256628146,1.1146329328699072,1.136608698791703
6855.0,93.42407119773544,293.50037574325546,34839.2992128,210.61522610817477,661.667247075595,4891791.254102818,1.0758572245935627,1.0810918289594749
