Area [-],Diameter [-],Perimeter [-],Area [mym^2],Diameter [mym],Perimeter [mym],Volume [mym^3] ,Irregularity [-],Diameter Ratio [-]
16760.0,146.0804393810524,458.9252351926833,85179.67247359997,329.3237425406445,1034.6010502183851,18701125.684928175,1.1118895344531123,1.0785075627518494
15618.5,141.01805497682253,443.0212855387072,79378.20492416,317.9111031397487,998.7471861184616,16823475.128461827,1.1106272803447022,1.0982298634261172
