Area [-],Diameter [-],Perimeter [-],Area [mym^2],Diameter [mym],Perimeter [mym],Volume [mym^3] ,Irregularity [-],Diameter Ratio [-]
15739.5,141.56325022532894,444.73406692618704,79993.16556672001,319.1401913079816,1002.6084804783961,17019356.108196046,1.0868185501027703,1.0656024299562643
16608.5,145.41870230040547,456.84632684151495,84409.70109056,327.8319224660341,1029.9143592315113,18448129.722201053,1.1031557458129209,1.0170906810354297
17539.5,149.4389005409314,469.47615209992586,89141.34041472,336.89505737947576,1058.3870372940728,20020851.329266984,1.1125502198989072,1.0305215003761308
16119.0,143.25972295654523,450.06369319559155,81921.90576384003,322.9647194332356,1014.6235899401416,17638590.206969704,1.1292074848667941,1.0796782568531251
14805.5,137.29875483622,431.3367595404949,75246.27928448,309.5263129027744,972.4055907080917,15527135.59105167,1.1039487137188049,1.0557990862718494
14259.0,134.74094651730292,423.30116771649404,72468.79175424,303.7599898286077,954.2901525000641,14675412.964106284,1.1160288171122579,1.0180029943169824
6295.5,89.53032756491075,281.26781935141133,31995.74153088,201.8371704623348,634.0901719458218,4305286.624958022,1.1355004081326159,1.1817432986304623
19943.0,159.34935280901942,500.6107561391035,101356.69499647999,359.2371809726534,1128.5768886399949,24274062.255493674,1.0871026727840314,1.0443607705773215
14746.5,137.02491359762675,430.47646191708037,74946.42244223999,308.90896521448974,970.4661357458659,15434414.535440246,1.1162440905171858,1.0424383647116762
