Area [-],Diameter [-],Perimeter [-],Area [mym^2],Diameter [mym],Perimeter [mym],Volume [mym^3] ,Irregularity [-],Diameter Ratio [-]
11035.0,118.53353270763729,372.3840755583588,56083.3941376,267.2219961360975,839.502659938764,9991144.354357988,1.0931676048694772,1.107242854460507
5327.5,82.36008544541815,258.7418393843533,27076.056390399994,185.67257662815067,583.307602708086,3351520.7699564476,1.1722914597263918,1.1813648486313113
8751.5,105.55925291394297,331.6241734728702,44477.917879040004,237.97277976919304,747.6135366772386,7056355.837347361,1.0617151243511371,1.0449927575281839
15881.0,142.19816176708866,446.7287003614587,80712.31375615999,320.5715358877247,1007.1051820948726,17249380.257242758,1.0938992427462624,1.0478335173140445
2705.5,58.6919891320867,184.38632188193554,13750.215028480001,132.31522029937625,415.6805240506355,1212908.4871047502,1.1718115159381988,1.1757964810877972
10916.0,117.89267521915446,370.3707623805431,55478.598133759995,265.7772470140618,834.9638467106963,9829966.05346013,1.0928493511059618,1.0898088771838674
