Area [-],Diameter [-],Perimeter [-],Area [mym^2],Diameter [mym],Perimeter [mym],Volume [mym^3] ,Irregularity [-],Diameter Ratio [-]
4907.0,79.04294051979242,248.32072125511488,24938.94109952,178.19440510782005,559.814233997531,2962653.182165287,1.0588567529080137,1.0105498420151293
7639.5,98.62511597967465,309.83993982118716,38826.378750719996,222.3404614645785,698.5031603328844,5755116.645622392,1.0782677041875222,1.0619422405275198
