Area [-],Diameter [-],Perimeter [-],Area [mym^2],Diameter [mym],Perimeter [mym],Volume [mym^3] ,Irregularity [-],Diameter Ratio [-]
6634.0,91.90577315801804,288.73050177571946,33716.10663423999,207.19237500743586,650.9140432031819,4657146.806368099,1.0740383977599746,1.0318331225546544
15740.0,141.5654987422128,444.74113085031087,79995.70672639996,319.14526036444454,1002.6244053889408,17020167.10082311,1.116059190333837,1.0167556116260759
4125.5,72.47585626817329,227.68961761472295,20967.108519679998,163.38957037096986,513.3034739506314,2283871.2353013447,1.0943788997182804,1.1415041552975416
3894.0,70.41302995326024,221.20905761816041,19790.55158784,158.73913472662989,498.69369949438084,2094356.689877635,1.1374867150193528,1.0716069658396425
10213.0,114.03330860051469,358.2462045639147,51905.72762368001,257.0766909090003,807.6302435688893,8895835.131146362,1.1894948928885383,1.1002830610328656
