Area [-],Diameter [-],Perimeter [-],Area [mym^2],Diameter [mym],Perimeter [mym],Volume [mym^3] ,Irregularity [-],Diameter Ratio [-]
1017.5,35.99334989644654,113.07644361276338,5171.2599488000005,81.14340800654908,254.91953448061378,279742.43728893634,1.0684027396106361,1.116189833398407
13980.5,133.41860985323578,419.1469245670883,71053.36581248,300.7789140531347,944.9248267440438,14247569.472598573,1.0906538889783384,1.0444671026796302
