Area [-],Diameter [-],Perimeter [-],Area [mym^2],Diameter [mym],Perimeter [mym],Volume [mym^3] ,Irregularity [-],Diameter Ratio [-]
1576.0,44.79537389622523,140.72881754718918,8009.735311360001,100.98669091165016,317.25904627838327,539251.109448295,1.9134618134980974,1.3432883375841214
3689.0,68.5345218158558,215.307550253982,18748.676119039996,154.50422598166531,485.389341292577,1931166.4613021386,1.1106767169636969,1.0793590761901657
