Area [-],Diameter [-],Perimeter [-],Area [mym^2],Diameter [mym],Perimeter [mym],Volume [mym^3] ,Irregularity [-],Diameter Ratio [-]
14702.5,136.82033623138312,429.8337631661986,74722.8003904,308.44776600003013,969.0172356818782,15365387.233123371,1.0957773174476986,1.0177554951506633
4804.5,78.21303850816749,245.71350719219456,24418.00336512,176.32347401281277,553.9365306140834,2870311.4545296733,1.1052739315681688,1.125987090168731
14891.5,137.69693780336468,432.58768822486115,75683.35874944,310.4239765839053,975.2256843341269,15662619.456151644,1.0942179971427664,1.0557148215431487
16649.0,145.59589685254087,457.4029999447597,84615.53502464,328.23138986436817,1031.1693230754663,18515649.776836473,1.1082165678386755,1.061122846083783
