Area [-],Diameter [-],Perimeter [-],Area [mym^2],Diameter [mym],Perimeter [mym],Volume [mym^3] ,Irregularity [-],Diameter Ratio [-]
6879.5,93.59087267466604,294.02439803778856,34963.81603712,210.99126335776714,662.8486029363905,4918039.811653672,1.0733977229570255,1.043127739090141
12550.0,126.40868754332628,397.12460413604146,63783.107968,284.97574519767477,895.2777075642919,12117759.149469698,1.092830539391889,1.0333159826750853
