Area [-],Diameter [-],Perimeter [-],Area [mym^2],Diameter [mym],Perimeter [mym],Volume [mym^3] ,Irregularity [-],Diameter Ratio [-]
6868,93.51261516,293.7785448,34905.36936,210.8148396,662.2943514,4905713.229,1.061022427,1.020818462
11729.5,122.2066416,383.9234873,59613.06493,275.5026527,865.5171098,10949038.35,1.137882852,1.078849383
7700,99.01487007,311.0643884,39133.85907,223.2191231,701.2635572,5823617.137,1.074803332,1.13059808
8015,101.019874,317.3632942,40734.78967,227.739204,715.4638103,6184605.717,1.086061915,1.079026946
8185,102.0855801,320.7113086,41598.78396,230.1417319,723.0115742,6382410.79,1.105278071,1.044108078
7404,97.09307694,305.0268972,37629.49254,218.8866326,687.6526371,5491061.94,1.061895321,1.009340759
10437.5,115.2798237,362.1622472,53046.70832,259.8868345,816.4585701,9190760.738,1.082637419,1.137950422
7705.5,99.05022621,311.175463,39161.81183,223.29883,701.5139638,5829857.84,1.08402136,1.106077284
7534,97.94175172,307.6930877,38290.19406,220.7998851,693.6632969,5636313.632,1.081386211,1.041435325
