Area [-],Diameter [-],Perimeter [-],Area [mym^2],Diameter [mym],Perimeter [mym],Volume [mym^3] ,Irregularity [-],Diameter Ratio [-]
2984.0,61.63884166245928,193.64413214256655,15165.640970239998,138.9586046438482,436.551331502202,1404930.8718360842,1.1719233114736978,1.3435267203694026
1159.0,38.414640859287665,120.68315351382843,5890.408138239999,86.60196635317811,272.0681012815748,340080.61826289794,1.1093698327729933,1.1872298911957344
1269.5,40.204198811085504,126.30521562836971,6452.004427520001,90.63634579971117,284.7424781125967,389857.4029293135,1.151485297170535,1.2365437924910498
1584.5,44.91601116119802,141.10781069257686,8052.935025919999,101.25865556180482,318.11344842534527,543619.582700818,1.220818500286064,1.1927998926970618
50142.0,252.67128299850486,793.7902464412105,254837.65734912,569.6221403918294,1789.520731577065,96774114.55443023,1.5187176779899254,1.0644213175296353
16250.0,143.84068479378982,451.8888386354952,82587.68960000001,324.27443979911976,1018.7381978198603,17854051.18622906,1.1397575555413115,1.1690176406953023
1980.5,50.21604244012057,157.75835002223604,10065.53349248,113.2070460770078,355.6504242901289,759659.5425818991,1.1330766772864038,1.3330368412554225
1517.0,43.948883823861124,138.0694905545134,7709.878469119999,99.07836369251251,311.263859506095,509254.7619923619,1.1335572095927813,1.0515702707233006
2288.5,53.97970635457755,169.5822489264751,11630.88785536,121.69185000575963,382.3062219798455,943589.5068855205,1.2151390647737108,1.3875350590905022
