Area [-],Diameter [-],Perimeter [-],Area [mym^2],Diameter [mym],Perimeter [mym],Volume [mym^3] ,Irregularity [-],Diameter Ratio [-]
28248.0,189.64828145722512,595.7976477919478,143565.35728128,427.5430857171683,1343.1662171821672,40920250.56941746,1.1554941333758526,1.0306543302574125
13806.5,132.58575253165787,416.5304261241307,70169.04224384,298.9013205073695,939.0261926542403,13982412.923614113,1.0975049952201354,1.151207615546014
2780.5,59.4999374296824,186.92456631814258,14131.38898048,134.13665894147599,421.4027423076206,1263691.5360293183,1.1101903999958904,1.1864824991434626
18380.5,152.97967006110537,480.59980761255906,93415.57099647999,344.8773681857559,1083.4642062817531,21477944.181890436,1.0802006474187336,1.1071704670709004
15597.5,140.92321951689402,442.723351154496,79271.47621760001,317.6973060788859,998.0755228426958,16789556.29548533,1.2088883430717436,1.3607078093641978
42885.5,233.67394911658386,734.108361879975,217957.80691328004,526.7945508884267,1654.9738910222156,76545990.00367184,1.26126293984373,1.210919438038272
