Area [-],Diameter [-],Perimeter [-],Area [mym^2],Diameter [mym],Perimeter [mym],Volume [mym^3] ,Irregularity [-],Diameter Ratio [-]
2744.0,59.10811543902653,185.69362123078318,13945.884323840002,133.2533354457414,418.6276997026776,1238890.4012614388,1.3056495411742,1.4489666991044112
4394.0,74.79715609277069,234.98219609045745,22331.711267839997,168.62270869554226,529.7438628663273,2510422.429193295,1.5296722262841895,1.2915543373040883
1699.0,46.510579296597044,146.1172942323948,8634.86059264,104.85344996624838,329.4068281175108,603596.6154106054,1.1258740268022196,1.2618604666981965
8924.0,106.59451063359967,334.8765315195158,45354.61796864,240.30666477238708,754.9456526575964,7266011.31737977,1.0640728974772447,1.0879126368460972
1095.5,37.347475433519875,117.33055445207131,5567.68085888,84.19614861732721,264.5100019567496,312518.1900320723,1.3036102849533788,1.2049007189281629
1287.5,40.48821944524755,127.19749276612112,6543.486176,91.27664191736608,286.75402769194346,398178.29638532473,1.2691963909136168,1.1438752650121526
