Area [-],Diameter [-],Perimeter [-],Area [mym^2],Diameter [mym],Perimeter [mym],Volume [mym^3] ,Irregularity [-],Diameter Ratio [-]
17143,147.7401283,464.1393018,87126.20079,333.0653453,1046.355642,19345812.1,1.124946818,1.228894129
1684.5,46.31168333,145.4924441,8561.166962,104.4050589,327.9981661,595886.094,1.133758653,1.252335818
1525.5,44.07183824,138.4557632,7753.078184,99.35555212,312.1346726,513540.909,1.092742258,1.162544684
1998.5,50.4437234,158.4736308,10157.01524,113.72033,357.2629534,770039.4169,1.510533471,1.54912375
1768.5,47.4523354,149.0759083,8988.081788,106.9765449,336.0767276,641009.2901,1.241618817,1.273237778
1064.5,36.81526172,115.6585558,5410.128959,82.99632602,260.7406481,299347.2179,1.145337113,1.23318437
2633,57.90025666,181.899021,13381.74687,130.5303386,410.0731529,1164482.634,1.262361738,1.390295108
