Area [-],Diameter [-],Perimeter [-],Area [mym^2],Diameter [mym],Perimeter [mym],Volume [mym^3] ,Irregularity [-],Diameter Ratio [-]
20314,160.8247124,505.2457349,103242.2355,362.5632316,1139.025985,24954559.02,1.10975815,1.213341417
1505.5,43.78198413,137.5451597,7651.431796,98.70210503,310.0818081,503474.9499,1.076918234,1.018412404
1203,39.1370307,122.9526081,6114.03019,88.23052202,277.1843598,359629.3835,1.08215535,1.039283273
15136,138.8227422,436.124507,76925.98583,312.96199,983.1990886,16049939.74,1.101422687,1.187331709
1146,38.19859315,120.0044196,5824.337987,86.11490839,270.5379636,334374.8881,1.129450936,1.159737243
