Area [-],Diameter [-],Perimeter [-],Area [mym^2],Diameter [mym],Perimeter [mym],Volume [mym^3] ,Irregularity [-],Diameter Ratio [-]
1681.0,46.26354585091602,145.3412157742523,8543.378844159999,104.29653776630506,327.6572368414744,594029.8895145234,1.2462884811348738,1.5128460807776953
21548.0,165.6374526185225,520.3654043056778,109513.81756928,373.4130731831971,1173.1117674667198,27262594.116379235,1.071804553452997,1.1213711356536449
1058.0,36.70268979693181,115.30490063302602,5377.09388288,82.74254387820307,259.94336798709384,296609.61769427714,1.208942272512636,1.447041656586207
1723.5,46.844726014259635,147.16704710582474,8759.37741696,105.60675032654692,331.7733909953713,616699.5892592588,1.0983410511825524,1.1740916145663416
29588.0,194.0943369849414,609.7653431752736,150375.66522368,437.5662732988519,1374.6549896543368,43866212.95117428,1.4033593655585044,1.1889177737790126
