Area [-],Diameter [-],Perimeter [-],Area [mym^2],Diameter [mym],Perimeter [mym],Volume [mym^3] ,Irregularity [-],Diameter Ratio [-]
20608.5,161.9862869432922,508.894929043335,104738.97853056001,365.18188528495796,1147.2527280352945,25499185.09507376,1.0701621021126093,1.0651152074223902
12793.0,127.62661750511505,400.9508439565839,65018.11157248,287.72144650353135,903.9035826157227,12471403.40704129,1.0961558523676587,1.180103436160133
19847.0,158.96535862998195,499.40440284721814,100868.79233792,358.3715044954313,1125.8572857787685,24099000.577851746,1.0769093484675238,1.1052439167858512
3016.5,61.97359991717133,194.69580621629845,15330.81634944,139.71328365327105,438.92222553402326,1427945.795510344,1.4424325454815397,1.254739427808693
1232.0,39.60594802695323,124.42575535993542,6261.417451519999,89.28764923196336,280.5054228834384,372711.4967374744,1.214007681278279,1.3418308185116254
1352.0,41.489997161749,130.34467028081204,6871.295774719999,93.53504960144694,293.84902468106264,428471.3274097654,1.0832507215931604,1.0563251430025182
2913.0,60.90112309156153,191.3265208998174,14804.796295679998,137.2954918976163,431.32650871654835,1355087.8599062618,1.1435630365161629,1.2111300156275966
