Area [-],Diameter [-],Perimeter [-],Area [mym^2],Diameter [mym],Perimeter [mym],Volume [mym^3] ,Irregularity [-],Diameter Ratio [-]
20324,160.8642922,505.3700786,103293.0587,362.6524604,1139.306305,24972987.91,1.110843098,1.214071678
1509.5,43.84010827,137.7277621,7671.761074,98.83314007,310.4934668,505482.8246,1.081505394,1.020101478
1205.5,39.17767567,123.0802981,6126.735988,88.32215204,277.472224,360751.005,1.069542496,1.004520985
15152,138.8960964,436.3549559,77007.30294,313.1273596,983.7186126,16075395.63,1.101953126,1.186109444
1148,38.23191072,120.1090899,5834.502625,86.19001953,270.7739322,335250.5968,1.125609713,1.145117381
