Area [-],Diameter [-],Perimeter [-],Area [mym^2],Diameter [mym],Perimeter [mym],Volume [mym^3] ,Irregularity [-],Diameter Ratio [-]
2432.0,55.646370706416384,174.81822941021198,12360.200683519999,125.4491781205451,394.1102163823819,1033718.0114350558,1.101199040239368,1.1321493064189305
2387.0,55.12914649514206,173.1933216278138,12131.496312320003,124.28314785864826,390.4470242777434,1005160.3666204754,1.2067148184905934,1.1486229909007675
1746.5,47.156260081562465,148.14576024300627,8876.27076224,106.30907272787442,333.9798018918333,629085.4093435184,1.3034153160236455,1.2838390884383601
2013.5,50.632675450979775,159.06724122839432,10233.25003136,114.1463035366888,358.6011886252922,778725.1094976324,1.2629529555405314,1.5435458164912133
19400.5,157.16705694144218,493.75487147356347,98599.53674368002,354.31741316878725,1113.1209822500014,23290355.19910766,1.0790801433411512,1.1012537481780422
15225.0,139.2302843083819,437.40483834043084,77378.312256,313.88075294481615,986.0854675546673,16191708.608341584,1.133993584615052,1.27980078373518
15188.5,139.0632907176082,436.8802125024596,77192.80759935999,313.50428259377594,984.902751065545,16133517.17855782,1.1068165378648882,1.1991660659510894
2919.5,60.96903190025497,191.53986271432277,14837.831371520004,137.4485855159348,431.8074665031692,1359625.9560929248,1.1331144062919314,1.3221493919881995
