Area [-],Diameter [-],Perimeter [-],Area [mym^2],Diameter [mym],Perimeter [mym],Volume [mym^3] ,Irregularity [-],Diameter Ratio [-]
5049.0,80.17846631962873,251.88808076584226,25660.630448640008,180.754334470971,567.8564892785148,3092180.1192329726,1.118843630438456,1.2431454105681647
2666.5,58.267428689073895,183.0525259131617,13552.004573440001,131.3580912366482,412.67361441863176,1186776.9687982702,1.0884175855673042,1.1328683040460823
1369.5,41.7576526700772,131.18553485946873,6960.236363519999,94.13845217942203,295.7446697871863,436817.25204313453,1.102333209454795,1.0900820598210248
1232.0,39.60594802695323,124.42575535993542,6261.417451519999,89.28764923196336,280.5054228834384,372711.4967374744,1.0826591047714011,1.0838978645586221
16653.5,145.61557182611696,457.4648106972059,84638.40546175996,328.27574512479805,1031.3086692357808,18523157.079422686,1.0901774421233212,1.1778994901542312
2554.5,57.03060947443902,179.16694375464607,12982.78480512,128.56980599917532,403.91395800047405,1112796.082482213,1.5312550427931406,1.5093156991851329
1828.5,48.250580385610334,151.5836688708772,9293.020949759997,108.77610842131993,341.73022310250553,673905.7695951274,1.3867466878869306,1.611420217809076
14527.5,136.0036304152947,427.2680061742312,73833.3945024,306.6065844082404,963.2329931191869,15091869.935764678,1.1006134659667939,1.126751385862278
1276.0,40.306992682189374,126.62815209866369,6485.039503360001,90.86808430272772,285.47050609122743,392855.410865224,1.082332960596524,1.1428040854806463
