Area [-],Diameter [-],Perimeter [-],Area [mym^2],Diameter [mym],Perimeter [mym],Volume [mym^3] ,Irregularity [-],Diameter Ratio [-]
1198,39.05561387,122.6968296,6088.618593,88.0469759,276.6077327,357389.6364,1.343578419,1.546063954
2122.5,51.985103,163.3160177,10787.22284,117.1952162,368.1796302,842807.2754,1.103792686,1.096467963
