Area [-],Diameter [-],Perimeter [-],Area [mym^2],Diameter [mym],Perimeter [mym],Volume [mym^3] ,Irregularity [-],Diameter Ratio [-]
1270.0,40.212115361090575,126.33008620370742,6454.5455872,90.65419287004259,284.798546337638,390087.74703367404,1.1072758203187878,1.1640888318212173
2313.0,54.26788246258031,170.48758087031666,11755.404679680003,122.34151422364106,384.3472023140419,958782.6725491517,1.065656738391574,1.0687721239168144
7887.5,100.21315736518133,314.82891897149153,40086.79395200001,225.9205419640648,709.7503149293306,6037620.143491757,1.0751630524084308,1.1076389859218876
1369.5,41.7576526700772,131.18553485946873,6960.236363519999,94.13845217942203,295.7446697871863,436817.25204313453,1.117578792758949,1.0816836815287507
