Area [-],Diameter [-],Perimeter [-],Area [mym^2],Diameter [mym],Perimeter [mym],Volume [mym^3] ,Irregularity [-],Diameter Ratio [-]
12814.5,127.7338176,401.2876228,65127.38144,287.9631183,904.6628169,12502855.9,1.07917847,1.133558679
22381,168.8086913,530.3281444,113747.3896,380.5623136,1195.571769,28858646.5,1.156931592,1.202724777
1587.5,44.95851173,141.2413302,8068.181984,101.3544689,318.4144548,545164.1997,1.15715845,1.213564606
11349.5,120.2107824,377.653311,57681.78358,271.0031879,851.3816243,10421298.16,1.080971685,1.101192513
17026,147.2351062,462.5527279,86531.56942,331.9268233,1042.77887,19148099.31,1.122076039,1.223643318
