Area [-],Diameter [-],Perimeter [-],Area [mym^2],Diameter [mym],Perimeter [mym],Volume [mym^3] ,Irregularity [-],Diameter Ratio [-]
1325.0,41.07362166615078,129.03658808270583,6734.073152,92.59637268417032,290.9000841736521,415700.49817670503,1.1834680316455155,1.3943994864223634
9644.5,110.81407306474334,348.13267785456026,49016.429067519995,249.8192463171574,784.8303089553207,8163498.244537502,1.060284947662284,1.0919190735756596
36798.5,216.45624358501857,680.0173446703371,187021.72896896003,487.97895553806586,1533.031101824808,60841778.64346423,1.20971098558098,1.139336156241121
1208.0,39.21827851958926,123.20785568358001,6139.44178688,88.41368709456204,277.7597898530628,361873.79005365813,1.1717396610808188,1.371960261344493
