Area [-],Diameter [-],Perimeter [-],Area [mym^2],Diameter [mym],Perimeter [mym],Volume [mym^3] ,Irregularity [-],Diameter Ratio [-]
1337.5,41.26691037,129.6438224,6797.602144,93.03212273,292.2690333,421596.9046,1.180892772,1.447872245
14898.5,137.7292974,432.6893488,75718.93498,310.496928,975.454868,15673664.47,1.081351763,1.147177855
1265,40.13287959,126.0811597,6429.13399,90.47556375,284.2373664,387786.3481,1.114905208,1.175249752
8755.5,105.5833739,331.6999516,44498.24716,238.027158,747.784371,7061194.205,1.10867443,1.215218358
1147.5,38.22358405,120.0829308,5831.961466,86.17124788,270.7149593,335031.5981,1.209967664,1.442939713
