Area [-],Diameter [-],Perimeter [-],Area [mym^2],Diameter [mym],Perimeter [mym],Volume [mym^3] ,Irregularity [-],Diameter Ratio [-]
2621.5,57.77367451117532,181.50135141519627,13323.30020224,130.24497181799364,409.1766466304185,1156861.9062422786,1.0783548882106673,1.0970093576773046
3301.0,64.83026868038395,203.67029581654668,16776.73620736,146.15335771305757,459.1543148888228,1634650.885447927,1.0742555085369152,1.108400622408533
3363.0,65.4362635619146,205.57408488447638,17091.84000768,147.51951257398028,463.44621696356353,1680919.9379502728,1.069314621401628,1.0489694325814085
3471.5,66.48346470776112,208.8639643110986,17643.271658240003,149.88032283717666,470.8629211429407,1762919.5013606807,1.0751078929886353,1.0954904509349321
3330.5,65.11930822529106,204.5783403274238,16926.664628480004,146.80496846309617,461.2014104341442,1656612.3113129418,1.0969350951371366,1.120809914310886
