Area [-],Diameter [-],Perimeter [-],Area [mym^2],Diameter [mym],Perimeter [mym],Volume [mym^3] ,Irregularity [-],Diameter Ratio [-]
4165.0,72.82199327004139,228.7770390769274,21167.860134400005,164.16990162798132,515.7549568950251,2316750.3439595443,1.2490960667089364,1.3045509431157323
4210.5,73.2186800147845,230.02326723998877,21399.10566528,165.06419222533017,518.5644536658307,2354817.393989287,1.0940806008503854,1.1689050623788737
1725.5,46.87189813140197,147.2524108294216,8769.542055680002,105.6680071474326,331.965834973848,617773.3550795368,1.0827571369049895,1.1125036309424976
2420.5,55.514649580371675,174.40441528830735,12301.754010879999,125.1522260139899,393.1773138259601,1026394.5988921068,1.0929205625934701,1.119648853539752
2691.5,58.53993709131135,183.9086363076724,13679.062557440002,131.97243417865232,414.6036296920167,1203506.121991612,1.11069838768545,1.1314928167283258
5481.0,83.53817058502914,262.4429030042585,27856.19241216,188.32845176688969,591.6512805328003,3497409.059401782,1.0775446162538433,1.1252341216201558
3449.5,66.27246645149057,208.2010937392788,17531.46063232,149.40464836824034,469.36854572583013,1746187.807435612,1.0794962841973743,1.1156334952517455
