Area [-],Diameter [-],Perimeter [-],Area [mym^2],Diameter [mym],Perimeter [mym],Volume [mym^3] ,Irregularity [-],Diameter Ratio [-]
3014.5,61.95305164,194.6312519,15320.65171,139.6669596,438.7766943,1426525.896,1.084289269,1.061463859
2959.5,61.38527863,192.8475404,15041.12415,138.3869721,434.755495,1387663.752,1.087506064,1.129230153
2441,55.74923971,175.1414019,12405.94156,125.681086,394.8387765,1039461.472,1.071598362,1.022435468
1378,41.88703967,131.5920161,7003.436078,94.43014224,296.6610411,440890.31,1.114890411,1.134674603
1308.5,40.81707908,128.2306358,6650.214883,92.01802307,289.0831453,407959.751,1.123950525,1.262936742
2081.5,51.48056053,161.7309508,10578.84775,116.0577757,364.6062554,818505.0257,1.112488853,1.165488475
2956,61.34896979,192.7334728,15023.33603,138.3051175,434.4983411,1385202.836,1.073995838,1.115319064
3778,69.35631911,217.8893026,19201.00254,156.3568858,491.2096437,2001472.641,1.129507702,1.159795957
