Area [-],Diameter [-],Perimeter [-],Area [mym^2],Diameter [mym],Perimeter [mym],Volume [mym^3] ,Irregularity [-],Diameter Ratio [-]
1901.0,49.197849287764036,154.55960189485734,9661.48910336,110.91163143433525,348.43916651176636,714381.0123591404,1.0965363964653725,1.1463916849430933
2932.0,61.09941362372881,191.94946897895053,14901.360363520002,137.74251807333422,432.7308828661461,1368367.26612628,1.0902828726149658,1.1341590904628345
1616.0,45.36028113109555,142.5035259662175,8213.02808576,102.2602177819418,321.2599489382407,559910.6937993481,1.0750327551462096,1.0154919364854755
4015.5,71.50310057531803,224.63361547631123,20408.053390079996,161.19658993699696,506.414022729796,2193139.0758220437,1.063484830320384,1.07687637851301
1496.0,43.64362907600379,137.1105044811714,7603.149762559999,98.39019738894294,309.10192130235276,498716.93727731524,1.0941859325917214,1.0958762871251109
2597.0,57.50307033261109,180.65122331578817,13198.78337792,129.63492175783844,407.2601178431129,1140682.1669968786,1.089358453234838,1.1238108413819838
