Area [-],Diameter [-],Perimeter [-],Area [mym^2],Diameter [mym],Perimeter [mym],Volume [mym^3] ,Irregularity [-],Diameter Ratio [-]
4597.5,76.50959944294515,240.3619955390542,23365.9632576,172.48324098417552,541.8720827432437,2686824.7142586745,1.0923161791985505,1.0509479675447555
3211.5,63.94535790748986,200.89026663334013,16321.868624640001,144.15841486664513,452.88701709820197,1568623.1390598214,1.0556311110373362,1.006276488407007
2393.5,55.204156096471685,173.42897124029963,12164.53138816,124.45224950388577,390.9782727641315,1009268.8636114254,1.0700676640501057,1.0325310238433363
4567.0,76.25539325716895,239.5633832533226,23210.95251712,171.91015855896168,540.0716912062906,2660132.351681753,1.0684667525306313,1.0908086959963716
2385.5,55.111822088965,173.13889540064014,12123.872833279998,124.24409171736269,390.3243257912031,1004213.0455117881,1.0662547618113054,0.9979709963356956
3183.0,63.66098861070273,199.9968941396472,16177.022522879995,143.51733272396822,450.8729981484206,1547788.7492661972,1.078128563996851,1.1645022082478766
