Area [-],Diameter [-],Perimeter [-],Area [mym^2],Diameter [mym],Perimeter [mym],Volume [mym^3] ,Irregularity [-],Diameter Ratio [-]
1904,49.23665396,154.6815104,9676.736061,110.9991127,348.713997,716072.7444,1.078686211,1.070270088
3659,68.2552818,214.4302919,18596.20654,153.8747073,483.41165,1907657.225,1.076312191,1.109028153
5033,80.05132497,251.4886544,25579.31334,180.467707,566.9560225,3077493.35,1.066082469,1.061818777
2593.5,57.46430857,180.5294496,13180.99526,129.5475372,406.9855913,1138376.983,1.123098239,1.170602052
2763,59.31240058,186.3354019,14042.44839,133.7138759,420.0745301,1251780.134,1.08940623,1.108375212
2261,53.65439973,168.560268,11491.12407,120.9584788,380.0022683,926632.5914,1.077841424,1.053611194
1868.5,48.77548656,153.2327103,9496.313724,109.9594569,345.447822,696139.6665,1.085062227,1.121630016
