Area [-],Diameter [-],Perimeter [-],Area [mym^2],Diameter [mym],Perimeter [mym],Volume [mym^3] ,Irregularity [-],Diameter Ratio [-]
7187,95.65967075,300.5237189,36526.62924,215.6551617,677.5006718,5251437.424,1.102812633,1.154231272
3414.5,65.93539585,207.1421552,17353.57945,148.6447564,466.9812747,1719679.06,1.086387161,1.119129477
4305.5,74.04007604,232.603759,21881.926,166.9159474,524.3819142,2434961.607,1.086368652,1.097062013
1589,44.97974696,141.3080426,8075.805463,101.4023415,318.5648513,545937.0559,1.106572055,1.143393751
5171,81.14136852,254.9131273,26280.67341,182.9251012,574.6761541,3204929.895,1.089086181,1.160677994
2774,59.43034997,186.7059509,14098.3539,133.979781,420.9098956,1259262.912,1.080969159,1.059528333
2387,55.1291465,173.1933216,12131.49631,124.2831479,390.4470243,1005160.367,1.067320671,1.015796608
2662.5,58.22370898,182.9151764,13531.6753,131.2595295,412.3639737,1184107.555,1.09751586,1.107625006
