Area [-],Diameter [-],Perimeter [-],Area [mym^2],Diameter [mym],Perimeter [mym],Volume [mym^3] ,Irregularity [-],Diameter Ratio [-]
4164.5,72.81762207082558,228.7633065495836,21165.318974719994,164.16004719646918,515.7239982853813,2316333.1745455726,1.0971064657279557,1.0973039031042342
1669.0,46.09812143854657,144.82151965562804,8482.391011840002,103.92360497105939,326.4856339116479,587680.4351496834,1.0797257992665716,1.0084029416291258
3540.0,67.13618985586295,210.91456084118863,17991.410534399995,151.35182641105743,475.48578596037567,1815355.2293950522,1.115519087430121,1.1634555112595826
3565.0,67.37283560145627,211.65800537704789,18118.468518399994,151.88532057992302,477.1618073220168,1834619.599556284,1.0747537212007445,1.0686799710482084
2372.0,54.95565667073596,172.648287269987,12055.26152192,123.89203239850715,389.2182988214587,995700.5673641263,1.0754884528692918,1.1155602645351765
1965.5,50.025516740729046,157.1597958847076,9989.298702079997,112.77752494029956,354.3010438424848,751045.5890066194,1.0737625746293114,1.061439969165694
2717.5,58.82200662012309,184.79478386718887,13811.202860800002,132.6083317244055,416.6013607501906,1220987.0469853499,1.0762990073465697,1.0643959436348265
