Area [-],Diameter [-],Perimeter [-],Area [mym^2],Diameter [mym],Perimeter [mym],Volume [mym^3] ,Irregularity [-],Diameter Ratio [-]
6725.0,92.5339718068125,290.7040460357672,34178.597696000004,208.6085860412781,655.3632013830336,4753299.292157498,1.0613338749979493,1.0621811630659832
3238.0,64.20864152006688,201.71739649642268,16456.550087679996,144.75196144283876,454.7516986615353,1588078.6025159995,1.0600145473919103,1.059047480061515
9600.5,110.56100691125208,347.3376470858799,48792.80701568,249.24873398072668,783.0379915904076,8107696.917349439,1.1091857641478036,1.2041986987434639
6898.0,93.71662808479162,294.41947031038825,35057.838945280004,211.27476635435423,663.7392538677392,4937891.154701742,1.0875330543589559,1.1468638935956597
6693.0,92.31355411266779,290.01158342712097,34015.96347648,208.11167639159825,653.8021136781015,4719412.788777088,1.0552984360523412,1.0340778763126373
