Area [-],Diameter [-],Perimeter [-],Area [mym^2],Diameter [mym],Perimeter [mym],Volume [mym^3] ,Irregularity [-],Diameter Ratio [-]
8141.0,101.81082031733641,319.8481251648945,41375.16190975999,229.52231332340318,721.0656133717381,6331015.25043898,1.0661914391711163,1.0733234404830612
3391.5,65.7129508998744,206.4433237927522,17236.686109439997,148.14327650867685,465.4058291583806,1702332.770936026,1.0756754506901416,1.1019392849856733
