Area [-],Diameter [-],Perimeter [-],Area [mym^2],Diameter [mym],Perimeter [mym],Volume [mym^3] ,Irregularity [-],Diameter Ratio [-]
8362.0,103.18347286787468,324.16044033359685,42498.35448832,232.61682123333668,730.7872966880607,6590554.7524803355,1.0962549235414276,1.0466792500606452
