Area [-],Diameter [-],Perimeter [-],Area [mym^2],Diameter [mym],Perimeter [mym],Volume [mym^3] ,Irregularity [-],Diameter Ratio [-]
2638.5,57.96069822546763,182.08890374206408,13409.69963136,130.66659807949424,410.50122459610924,1168133.2213984395,1.080205481669993,0.9974339114669349
7006.0,94.44742585382912,296.71533921285624,35606.72943615999,212.92227684487236,668.9150607214631,5054310.601697682,1.0902861138658124,1.1599393281607866
3574.5,67.46254333076865,211.9398305204259,18166.750552319994,152.08755768488484,477.7971539252481,1841957.8150485873,1.0822870014798458,1.0672794856959675
2803.5,59.745519193199996,187.69608418226508,14248.28232576,134.69029846915006,423.1420521804984,1279403.5994195533,1.0758023048843137,1.1081632138129298
3046.5,62.281010533192806,195.66156514922704,15483.28593024,140.40631014602985,441.0994324724174,1449300.6976006252,1.076400321724167,1.0918255728005448
4339.5,74.33184381123772,233.52037444516836,22054.724862719995,167.5737086880543,526.4483321491874,2463861.3595604193,1.0779482095020565,1.08566608784368
