Area [-],Diameter [-],Perimeter [-],Area [mym^2],Diameter [mym],Perimeter [mym],Volume [mym^3] ,Irregularity [-],Diameter Ratio [-]
6030.5,87.62574435932284,275.2843947445859,30648.926900479993,197.5434780836574,620.6011395121943,4036330.412968391,1.0812962889076005,1.1295685636400175
8766.5,105.64967803510243,331.9082523692047,44554.152669439994,238.1766341623349,748.253964141135,7074505.413841351,1.0890448832944148,1.13864680607036
6698.0,92.34802905658637,290.11988965766847,34041.37507328,208.18939670516832,654.0462792442479,4724702.226347013,1.0589427140409906,1.026034853323121
4668.0,77.09398287041434,242.19789022167103,23724.266772479994,173.80067498306207,546.0109237157351,2748862.3856901694,1.076193527474615,1.0955538459856617
