Area [-],Diameter [-],Perimeter [-],Area [mym^2],Diameter [mym],Perimeter [mym],Volume [mym^3] ,Irregularity [-],Diameter Ratio [-]
8144.0,101.82957749260852,319.9070525689315,41390.40886784,229.56459949933665,721.1984593113991,6334515.089906321,1.0907420445592724,1.1819721628608835
5688.0,85.10103718788395,267.352793242328,28908.23251968,191.85177823636556,602.7201370855042,3697397.2097139587,1.0714336958481274,1.1515723337617854
7464.5,97.48895620364196,306.2705886154987,37936.972862719995,219.77910286549044,690.4564149747803,5558502.574134038,1.1047429910121467,1.2228820927189616
7398.5,97.05700784447819,304.9135828236196,37601.53978496,218.80531848459162,687.397181117568,5484944.592106143,1.1189357654815753,1.240366184187895
6262.0,89.29180269840893,280.51847138311075,31825.483832319995,201.29944000329309,632.4008418860849,4270968.048853248,1.0632090622153683,1.0896641965328993
7790.5,99.59504341712636,312.88705673320067,39593.80897408,224.52706587956968,705.3725806993276,5926587.837297573,1.0684092034119017,1.1351063313661702
6999.0,94.4002307920982,296.56707155363665,35571.15320064,212.81588029770617,668.5808061105186,5046737.521065847,1.076384986637434,1.1180312091317381
4968.0,79.53272319142788,249.8594188981804,25248.96258048,179.298571162755,563.2830739640578,3018068.6093479544,1.0603405457207533,1.0189858177610513
