Area [-],Diameter [-],Perimeter [-],Area [mym^2],Diameter [mym],Perimeter [mym],Volume [mym^3] ,Irregularity [-],Diameter Ratio [-]
4771.0,77.93988624530742,244.85537404988196,24247.745666559997,175.70767955142105,552.0019552580538,2840343.4169495218,1.0792076012981149,1.1321312657571874
5505.5,83.72466968307154,263.02880720056964,27980.70923648,188.7488953335165,592.9721429529642,3520885.3060226147,1.0721530591277588,1.0751586576279757
3396.5,65.76137250463208,206.59544475053394,17262.097706239994,148.25243817444255,465.7487706456037,1706098.7153036876,1.0871980839020972,1.1556936405888842
