Area [-],Diameter [-],Perimeter [-],Area [mym^2],Diameter [mym],Perimeter [mym],Volume [mym^3] ,Irregularity [-],Diameter Ratio [-]
5764.0,85.66768781666444,269.13297869485683,29294.48879104,193.12923541388832,606.7333871696852,3771748.1480361843,1.0964030101425266,1.1014895225002126
11152.5,119.16293057263614,374.36138726722425,56680.566662399986,268.6409106829509,843.9603114552303,10151146.03080856,1.135809174979931,1.2356110094230524
