Area [-],Diameter [-],Perimeter [-],Area [mym^2],Diameter [mym],Perimeter [mym],Volume [mym^3] ,Irregularity [-],Diameter Ratio [-]
5536.0,83.95626313536032,263.75637948889954,28135.71997696,189.2709996123563,594.6123819197751,3550183.8965683747,1.0881986378563469,1.1285911605544836
5367.0,82.66484522814773,259.69927047888615,27276.808005119994,186.35962708233623,585.466035367601,3388863.845220431,1.0921184482328643,1.149218869736081
5799.0,85.9273886483187,269.948852919713,29472.36996864,193.71470496876967,608.572694022201,3806154.302137017,1.097955827814449,1.1345923910168731
5491.0,83.6143429092209,262.6822054183462,27907.015605759996,188.50017465454758,592.1907638951196,3506984.8771819626,1.0689492147329793,1.0126165296663843
4262.5,73.66942078931821,231.43931114593727,21663.386271999992,166.08034222743896,521.756783047401,2398575.070572641,1.0760340436017994,1.089723366703131
4322.5,74.18610336254183,233.06251732221446,21968.325433599995,167.2451514205143,525.4161390512003,2449397.2757317116,1.0697595282534562,1.0770623781465616
