Area [-],Diameter [-],Perimeter [-],Area [mym^2],Diameter [mym],Perimeter [mym],Volume [mym^3] ,Irregularity [-],Diameter Ratio [-]
4334.5,74.28900865306093,233.38580382692479,22029.31326592,167.47714110746057,526.1449561474193,2459604.2708912906,1.0735498581463148,1.0479872682820004
4146.5,72.66008376161118,228.2683853546967,21073.837226239993,163.80489283217622,514.6082479436282,2301331.7656046455,1.0773453345232635,1.1285426021394627
6240.0,89.13481227414694,280.02527141956534,31713.672806400005,200.94552079083687,631.2889718882682,4248480.332181499,1.1599607448766327,1.2908440611567713
5437.5,83.20600954556977,261.3993883228842,27635.111520000002,187.5796279195325,589.2987810351101,3455855.957624258,1.0812364891245263,1.1472657385332075
