Area [-],Diameter [-],Perimeter [-],Area [mym^2],Diameter [mym],Perimeter [mym],Volume [mym^3] ,Irregularity [-],Diameter Ratio [-]
4289.5,73.9023749763259,232.17115830846362,21800.60889472,166.6055141466291,523.4066592906004,2421401.1024096007,1.1011875734014271,1.1570943958590563
4000.5,71.36942481702525,224.2136606960956,20331.818599680002,160.89523130750172,505.46727667327787,2180861.7709984533,1.0602514975108235,1.0190971313710577
4754.5,77.80499608279234,244.43160410628306,24163.887397120005,175.40358316904707,551.0466082972046,2825621.6218321514,1.0597507583681542,1.0410642513728534
13816.5,132.63375954044798,416.68124459026654,70219.86543743999,299.0095475079859,939.3661978042968,13997606.793680398,1.095260891304944,1.1847681867235393
6502.0,90.98683157395925,285.8435616461622,33045.24047872,205.12071310033372,644.4057253751081,4518842.19437804,1.0614944484654265,1.0550977360055203
