Area [-],Diameter [-],Perimeter [-],Area [mym^2],Diameter [mym],Perimeter [mym],Volume [mym^3] ,Irregularity [-],Diameter Ratio [-]
6621.0,91.81567962876228,288.4474646060736,33650.03648256,206.98926815508167,650.2759642079322,4643464.283277928,1.055973666319523,1.0455730479603935
5901.0,86.67979322473143,272.3126016094986,29990.76654336,195.41092584583453,613.9015290684536,3907015.638042838,1.0615675009568935,1.0033957525376704
