Area [-],Diameter [-],Perimeter [-],Area [mym^2],Diameter [mym],Perimeter [mym],Volume [mym^3] ,Irregularity [-],Diameter Ratio [-]
2782.0,59.51598452057416,186.97497974099963,14139.012459519996,134.17283550318237,421.5163943281095,1264714.2619390816,1.0786536233131463,1.0921435732535025
4185.0,72.99662659819737,229.32566585773415,21269.506521599997,164.56359500297614,516.9917811096758,2333457.638089161,1.1504310856853548,1.2606746117601675
5706.0,85.23558436626594,267.7754856694941,28999.71426816,192.15510139530994,603.6730548933075,3714962.023755534,1.0841494890819354,1.126290160544665
3214.0,63.970242275442516,200.9684431808894,16334.574423039996,144.2145141857576,453.06325830699706,1570455.1432332098,1.0928201503005546,1.0711894121139827
4608.0,76.59691783707507,240.636314364576,23419.32761088,172.68009157190204,542.4905071035002,2696034.4242660874,1.071178721902217,1.0966499697555214
3978.0,71.16844039991658,223.58224952782095,20217.46641408,160.44213203757192,504.04382333551956,2162488.9439153327,1.075710021483364,1.138144935379179
