Area [-],Diameter [-],Perimeter [-],Area [mym^2],Diameter [mym],Perimeter [mym],Volume [mym^3] ,Irregularity [-],Diameter Ratio [-]
6873.5,93.55005083236,293.8961524378939,34933.322120959994,210.89923459647238,662.5594860559879,4911607.264814987,1.0999190388127436,1.181793467834386
3650.5,68.17595586462805,214.18108209577747,18553.00682368,153.69587490121748,482.8498314767207,1901013.7438758372,1.1067110853178896,1.18074524886693
2951.5,61.30225539314058,192.5867151915757,15000.46559104,138.1998045582961,434.16749072788826,1382040.9419767822,1.0656892303409384,1.043216786894771
8558.0,104.38574626759883,327.93749361377667,43494.489082880005,235.3272263856748,739.3022856028981,6823624.985957443,1.0785763490555753,1.0825232758342125
