Area [-],Diameter [-],Perimeter [-],Area [mym^2],Diameter [mym],Perimeter [mym],Volume [mym^3] ,Irregularity [-],Diameter Ratio [-]
5274.5,81.94938668901443,257.45159118839695,26806.693464319993,184.74669735171412,580.398867175122,3301632.0563019323,1.068075366975038,1.0699437763924569
9877.5,112.14465481297613,352.31282369980903,50200.6094784,252.81890981037338,794.2540297488495,8461108.906763589,1.095873821798672,1.1677511222196582
3615.0,67.84365080254462,213.13711495398545,18372.584486399996,152.94672636925657,480.4963119522647,1873351.1014249788,1.0867293776244151,1.0487530763177075
4773.0,77.95622070765701,244.90669027679976,24257.910305280002,175.74450396334197,552.1176425600174,2842129.60919245,1.0755988475417335,1.0287825169077853
2679.0,58.40384182864601,183.48108043029458,13615.53356544,131.66562101849956,413.6397477220561,1195131.7882612555,1.0792632392912163,1.1471848067216999
