Area [-],Diameter [-],Perimeter [-],Area [mym^2],Diameter [mym],Perimeter [mym],Volume [mym^3] ,Irregularity [-],Diameter Ratio [-]
4803.5,78.20489852391188,245.6879346774568,24412.92104576,176.30512323230693,553.8788799368587,2869415.36895553,1.057703567081032,1.0357407467926512
5875.5,86.49230569878137,271.72359217533415,29861.167399679987,194.9882539673327,612.5736662000733,3881717.928459892,1.0733848765082372,1.1013290933240576
