Area [-],Diameter [-],Perimeter [-],Area [mym^2],Diameter [mym],Perimeter [mym],Volume [mym^3] ,Irregularity [-],Diameter Ratio [-]
6368.0,90.04437473198153,282.8827461550796,32364.209684479996,202.99603839577918,637.7308629320114,4379870.901173166,1.0648240214206337,1.0758431828454604
6562.5,91.40915989289314,287.17034519032785,33352.720799999996,206.0728100625383,647.3968261970751,4582059.26565818,1.0632046577853214,1.0371967153685548
7709.5,99.07593184086505,311.25621961882473,39182.141105919996,223.35678074204617,701.6960215086784,5834397.933332591,1.0713456083680646,1.0926861232847953
5927.5,86.87420446494849,272.9233625335398,30125.448006399998,195.84920654577988,615.278428495612,3933363.3925930574,1.0618590036519127,1.066265577756078
4869.5,78.74033250557096,247.37005014071931,24748.354123520003,177.51220560055918,557.6710410372376,2928756.616966486,1.0806516327748916,1.0988049061864655
6690.5,92.29631181174364,289.95741514120664,34003.25767808,208.07280534839484,653.6799966943362,4716768.810708302,1.0701275250750333,1.0667738246313483
7162.5,95.49648286280288,300.0110490054451,36402.112415999996,215.2872709659028,676.3449088778754,5224607.6262897635,1.0632198507164488,1.0429915037474973
17924.5,151.0701235175421,474.6007902196129,91098.03336832002,340.5724864579469,1069.9400214710954,20683655.823785175,1.1595340918025372,1.077648293552401
1104.5,37.50057435773467,117.81152890765702,5613.42173312,84.54129483207704,265.59431076942195,316377.2945043245,1.3492169993616951,1.3503506149519817
