Area [-],Diameter [-],Perimeter [-],Area [mym^2],Diameter [mym],Perimeter [mym],Volume [mym^3] ,Irregularity [-],Diameter Ratio [-]
5216.0,81.49366518532965,256.0198998603379,26509.377781760006,183.71931879380716,577.1712622451458,3246856.551808423,1.0700945913945763,1.0798385346870079
5702.5,85.20943905373551,267.69334774772267,28981.926150400002,192.09615940274134,603.487883162466,3711544.470390478,1.070226152118764,1.0576869117801642
6287.5,89.47342419692194,281.0890521485732,31955.08297600001,201.70888750954083,633.6871591637434,4297082.824909353,1.0737028977338854,1.079629288132063
40973.0,228.40412401363034,717.5527180508332,208237.87113728,514.9142571763282,1617.650847573798,71483099.15508832,1.283460197387695,1.084225747453228
6264.0,89.30606087058739,280.5632647520802,31835.648471039996,201.3315836266522,632.5018240570896,4273014.348303927,1.0630393154174131,1.0035721587118283
6756.0,92.74700191505254,291.3732998588075,34336.14959616,209.08884111729444,656.8719672016957,4786203.818327434,1.067627706864035,1.0782019680980148
