Area [-],Diameter [-],Perimeter [-],Area [mym^2],Diameter [mym],Perimeter [mym],Volume [mym^3] ,Irregularity [-],Diameter Ratio [-]
6828.5,93.24331735424292,292.9325207964312,34704.61774976001,210.20773464340525,660.3870748834746,4863452.719228242,1.0794573094333284,1.1046368031790443
9255.5,108.55629233856644,341.03965051178625,47039.40683648,244.72930544806417,768.839788113771,7674614.242520447,1.3035894246855213,1.3528969657288912
13013.5,128.72180396269715,404.3914736860349,66138.76299135997,290.1904348535044,911.6601382777969,12795224.26209041,1.0715983446635957,1.0035662836437074
7347.5,96.72190835039189,303.86083671477644,37342.3414976,218.04987018512347,685.023870289792,5428328.4773068195,1.0783357209638122,1.1062643595944566
4426.5,75.07326318184256,235.8496120930897,22496.88664704,169.24516451714587,531.6993655026614,2538326.187801244,1.083410130642669,1.103618593810462
8732.5,105.44460310703346,331.2639904817478,44381.3538112,237.71431324449622,746.8015401420522,7033388.694726943,1.0821955654959359,1.1256172278475136
5322.5,82.32142781106815,258.6203928442742,27050.644793600004,185.58542685727204,583.0338136281317,3346803.640523134,1.073085753206261,1.0486963066926032
