Area [-],Diameter [-],Perimeter [-],Area [mym^2],Diameter [mym],Perimeter [mym],Volume [mym^3] ,Irregularity [-],Diameter Ratio [-]
6563.0,91.41264208027724,287.1812848046321,33355.26195967999,206.080660305777,647.4214884635627,4582582.93954868,1.0772376025252495,1.0950656491294979
7517.5,97.83444320660584,307.35596804592075,38206.33578879999,220.5579687649722,692.9032943627237,5617807.877020125,1.0703475349068328,1.0020050024145868
6320.0,89.70436958546796,281.8145884846098,32120.2583552,202.22953079347897,635.3228082797044,4330443.184091613,1.0671380205669105,1.076849764608454
7879.0,100.15914522882245,314.6592348407018,40043.594237440004,225.79877700385734,709.3677790248781,6027863.070435108,1.0653440491618544,1.0516965601370318
8725.5,105.40233226825042,331.13119272516593,44345.77757568001,237.61901786554375,746.502160879614,7024933.409344625,1.2484601812341787,1.3423861508436072
6860.0,93.45813649374364,293.6073950269372,34864.710809599994,210.69202291149566,661.9085113487271,4897144.299132609,1.0684527361839855,1.0635718655350272
