Area [-],Diameter [-],Perimeter [-],Area [mym^2],Diameter [mym],Perimeter [mym],Volume [mym^3] ,Irregularity [-],Diameter Ratio [-]
6505.5,91.01131719887698,285.9204855055223,33063.02859648,205.17591349314827,644.5791425236495,4522491.3967552455,1.0992266275937865,1.1327593207051374
6430.5,90.48517498695277,284.2675609977977,32681.854644479998,203.98977849058633,640.8527895134353,4444509.526392677,1.0629045206563532,1.0536112342509232
5079.5,80.42027273941726,252.64773803784075,25815.641189119997,181.29946286374226,569.5690606325082,3120241.2540470376,1.0889463735366853,1.15103977548253
5061.5,80.27765539474248,252.199692435536,25724.15944064,180.97794632190744,568.5589866266723,3103670.3642828893,1.0766145526493849,1.0773510101844581
