Area [-],Diameter [-],Perimeter [-],Area [mym^2],Diameter [mym],Perimeter [mym],Volume [mym^3] ,Irregularity [-],Diameter Ratio [-]
3394.5,65.74200814,206.5346098,17251.93307,148.2087832,465.6116244,1704592.005,1.060532073,1.054066606
4971.5,79.56073401,249.9474175,25266.7507,179.3617188,563.481458,3021258.555,1.084138838,1.110068581
3352.5,65.33403075,205.252911,17038.47565,147.2890389,462.7221626,1673053.803,1.0950018,1.132233192
4135,72.55925522,227.9516231,21015.39055,163.577585,513.8941392,2291764.556,1.079648577,1.09320483
4973.5,79.57673577,249.9976885,25276.91534,179.3977931,563.5947889,3023081.886,1.073979616,1.080717865
4557,76.17186229,239.300963,23160.12932,171.7218464,539.480091,2651400.113,1.088975671,1.121111365
3146.5,63.2949305,198.8468887,15991.51787,142.6920913,448.2804258,1521242.085,1.067489802,1.105933752
4927,79.20385872,248.8262607,25040.58749,178.5571791,560.9539221,2980784.443,1.065551049,1.073180037
7942,100.5587811,315.9147281,40363.78036,226.6997162,712.198163,6100305.035,1.192784916,1.215223719
