Area [-],Diameter [-],Perimeter [-],Area [mym^2],Diameter [mym],Perimeter [mym],Volume [mym^3] ,Irregularity [-],Diameter Ratio [-]
4563.5,76.22616783230622,239.47156887327583,23193.164399359997,171.84427276115113,539.864704867913,2657074.979491893,1.06786317356422,1.0672547202652216
7317.0,96.52094979240096,303.2295067853161,37187.33075712,217.5968292119887,683.6006000968166,5394563.506404516,1.221296189533737,1.2430472638025
5241.5,81.69262557740053,256.6449523664231,26638.97692544,184.16785510169177,578.5803806148643,3270695.4949744972,1.0910292125248497,1.1210844881020001
3799.0,69.54881041720903,218.49403187261316,19307.731248639997,156.79083820455602,492.57294545361907,2018183.5775350428,1.0654475786413804,1.0081788202221726
3458.5,66.35886501038547,208.47252281718377,17577.201506560003,149.599425279413,469.9804554390591,1753026.1622678724,1.07712658511201,1.1082789923524654
6461.5,90.70301714003925,284.9519323055764,32839.40654464,204.48088184050448,642.3956361896915,4476687.206244548,1.1283371776016027,1.2174006623890887
14723.5,136.9180135588746,430.14062554066817,74829.52909696002,308.6679697671269,969.7090262188823,15398319.216659198,1.1091380816420353,1.1353539603370257
4311.5,74.09164795795579,232.7657769170751,21912.419920639997,167.0322111564155,524.747167481854,2440053.300754924,1.077020150014446,1.1057765939572624
5188.0,81.2746378526907,255.33180520118404,26367.072839679997,183.22554357510592,575.6200216455493,3220747.50235652,1.0937893859922172,1.1632283417933234
