Area [-],Diameter [-],Perimeter [-],Area [mym^2],Diameter [mym],Perimeter [mym],Volume [mym^3] ,Irregularity [-],Diameter Ratio [-]
5103.0,80.60608783946493,253.23149339107658,25935.075694080002,181.71836442528974,570.885078700843,3141919.690916203,1.0718309566567934,1.0818866430281815
6742.0,92.65085542295046,291.0712467455512,34264.99712512,208.8720884654995,656.1910186631706,4771334.340525434,1.0670683903455453,1.0685276411973288
5609.0,84.5079913760795,265.48968487672096,28506.729290239993,190.51481575823362,598.5199455860798,3620636.185733277,1.070126870064844,1.08891796745135
4452.5,75.29341985149375,236.54125466910466,22629.026950400003,169.7414857132075,533.2586045260296,2560723.1032034066,1.0959508464984042,1.1743060521107216
