Area [-],Diameter [-],Perimeter [-],Area [mym^2],Diameter [mym],Perimeter [mym],Volume [mym^3] ,Irregularity [-],Diameter Ratio [-]
4631.0,76.78783973825894,241.23611320674468,23536.22095616,173.11050590593095,543.8426936132852,2716244.744556421,1.0733719307028173,1.0890909899540409
5562.0,84.15318382460033,264.3750240795558,28267.860280319997,189.71493761417898,596.0070542849506,3575223.566378157,1.081443438318024,1.0681701988015073
6002.0,87.4184405460338,274.63313060769593,30504.080798720002,197.0761323669786,619.1329296419897,4007750.843481036,1.0756945207713684,1.0587155447267302
10633.5,116.35717725581587,365.5468532593165,54042.84291456001,262.3156204055113,824.0888259878031,9450854.578406934,1.095275934589883,1.1385840134616891
5800.5,85.93850114608884,269.9837638610707,29479.99344768,193.73975698374267,608.6513972483978,3807631.1776238997,1.0790309921528618,1.0928145950321928
5794.5,85.89404252896647,269.8440929961303,29449.499531519996,193.639529477302,608.3365232504761,3801724.8217503726,1.0652928540110607,1.0890649304528732
7468.0,97.51180913141852,306.3423832055145,37954.76098048,219.8306225058699,690.618268698512,5562412.488933614,1.0616237294634645,1.0410788957412183
6234.5,89.09552144553267,279.9018356410373,31685.72004992,200.85694354680885,631.0106982691544,4242864.58887118,1.099395682099281,1.1875104708681004
