Area [-],Diameter [-],Perimeter [-],Area [mym^2],Diameter [mym],Perimeter [mym],Volume [mym^3] ,Irregularity [-],Diameter Ratio [-]
7196.0,95.71954744938064,300.71182707191383,36572.37011456,215.7901477698837,677.9247429509226,5261304.767543854,1.1553298624796087,1.1048193439601535
15348.5,139.793838034327,439.1752945857631,78005.97869696001,315.1512284645868,990.0767841141443,16389120.009286223,1.0884754479269032,1.063410707156152
6067.5,87.89414620826919,276.1276040214457,30836.97271680001,198.14856321192207,622.5020705059471,4073534.558426108,1.0779943406468604,1.0799254843781467
