Area [-],Diameter [-],Perimeter [-],Area [mym^2],Diameter [mym],Perimeter [mym],Volume [mym^3] ,Irregularity [-],Diameter Ratio [-]
7344.5,96.70216045315328,303.79879686588777,37327.09453952,218.00535052558877,684.8840076544574,5425004.219459899,1.1053570102235664,1.1383620477672904
6753.0,92.72640748781629,291.30860055749724,34320.90263807999,209.04241304053303,656.7261090968218,4783016.203462292,1.0631530410968932,1.0447253305021336
16346.0,144.2649423742337,453.2216831334474,83075.59225856,325.23088608847246,1021.7429624560439,18012498.98838408,1.2838576944356088,1.2280454765824769
1055.0,36.6506169074355,115.14130882593322,5361.846924800001,82.6251507561226,259.5745666171839,295348.9403285683,1.2957639587288492,1.6085365649033516
5895.0,86.63571501530869,272.1741258305927,29960.272627199993,195.3115559305119,613.5893492724882,3901058.308613837,1.0658898770274612,1.062408307482307
7244.5,96.04157371593766,301.7235024251923,36818.86260352,216.51612378520986,680.2054638673535,5314584.942062914,1.0676969910237164,1.057078347319196
6642.5,91.96463274489449,288.91541462144386,33759.306348800004,207.32506806009013,651.330910722583,4666100.324284262,1.0775501507667506,1.086535230263013
