Area [-],Diameter [-],Perimeter [-],Area [mym^2],Diameter [mym],Perimeter [mym],Volume [mym^3] ,Irregularity [-],Diameter Ratio [-]
4960.0,79.46866138224807,249.65816278908545,25208.304025599995,179.15415022014005,562.8293621917142,3010781.524131535,1.079966147593534,1.1078634851811888
5318.0,82.2866204124437,258.511042176465,27027.774356479997,185.50695705781305,582.7872934826227,3342560.117943864,1.0699462754547957,1.0414539199584425
6108.0,88.18700096523509,277.04763437449856,31042.80665088,198.80877497602597,624.5761869338695,4114388.241386056,1.0650811317551052,1.0395951625363948
9225.0,108.3772799076535,340.47726637392896,46884.39609599999,244.32573982381405,767.5719493133854,7636709.841565291,1.289077498160691,1.37258547367934
7637.0,98.60897729488141,309.78923864760213,38813.67295232,222.30407841358064,698.3888596071542,5752291.8636744125,1.083848170872883,1.159425602877167
4994.0,79.74056863609265,250.51238462022133,25381.102883839998,179.76713793320727,564.7551198878269,3041792.1486774604,1.060883676738009,1.067042533361472
6761.5,92.78474649276573,291.4918779468642,34364.102352639995,209.17393249329106,657.1392896434105,4792049.617135775,1.0599873482347177,1.0455840574673383
6767.5,92.82590489187388,291.62118087113583,34394.5962688,209.26671998824045,657.4307901558885,4798429.564327699,1.0748978624580412,1.0647264695471768
6305.0,89.59785337582146,281.47995794289614,32044.023564799998,201.9894006504519,634.568417186465,4315035.409521939,1.0737879282852645,1.0588237143500638
