Area [-],Diameter [-],Perimeter [-],Area [mym^2],Diameter [mym],Perimeter [mym],Volume [mym^3] ,Irregularity [-],Diameter Ratio [-]
8345.0,103.07853317163053,323.83076255480626,42411.9550592,232.38024518212384,730.0440711035552,6570467.010206743,1.1120995049521558,1.1160618174895185
4574.5,76.31798148137175,239.76000995867935,23249.06991232,172.05125745160447,540.5149664508467,2666687.8086632797,1.0858786924934063,1.0957960728741944
8362.0,103.18347286787468,324.16044033359685,42498.35448832,232.61682123333668,730.7872966880607,6590554.7524803355,1.0736929221515226,1.1194995842830662
