Area [-],Diameter [-],Perimeter [-],Area [mym^2],Diameter [mym],Perimeter [mym],Volume [mym^3] ,Irregularity [-],Diameter Ratio [-]
8676.5,105.10596039185712,330.2001130155581,44096.74392704,236.9508771074027,744.4031347822743,6965841.434061774,1.0992658343510382,1.1278464886743296
7340.0,96.67253104349805,303.7057133301847,37304.224102399996,217.938553984462,684.6741601315683,5420019.105592914,1.0833491714001338,1.1154900838102368
7657.5,98.74123664310423,310.20474364434756,38917.8604992,222.60224388821416,699.3255740718171,5775468.716300276,1.0638365371264995,0.9924931399655911
5922.5,86.83755641249931,272.80822928119704,30100.036409599998,195.76658717633845,615.0188720915306,3928387.601193946,1.077490462693872,1.0893904666564178
6801.0,93.0553713857714,292.34207112260924,34564.85396736,209.78402925208303,659.0559651388103,4834102.890521752,1.081779915148407,1.0853752824358012
6174.5,88.66576322892203,278.55171038491346,31380.780888319998,199.88809662328183,627.9669758917489,4181763.041545696,1.0958897831875778,1.0912939854102865
5705.0,85.2281150953962,267.75202026300207,28994.631948799994,192.1382626710612,603.6201544809119,3713985.4729528506,1.0579909655099284,1.0559895628251617
5813.5,86.0347493360553,270.28613646759067,29546.06359936,193.95673890320307,609.3330660525364,3820438.7621056666,1.0803629963974495,1.0768742404861364
13220.0,129.73907191512836,407.58731521212513,67188.2619392,292.4837637254654,918.8648434142149,13100983.82009977,1.176650637822081,1.0542487330782004
