Area [-],Diameter [-],Perimeter [-],Area [mym^2],Diameter [mym],Perimeter [mym],Volume [mym^3] ,Irregularity [-],Diameter Ratio [-]
6400.0,90.270333367641,283.5926161448825,32526.843903999998,203.50543954400987,639.3311938370232,4412926.4437752785,1.086236921875029,1.1281965855824891
5603.0,84.4627797858389,265.34764847696397,28476.23537408,190.4128907491952,598.1997387264676,3614828.1968220416,1.0732860790021004,1.0683680484336533
5065.0,80.3054063814112,252.28687473138433,25741.9475584,181.04050814625342,568.7555303944329,3106890.1777646285,1.063836224380628,1.0535140604860065
5884.5,86.55852413826189,271.93162353833833,29906.90827392,195.1375368172976,613.0426521048299,3890640.276262404,1.0702564638634096,1.063422637848492
7149.5,95.4097800284858,299.73866401810915,36336.04226432001,215.0918080962184,675.7308441624252,5210390.019795466,1.0918243549670315,1.1357268747668554
5833.5,86.18261358425244,270.75066570345535,29647.709986560003,194.29008406433869,610.3803007618698,3840170.710402584,1.0734398607457418,1.0710867038562275
8219.0,102.29738910733892,321.3767261010325,41771.58281984,230.61923400358484,724.5116913221675,6422220.288685869,1.0823676131815707,1.071066723821965
