Area [-],Diameter [-],Perimeter [-],Area [mym^2],Diameter [mym],Perimeter [mym],Volume [mym^3] ,Irregularity [-],Diameter Ratio [-]
7557.0,98.09113741599505,308.1623966883569,38407.087403519996,221.13666019061924,694.7213070942319,5662143.357375742,1.188304964345567,1.2182924551088596
5044.5,80.14272820048322,251.77580615328162,25637.760011519997,180.67376645516936,567.603377391958,3088047.109836696,1.0658303123961188,1.0248516476503204
4256.5,73.61755308460897,231.27636394586415,21632.89235584,165.96341167394246,521.3894348795561,2393512.4131669044,1.0645625283267994,1.0997807165656783
6942.5,94.01843191270459,295.3676149989849,35284.0021568,211.9551529040012,665.8767512537115,4985750.714806436,1.0647491652357224,1.0131987068891226
3808.0,69.63114379608811,218.7526898108449,19353.47212288,156.97645057390105,493.1560639095688,2025359.5734204296,1.0755489161698217,1.0612741880574237
