Area [-],Diameter [-],Perimeter [-],Area [mym^2],Diameter [mym],Perimeter [mym],Volume [mym^3] ,Irregularity [-],Diameter Ratio [-]
5534.5,83.94488823232037,263.72064417707395,28128.096497920003,189.24535603094304,594.5318202327956,3548741.0908143953,1.0889504464036261,1.130607974700467
5871.5,86.46285900265217,271.63108265110213,29840.83812224,194.92186933557903,612.3651127286447,3877754.6328849536,1.0694373363778835,1.0810147797233594
7334.5,96.63630498347943,303.5919058061617,37276.271345919995,217.85688595475602,684.4175924494109,5413928.263617755,1.0661153615806531,1.055503933200235
6912.0,93.81168228536062,294.7180918885887,35128.991416319994,211.48905654411698,664.4124663536343,4952931.5013226,1.0588042574110674,1.0617015245558419
11912.5,123.15626689964918,386.9068233354817,60543.12937599999,277.6434880985691,872.2427425275098,11206270.413570387,1.088794376559705,1.177512188553572
7770.5,99.467119604242,312.48517222242396,39492.16258688001,224.23867443580318,704.4665722582326,5903780.126056795,1.0666773281226942,1.065038326003221
4874.0,78.77670684307121,247.4843234921893,24771.224560639996,177.59420790701972,557.9286588807915,2932817.336489182,1.064970441277275,1.1040590529608925
5090.0,80.5033495123152,252.90873141726087,25869.005542400002,181.48675114056337,570.1574441070729,3129921.1807516026,1.0625772412695909,1.0452447840556673
5561.0,84.1456184734074,264.35125682782626,28262.77796096,189.69788228644964,595.9534733926515,3574259.4178175027,1.064573542013752,1.0180851448834287
