Area [-],Diameter [-],Perimeter [-],Area [mym^2],Diameter [mym],Perimeter [mym],Volume [mym^3] ,Irregularity [-],Diameter Ratio [-]
9734.5,111.32991668111694,349.75324837016075,49473.83780992,250.98216416591004,788.4837231256904,8278033.9220846305,1.0762832030240768,1.1080314412522236
6466.0,90.73459591719998,285.0511399599139,32862.276981760006,204.55207303573565,642.6192899256299,4481364.587529031,1.0748664829690266,1.0629011879663552
12603.0,126.67532507279094,397.9622706397789,64052.470894080005,285.5768528440999,897.1661429303176,12194602.036546452,1.0782494342834967,1.1387362637045806
6823.5,93.2091735479957,292.8252548655594,34679.206152959996,210.1307608466015,660.145254568917,4858111.982985086,1.0631625633762611,1.0381563314122053
7642.0,98.64125202401941,309.8906326995587,38839.08454912,222.37683856294936,698.6174423578851,5757941.889808266,1.0737177152590285,1.0822261647071232
