Area [-],Diameter [-],Perimeter [-],Area [mym^2],Diameter [mym],Perimeter [mym],Volume [mym^3] ,Irregularity [-],Diameter Ratio [-]
22520.5,169.333963419062,531.9783354805679,114456.37314687997,381.74648713193335,1199.2919595073922,29128878.919122115,1.0888178051591695,1.0921920325621883
