Area [-],Diameter [-],Perimeter [-],Area [mym^2],Diameter [mym],Perimeter [mym],Volume [mym^3] ,Irregularity [-],Diameter Ratio [-]
171140.5,466.80065585402525,1466.497511121903,869790.6764300799,1052.3553985573144,3306.0719890732175,610219275.9706751,1.0624362297185097,1.0137998430503794
211958.0,519.4933179772148,1632.0363913462045,1077238.2469068798,1171.145736047833,3679.262840650883,841068653.0484233,1.079535873433557,0.9986814683767119
48688.0,248.98089676532535,782.1965561621448,247447.96499967997,561.3025336677495,1763.3839162119393,92595446.47016597,1.173698661484553,1.2237999934244497
31653.0,200.75320996064323,630.684809596926,160870.65470208,452.5780365352741,1421.81583475531,48537683.36080763,1.2090799090304778,1.2821735289344487
