Area [-],Diameter [-],Perimeter [-],Area [mym^2],Diameter [mym],Perimeter [mym],Volume [mym^3] ,Irregularity [-],Diameter Ratio [-]
266040.5,582.0079768363274,1828.4319843596647,1352102.7836940796,1312.0787829798164,4122.017065540428,1182710249.9286335,1.0915309475408865,1.099125640191381
106380.0,368.0315513226096,1156.2052179243651,540657.1335167999,829.690329301691,2606.5490432886886,299051996.7645747,1.0820081845271456,0.9917032576888314
76268.5,311.62167802903855,978.9883743953513,387620.87410816,702.5199109486645,2207.03139123688,181540921.306872,1.0771640551202926,1.011757543602964
