Area [-],Diameter [-],Perimeter [-],Area [mym^2],Diameter [mym],Perimeter [mym],Volume [mym^3] ,Irregularity [-],Diameter Ratio [-]
252740.0,567.2729171539613,1782.1404291113363,1284505.3950464001,1278.8600644318904,4017.6573833885964,1095135101.5147667,1.0595507550961938,0.9926888297549631
1811.0,48.01912968302716,150.85654504397368,9204.08036096,108.25432595741643,340.09099514713427,664254.3436890793,1.081795676083803,1.0821967183660877
169704.5,464.8381227045695,1460.3320313971465,862492.4658291201,1047.9310638251816,3292.172531581727,602555098.1716758,1.0614435986348536,1.0331924577039848
