Area [-],Diameter [-],Perimeter [-],Area [mym^2],Diameter [mym],Perimeter [mym],Volume [mym^3] ,Irregularity [-],Diameter Ratio [-]
93433.5,344.91046229856937,1083.5681745034449,474858.8859225601,777.5661462058948,2442.796092600566,246156129.27895316,1.0807807541438557,1.0910191649530248
211233.0,518.6040963519692,1629.2428192209197,1073553.5653708798,1169.1410748158794,3672.9650116516414,836757046.1934199,1.0689006358135826,1.00066830795248
