Area [-],Diameter [-],Perimeter [-],Area [mym^2],Diameter [mym],Perimeter [mym],Volume [mym^3] ,Irregularity [-],Diameter Ratio [-]
32222.5,202.5511323844643,636.3331494753266,163765.03557759998,456.6312728475363,1434.5494521771764,49853491.09581437,1.124876215779686,1.0751203567195053
47489.5,245.8973553328716,772.5093250509084,241356.80524672003,554.3509978624257,1741.5450223947678,89197590.5529376,1.0664213151298036,1.0294711211169272
