Area [-],Diameter [-],Perimeter [-],Area [mym^2],Diameter [mym],Perimeter [mym],Volume [mym^3] ,Irregularity [-],Diameter Ratio [-]
130441.0,407.532378412807,1280.30072612165,662942.8196377599,918.7409938938322,2886.3099569686483,406048496.67251676,1.0569123461078787,1.0207777885530749
225534.0,535.8720066231303,1683.4915592716472,1146235.8145382402,1208.069851731185,3795.2633712220018,923155287.0121241,1.0850981155924089,1.0170339059776436
183613.5,483.5121189248826,1518.9981207360456,933182.44580736,1090.0297209042553,3424.4293633873413,678131067.304098,1.0578220056136372,1.007245952971991
