Area [-],Diameter [-],Perimeter [-],Area [mym^2],Diameter [mym],Perimeter [mym],Volume [mym^3] ,Irregularity [-],Diameter Ratio [-]
218808.0,527.8209907766187,1658.1985470343113,1112052.1345228795,1189.9196416068091,3738.242804434151,882168451.5730346,1.093827370291274,1.0040544195777223
243123.0,556.3756085906776,1747.9055245850232,1235628.72976128,1254.2931720068236,3940.4782146244756,1033227119.2500253,1.0859095072300184,1.0051637554852666
