Area [-],Diameter [-],Perimeter [-],Area [mym^2],Diameter [mym],Perimeter [mym],Volume [mym^3] ,Irregularity [-],Diameter Ratio [-]
42394.5,232.33242106790618,729.8938272176646,215462.38810752003,523.7702100554877,1645.472644079503,75235186.85208853,1.0935003712071112,1.1209645221708728
