Area [-],Diameter [-],Perimeter [-],Area [mym^2],Diameter [mym],Perimeter [mym],Volume [mym^3] ,Irregularity [-],Diameter Ratio [-]
3347.0,65.2804163300801,205.0844763658628,17010.522897919996,147.16817057453258,462.34244351920114,1668938.3569353884,1.0849659144650345,1.169036791205234
128938.5,405.1784755374288,1272.905722141098,655306.6347993601,913.4343552515795,2869.6386599948914,399053062.3000238,1.210462979767879,1.0754182525294298
