Area [-],Diameter [-],Perimeter [-],Area [mym^2],Diameter [mym],Perimeter [mym],Volume [mym^3] ,Irregularity [-],Diameter Ratio [-]
19749.5,158.5744127807103,498.1762102391949,100373.26620032,357.4901561728333,1123.0884483632408,23921636.406353176,1.0751808166516954,1.0972766472773983
