Area [-],Diameter [-],Perimeter [-],Area [mym^2],Diameter [mym],Perimeter [mym],Volume [mym^3] ,Irregularity [-],Diameter Ratio [-]
1275.5,40.299094770350614,126.60334007685233,6482.49834368,90.85027925027842,285.4145698692559,392624.5231751969,1.169991963535451,1.2655371117051095
149484.5,436.26778098429804,1370.5756557381915,759727.96836992,983.5220854510015,3089.825758296179,498139490.5510909,1.1765890019783896,1.0145391605412775
