Area [-],Diameter [-],Perimeter [-],Area [mym^2],Diameter [mym],Perimeter [mym],Volume [mym^3] ,Irregularity [-],Diameter Ratio [-]
156273.5,446.0645693105096,1401.3531739725922,794231.83450496,1005.6079650536129,3159.2105954038116,532457239.2515538,1.056105522717504,1.0002777103202878
151435.0,439.1048057775835,1379.4884319868293,769641.0322815998,989.9178741449842,3109.918721071108,507920943.02063507,1.1378676864661896,1.1271333881749703
