Area [-],Diameter [-],Perimeter [-],Area [mym^2],Diameter [mym],Perimeter [mym],Volume [mym^3] ,Irregularity [-],Diameter Ratio [-]
43271.0,234.7218531373575,737.4004494533046,219917.04102655995,529.1569457128587,1662.39557324753,77580419.82654928,1.1281806462423623,1.0515705965249544
18530.5,153.60262166940686,482.55686780874095,94177.91890048001,346.28175029151083,1087.8762027880257,21741396.397113454,1.2213474894434053,1.2170057397791727
4624.0,76.72978336249486,241.05372372315017,23500.64472064,172.9796236124084,543.4315147614698,2710088.4522834932,1.130249253779863,1.1988755835731493
