Area [-],Diameter [-],Perimeter [-],Area [mym^2],Diameter [mym],Perimeter [mym],Volume [mym^3] ,Irregularity [-],Diameter Ratio [-]
2440.5,55.74352975,175.1234635,12403.4004,125.6682135,394.7983362,1039142.113,1.096746327,1.19678377
2461,55.9771607,175.8574368,12507.58794,126.1949111,396.4530055,1052262.632,1.170399037,1.374549027
5261,81.84444541,257.1219084,26738.08215,184.5101177,579.6556304,3288964.457,1.086174337,1.075896407
1450,42.96739857,134.9860637,7369.363072,96.86570334,304.312582,475892.3581,1.078178739,1.034011836
2179,52.67246879,165.475441,11074.37389,118.7448136,373.0478342,876682.9754,1.315133913,1.61660857
5196.5,81.34119064,255.5408869,26410.27255,183.3755802,576.0913755,3228666.035,1.125150118,1.266271113
