Area [-],Diameter [-],Perimeter [-],Area [mym^2],Diameter [mym],Perimeter [mym],Volume [mym^3] ,Irregularity [-],Diameter Ratio [-]
1473.0,43.30683374936218,136.05243075723072,7486.25641728,97.63092600456208,306.7165998991009,487260.0975510944,1.09912849886282,0.9804820828091302
21393.0,165.04064220827345,518.4904691052534,108726.05806847998,372.06762379433167,1168.8849135508833,26968964.046709243,1.0740825837723251,1.1139213829708612
1939.0,49.68713593317168,156.0967412255696,9854.617239039999,112.01467924774224,351.90449341892406,735907.8594268911,1.1382764173774187,1.1108040681540863
28332.0,189.9300470737493,596.6828405828544,143992.27210751997,428.1782981230604,1345.1617958099869,41102910.675913684,1.057964249755245,1.0530192725237442
1737.5,47.03460118867115,147.763557558855,8830.529888,106.03480491974022,333.11816416068274,624229.0093413435,1.143403152402497,1.2607308690669867
