Area [-],Diameter [-],Perimeter [-],Area [mym^2],Diameter [mym],Perimeter [mym],Volume [mym^3] ,Irregularity [-],Diameter Ratio [-]
69842.5,298.2050182394079,936.8386945645341,354961.88990079996,672.2733931189211,2112.0091530262857,159087622.76767716,1.0578303119396535,1.0502841771615827
127051.5,402.2026777856154,1263.5569777854319,645716.29816704,906.7257167998913,2848.562850719478,390325048.86992115,1.1348345037796572,1.1663023674665132
9229.0,108.40077379041543,340.5510745834181,46904.72537344,244.37870443311255,767.7383425408577,7641677.345701472,1.183015493334932,1.4794248991531411
