Area [-],Diameter [-],Perimeter [-],Area [mym^2],Diameter [mym],Perimeter [mym],Volume [mym^3] ,Irregularity [-],Diameter Ratio [-]
1417.0,42.47564519686223,133.44117490694896,7201.646533120001,95.75709453180622,300.82978471022574,459739.1652377509,1.133053259182887,1.18374216964356
28144.5,189.30052923010751,594.7051519499656,143039.33722752,426.7591130963544,1340.7032945560027,40695560.46207119,1.0614125025829395,1.0603836488438112
