Area [-],Diameter [-],Perimeter [-],Area [mym^2],Diameter [mym],Perimeter [mym],Volume [mym^3] ,Irregularity [-],Diameter Ratio [-]
54291,262.9171887,825.9787086,275924.2004,592.7205102,1862.086401,109030621.9,1.05579362,1.013928473
2093,51.62257614,162.177106,10637.29442,116.3779356,365.6120677,825297.577,1.171709065,1.349022164
7608,98.42157516,309.2004975,38666.28569,221.881599,697.0616015,5719558.199,1.164720088,1.414626174
55635.5,266.1528108,836.1437151,282757.3788,600.0148966,1885.002391,113105759.6,1.060982822,1.055221349
59233,274.6230106,862.7536326,301041.0227,619.1101151,1944.991789,124251694.8,1.0603354,1.005014108
8699.5,105.2451777,330.6374769,44213.63727,237.2647285,745.389128,6993557.762,1.121577538,1.30172235
8632.5,104.8391166,329.3617985,43873.12188,236.3493045,742.5132386,6912921.227,1.104147464,1.211379913
7421,97.20447861,305.3768759,37715.89197,219.1377766,688.441629,5509984.472,1.104275962,1.196524429
50784.5,254.2849458,798.8597176,258103.0475,573.2599818,1800.949347,98640098.89,1.083390795,1.124124114
