Area [-],Diameter [-],Perimeter [-],Area [mym^2],Diameter [mym],Perimeter [mym],Volume [mym^3] ,Irregularity [-],Diameter Ratio [-]
14916.5,137.81247283552406,432.9506522331253,75810.41673344,310.68443876040544,976.0439503943577,15702077.850014172,1.0617569861006357,1.0266223811788746
43815.5,236.19404580205557,742.0254791133889,222684.36391808002,532.4758568561541,1672.822240113224,79049364.9904982,1.0659903272318976,1.0586386410701878
