Area [-],Diameter [-],Perimeter [-],Area [mym^2],Diameter [mym],Perimeter [mym],Volume [mym^3] ,Irregularity [-],Diameter Ratio [-]
1096.0,37.355997390375464,117.35732696912304,5570.222018560001,84.21536051686245,264.570357919191,312732.17030133045,1.1831627038226946,1.093735747294125
2336.5,54.542865677132404,171.35146611701404,11874.839184640003,122.9614363825273,386.29474521419644,973431.5219699027,1.1712384873112553,1.3198664035295606
1566.5,44.660158383369314,140.30402548534965,7961.4532774399995,100.68186105946778,316.30139505417225,534382.6218071056,1.196857177833257,1.2864118909296105
1285.0,40.44889139376608,127.07394004850693,6530.780377599998,91.18798075810625,286.475490445354,397019.11693867104,1.4351292719149085,1.4120287576675588
3629.5,67.97957728330086,213.56414058735754,18446.278117120004,153.25315902747346,481.4589985401389,1884633.595831997,1.2501054812038934,1.1161594152143939
45907.5,241.76692164133928,759.5331849094506,233316.5760192,545.0393481482353,1712.2916120598654,84777809.6704553,1.0551138780345335,1.0092364925007131
2613.5,57.68545354043208,181.22419706161674,13282.641647360002,130.0460864615501,408.55182985570883,1151570.3760735767,1.5526608931390578,1.5123786532077388
2228.5,53.26738519434111,167.34442600247974,11325.94869376,120.08599318212259,377.26127397999034,906725.1984132892,1.5376720619326878,1.623695633573946
1705.0,46.59263271992099,146.3750726643112,8665.3545088,105.03843120378988,329.9879638144232,606796.8289526928,1.2148473883667381,1.166816470671062
