Area [-],Diameter [-],Perimeter [-],Area [mym^2],Diameter [mym],Perimeter [mym],Volume [mym^3] ,Irregularity [-],Diameter Ratio [-]
3582.0,67.53328104898615,212.1620596163097,18204.867947519997,152.24702879683437,478.29814719900855,1847758.036432429,1.596863915343627,1.692497305992366
111333.5,376.50260935851725,1182.8178316181054,565832.40246656,848.7874825378412,2666.544519599857,320180973.61862,1.0562277563709876,1.0013238374097546
2184.0,52.732866086546025,165.66518470022734,11099.78548224,118.88097330550936,373.4755923881925,879702.201074036,1.1187510149134943,1.246668484011195
1330.0,41.151046092387084,129.27982409137823,6759.4847488,92.77091831067744,291.44843543160306,418055.73830212984,1.265000978569086,1.3770732086628275
