Area [-],Diameter [-],Perimeter [-],Area [mym^2],Diameter [mym],Perimeter [mym],Volume [mym^3] ,Irregularity [-],Diameter Ratio [-]
46176.5,242.47421685091228,761.7552183437645,234683.71992703996,546.6338744686966,1717.3009642341824,85524047.39896287,1.056386215877476,1.014842479220284
1468.5,43.24063218135908,135.8444523975361,7463.385980160002,97.48168118965592,306.24773348500537,485028.9418088699,1.2716920272300647,1.36831984388032
1762.5,47.371771104696144,148.82280809005064,8957.587872,106.79492077842698,335.5061385582102,637749.9247706922,1.2135920158581965,1.4359750438920162
2921.5,60.98991170631236,191.60545855964105,14847.996010239998,137.49565695071058,431.95534577685476,1361023.3105529852,1.6604395201062838,1.9643086156624767
1256.0,39.989859566987285,125.63184903373475,6383.393116159999,90.15313940781613,283.2244404616516,383655.28633071086,1.1914274964331606,1.174233284944641
39096.5,223.1125497607391,700.9287472520251,198700.89885824,502.98493218061026,1580.1737678049656,66629038.75762542,1.0556538926953472,1.014170516918597
94164.5,346.25707950916217,1087.7986972394408,478574.06137471995,780.6019600454551,2452.3333830565953,249050566.89068028,1.0714313711673933,1.096504261571939
50882.5,254.53017725799612,799.6301349906284,258601.11483520002,573.8128316104264,1802.6861763228726,98925758.64079945,1.0848481398636545,1.164952490738615
2387.0,55.12914649514206,173.1933216278138,12131.496312320003,124.28314785864826,390.4470242777434,1005160.3666204754,1.2720389787932154,1.266005873106301
