Area [-],Diameter [-],Perimeter [-],Area [mym^2],Diameter [mym],Perimeter [mym],Volume [mym^3] ,Irregularity [-],Diameter Ratio [-]
20255.0,160.59099283151195,504.5114833121691,102942.3786368,362.03633423936054,1137.370687978954,24845920.933031555,1.079095956180676,1.0920238010195262
11036.0,118.53890338491097,372.40094803862655,56088.476456959994,267.23410379094327,839.5406972582797,9992502.492650084,1.0842853301122004,1.1589620910429452
7696.5,98.99236413003874,310.99368391241546,39116.07095424,223.16838569475934,701.1041610121495,5819646.939719603,1.0760172125674954,1.1111968177212272
