Area [-],Diameter [-],Perimeter [-],Area [mym^2],Diameter [mym],Perimeter [mym],Volume [mym^3] ,Irregularity [-],Diameter Ratio [-]
7859.5,100.03512484045797,314.26961329972056,39944.48900992,225.51918544032844,708.4894162228901,6005499.082898206,1.0762495693012355,1.1330975609818548
8749.0,105.54417452843117,331.5768033277183,44465.21208064,237.93878705689522,747.5067454220082,7053332.419130057,1.0717350404691475,1.1188183819793187
9940.5,112.50172307320402,353.43458672297106,50520.79559808,253.62388449623114,796.782932308266,8542186.951616764,1.0705649236206929,1.1124976091946561
7126.0,95.25284770432204,299.2456465814055,36216.60775935999,214.7380198646236,674.6193856531205,5184721.757639151,1.060066694287126,1.0539170009139749
9535.5,110.18609566920023,346.15982868210153,48462.456257280006,248.403534076645,780.3827177809297,8025496.936228782,1.0749092463825531,1.1019306379354907
12751.0,127.41694328038976,400.2921329525398,64804.65415935999,287.24875693131065,902.4185845282057,12410037.567093099,1.059556248575502,1.0389137442400114
