Area [-],Diameter [-],Perimeter [-],Area [mym^2],Diameter [mym],Perimeter [mym],Volume [mym^3] ,Irregularity [-],Diameter Ratio [-]
8466.5,103.82621347954598,326.1796695173872,43029.45686144,234.06581566828845,735.3394469599976,6714483.278690923,1.0776939579646578,1.1392280108063197
20124.0,160.0708361890148,502.8773630253841,102276.59480064,360.863693104515,1133.686727204426,24605273.145275325,1.0629996022381936,1.01205193811012
8794.5,105.81826485145837,332.4378834729606,44696.457611519996,238.55669628112773,749.4479645014424,7108426.175515783,1.0586888038093263,1.0221916777264795
9421.5,109.52545992015891,344.08438026621457,47883.07185023999,246.91419684400623,775.7038268721541,7882006.8188839005,1.0623738397564852,1.103992123331838
