Area [-],Diameter [-],Perimeter [-],Area [mym^2],Diameter [mym],Perimeter [mym],Volume [mym^3] ,Irregularity [-],Diameter Ratio [-]
6947.0,94.04889748038079,295.4633254025839,35306.87259392,212.02383447977044,666.092520787585,4990599.007234424,1.0834090663383151,1.1117672683154605
12889.5,128.10706893791567,402.46022664827706,65508.55539071998,288.80457621363706,907.3063349558757,12612780.385322968,1.0729768718349324,1.0894028904000252
13115.5,129.22528099785285,405.9731934409312,66657.15956608001,291.32547348155947,915.2259672932353,12945952.381016081,1.0876241372520417,1.0955427763586716
