Area [-],Diameter [-],Perimeter [-],Area [mym^2],Diameter [mym],Perimeter [mym],Volume [mym^3] ,Irregularity [-],Diameter Ratio [-]
1799.5,47.866424148362334,150.37680645810818,9145.633688319998,107.91006660006805,339.0094724791591,657937.2936042914,1.0868604181825896,1.1488510204527764
46069.5,242.19312377971548,760.8721384163176,234139.91175552,546.0001782489906,1715.3101488457462,85226955.70247789,1.1041338468284845,1.1656490920072249
7939.0,100.53978687888919,315.85505585220176,40348.53339904,226.6568955397678,712.0636379132036,6096848.879872695,1.0617606795250703,1.0479324939672843
8603.5,104.66287031764881,328.8081044935467,43725.734613759996,235.95197484410747,741.2649907702516,6878115.622417346,1.0596866125322362,1.0742107212975378
8270.0,102.61428280195597,322.3722770040103,42030.7811072,231.33363914872953,726.7560612778409,6482089.033194829,1.062100995337031,1.0719755281269991
