Area [-],Diameter [-],Perimeter [-],Area [mym^2],Diameter [mym],Perimeter [mym],Volume [mym^3] ,Irregularity [-],Diameter Ratio [-]
2856.0,60.30233942197952,189.44538652236903,14515.104092160002,135.94559399291063,427.08567937602874,1315509.6317850796,1.0707719834931928,1.0613186920020672
32886.5,204.62744754292598,642.856085923687,167139.69563263995,461.3121177407723,1449.25476010636,51402377.967227496,1.0707531538429422,1.047724118914412
5154.5,81.01180922147954,254.50610470421796,26196.81514112,182.63302270890347,573.758562445189,3189602.3563794103,1.0603478655678986,1.028854509427197
5632.5,84.68483769672588,266.045263978478,28626.163795200006,190.91349810349882,599.7724431130808,3643414.0449502417,1.0843734528240776,1.132455854180243
7920.5,100.42257621707809,315.4868276981336,40254.510490880006,226.39265582378084,711.2335043626724,6075550.359277715,1.1411935265872848,1.1279335873461038
