Area [-],Diameter [-],Perimeter [-],Area [mym^2],Diameter [mym],Perimeter [mym],Volume [mym^3] ,Irregularity [-],Diameter Ratio [-]
21610.0,165.87557554301617,521.1134895359183,109828.92136959996,373.9498975041756,1174.7982508097743,27380342.592770714,1.066973493725513,1.0469685083999207
14365.0,135.24084464436257,424.87164400000796,73007.5176064,304.88696016625096,957.8306342336178,14839360.074866226,1.2778014028111637,1.449914162266885
