Area [-],Diameter [-],Perimeter [-],Area [mym^2],Diameter [mym],Perimeter [mym],Volume [mym^3] ,Irregularity [-],Diameter Ratio [-]
1895.0,49.120147976905905,154.31549602749112,9630.9951872,110.73646159913667,347.88885424437603,711001.552472562,1.1071656229504938,1.1492510509107285
11552.0,121.27845324203554,381.0074977439121,58710.95324672001,273.41014498884493,858.9433029138754,10701446.826412676,1.1057619761916382,1.2176368267758386
5026.5,79.99961607164934,251.3262061406975,25546.278263040003,180.3511344719263,566.5897991235885,3071533.5108498503,1.0663716466112587,1.0518263750340395
