Area [-],Diameter [-],Perimeter [-],Area [mym^2],Diameter [mym],Perimeter [mym],Volume [mym^3] ,Irregularity [-],Diameter Ratio [-]
7017.0,94.52154191191887,296.94818167646406,35662.63494911999,213.0893640862299,669.4399807714206,5066218.801964891,1.0687470013836986,1.0537281141301016
8829.0,106.02561926471711,333.0893065743437,44871.79762944,239.02415607037824,750.9165327412004,7150295.706491795,1.0823945546755456,1.1292326637520929
