Area [-],Diameter [-],Perimeter [-],Area [mym^2],Diameter [mym],Perimeter [mym],Volume [mym^3] ,Irregularity [-],Diameter Ratio [-]
14651.0,136.5804984978268,429.08029070440443,74461.06094335999,307.90707581350074,967.3186073640094,15284725.024693897,1.0770292664032994,1.1311657222067797
24887.0,178.00874290276866,559.2309589780922,126483.68191231997,401.30291000000165,1260.7302739202112,33838846.412619054,1.0725680695290478,1.0947412847238862
10699.5,116.71772148604458,366.67953636429723,54378.27599231999,263.1284313181389,826.6423467796716,9538980.306429315,1.0614257405127019,1.0783709953437806
7156.0,95.45314128997968,299.87488743866874,36369.077340159994,215.1895617241302,676.0379462417347,5217497.208760016,1.0649857394223439,1.1037761623524405
9098.5,107.63164031906639,338.13477052019795,46241.482696959996,242.64476993530326,762.2910266607342,7480169.286980775,1.0724556848491054,1.1242047379497706
