Area [-],Diameter [-],Perimeter [-],Area [mym^2],Diameter [mym],Perimeter [mym],Volume [mym^3] ,Irregularity [-],Diameter Ratio [-]
9495.5,109.95474567763202,345.4330212481828,48259.163482879994,247.88197865565363,778.7442031019033,7975051.288268638,1.0607947818649366,1.0727408004775758
5700.0,85.19075891779828,267.6346623698942,28969.220351999997,192.05404690428443,603.3555828466896,3709104.0028423723,1.0795913729165332,1.1040932319313723
