Area [-],Diameter [-],Perimeter [-],Area [mym^2],Diameter [mym],Perimeter [mym],Volume [mym^3] ,Irregularity [-],Diameter Ratio [-]
5933.0,86.91449947456248,273.0499530397194,30153.400762879995,195.94004761545364,615.5638141327435,3938839.187497709,1.0587008155522903,1.0370973139147364
4509.0,75.76963182707732,238.0373187131495,22916.17799424,170.8150579909631,536.6313313069242,2609618.848678225,1.0625899920036126,1.091881920156064
17130.5,147.68625535602732,463.97005486268165,87062.67179648,332.94389407462796,1045.9740916824294,19324656.650974225,1.0899159856232814,1.158319097780633
