Area [-],Diameter [-],Perimeter [-],Area [mym^2],Diameter [mym],Perimeter [mym],Volume [mym^3] ,Irregularity [-],Diameter Ratio [-]
9000.0,107.04744696916627,336.2994729838757,45740.874240000005,241.32776444728844,758.1535318948495,7359028.616135843,1.0790299321148271,1.125489822353792
11799.0,122.56815813387335,385.05922515740855,59966.28612863998,276.31765569700406,868.0775171948618,11046495.735947715,1.0849990276362564,1.1456896001776966
6316.5,89.67952711917953,281.736543575021,32102.470237440004,202.17352593747833,635.1468638355274,4326846.399470801,1.060691536721369,1.0704784367609441
8195.5,102.15103860890024,320.9169524502883,41652.148314879996,230.28930143990468,723.4751776039299,6394696.0926033445,1.1042566266264267,1.2245792379513403
4759.5,77.84589657243988,244.560096784088,24189.29899392,175.49578923290846,551.336282190048,2830080.078619193,1.0845497355219285,1.1426940204172114
5763.0,85.66025622369304,269.1096316569734,29289.40647168,193.1124816306936,606.6807536074808,3770766.646157481,1.0711239843721008,1.0753390121443407
