Area [-],Diameter [-],Perimeter [-],Area [mym^2],Diameter [mym],Perimeter [mym],Volume [mym^3] ,Irregularity [-],Diameter Ratio [-]
7532,97.92875089,307.6522444,38280.02942,220.770576,693.5712197,5634069.43,1.06964345,1.102842618
6981,94.27876358,296.185471,35479.67145,212.5420446,667.7205259,5027281.275,1.078930334,1.124215172
1282.5,40.40952507,126.9502671,6518.074579,91.09923331,286.1966821,395861.0646,1.16567502,1.389082403
3731.5,68.92817538,216.5442494,18964.67469,155.3916786,488.1773558,1964635.089,1.065340837,1.027156205
7028,94.5955999,297.1808417,35718.54046,213.2563204,669.9644895,5078136.34,1.166269416,1.03598899
7753,99.35505116,312.1330988,39403.222,223.9860273,703.672858,5883847.44,1.06801387,1.074662115
6416,90.38310085,283.9468856,32608.16101,203.7596626,640.129859,4429485.256,1.372752809,1.288180759
