Area [-],Diameter [-],Perimeter [-],Area [mym^2],Diameter [mym],Perimeter [mym],Volume [mym^3] ,Irregularity [-],Diameter Ratio [-]
6673.0,92.17552539594088,289.57795342466727,33914.317089280004,207.80050445260912,652.8245382005699,4698274.7995454185,1.0766168348703766,1.0640102788744454
7530.0,97.91574833424792,307.6113956376203,38269.86478079999,220.7412630447285,693.4791303254511,5631825.525509842,1.1144526089793345,1.0705543181821484
5674.5,84.99998703882066,267.03533483638665,28839.62120832,191.6239707803173,602.00445885515,3684241.8211590205,1.1333127770336426,1.2795588929816464
7472.0,97.53792020676438,306.42441356799844,37975.09025792,219.8894873141296,690.8031979476956,5566882.085014551,1.0977973731207806,1.1340154895104135
1183.5,38.81853940057592,121.95203820393525,6014.9249625600005,87.51251522465836,274.9286749269516,350920.80824080645,1.1546439421195358,1.3575573833828682
4590.0,76.44716809885372,240.16586168710285,23327.8458624,172.34249576205582,541.4299185874046,2680252.7844523755,1.0686439780477432,1.1118789892921426
6940.0,94.00150233087783,295.3144291490896,35271.296358399995,211.91698685473096,665.7568490737076,4983057.897821582,1.0748589384257137,1.0563340689109462
