Area [-],Diameter [-],Perimeter [-],Area [mym^2],Diameter [mym],Perimeter [mym],Volume [mym^3] ,Irregularity [-],Diameter Ratio [-]
6097.5,88.11116912186931,276.80940161247247,30989.442297600002,198.63781966834216,624.0391149951579,4103783.5004887762,1.0892760769445307,1.105537850816781
5310.0,82.22470421074019,258.3165266920551,26987.1158016,185.36737317269268,582.348777774569,3335020.5104332394,1.1628830726464836,1.1892589878491349
6927.5,93.91680864548604,295.0483560892573,35207.76736640001,211.72605341038374,665.1570139676218,4969601.089252516,1.1115068375289736,1.075873223421496
8077.0,101.40984075929667,318.58841073111716,41049.893470719995,228.61834500775842,718.2257131522306,6256505.805347197,1.1042111797816212,1.0629146810393775
10563.5,115.9735570326697,364.341674784512,53687.08055936001,261.4507869744506,821.3718716342039,9357686.3084036,1.5513665406640105,1.4097104540488714
5743.5,85.51521107490998,268.6539588831177,29190.301244159993,192.78549184727706,605.6534849061005,3751644.3883503787,1.0976739135542684,1.19478575060002
