Area [-],Diameter [-],Perimeter [-],Area [mym^2],Diameter [mym],Perimeter [mym],Volume [mym^3] ,Irregularity [-],Diameter Ratio [-]
6297.0,89.54099292054629,281.3013255543239,32003.36500992,201.86121444007955,634.1657083296677,4306825.418047734,1.176742883217651,1.1305710277571546
17795.0,150.5234124598636,472.88324677717384,90439.87301119999,339.3399810495165,1066.0679915344606,20459909.86249419,1.2065524434605872,1.2310188952592398
7392.0,97.01436344522558,304.77961149221085,37568.50470912,218.70918095091656,687.0951561480402,5477717.929654858,1.2831508185699625,1.4317841251074785
7103.5,95.10235068612252,298.77284625464273,36102.25557376,214.3987393867946,673.5535045964665,5160185.389356015,1.1721552180346315,1.3565260863620618
1611.5,45.29708077062709,142.30497617806554,8190.157648639998,102.1177388893017,320.81233829583095,557573.5868173576,1.1649750349692651,1.3648336255142917
