Area [-],Diameter [-],Perimeter [-],Area [mym^2],Diameter [mym],Perimeter [mym],Volume [mym^3] ,Irregularity [-],Diameter Ratio [-]
7536.5,97.95800033124684,307.7441342009916,38302.899856640004,220.83651594676286,693.7783761427154,5639119.303332094,1.065652367497948,1.0466778767946372
20752.5,162.5512339298489,510.6697623459692,105470.83251839996,366.45550177145134,1151.253912232753,25766911.235188648,1.4192471163467817,1.2033491919262207
3833.5,69.86389478652222,219.48389861250845,19483.071266560008,157.5011644067357,494.8045010320391,2045737.6071350772,1.0808883466446664,1.1135638115507709
13267.0,129.9694927281068,408.3112035454123,67427.13094912,293.00322440624393,920.4967772727775,13170911.187036132,1.130624742813641,1.1233405388865267
5861.5,86.38919834947629,271.39967088422617,29790.014928639997,194.75580875905933,611.8434180413994,3867852.3002478234,1.107195231773216,1.211784295405187
10715.5,116.80495854889739,366.95359968007637,54459.59310207998,263.32509855263424,827.260195118764,9560385.14716105,1.087497066066516,1.16532342890725
9282.0,108.71158840819032,341.52752750324805,47174.08829951999,245.07940490742425,769.9396580033223,7707598.324997763,1.1009065596921896,1.0621277190534077
