Area [-],Diameter [-],Perimeter [-],Area [mym^2],Diameter [mym],Perimeter [mym],Volume [mym^3] ,Irregularity [-],Diameter Ratio [-]
1447.0,42.92292652221864,134.84635063277656,7354.116113919998,96.7654455516897,303.9976128665315,474416.21493488626,1.1682860028882411,1.3838451910909455
4349.0,74.41316268008786,233.7758452061462,22103.006896639996,167.7570339459901,527.024265432736,2471956.5855120593,1.2002648369989481,1.2208890043787708
6098.0,88.11478164187336,276.82075067877815,30991.983457280006,198.64596373343932,624.0647003302374,4104288.281254797,1.0980589763758322,1.1847298486007243
9147.5,107.92107641913557,339.04406084585895,46490.516345599994,243.29727467929922,764.3409307709044,7540677.28354526,1.110279134472294,1.183873549784757
8128.5,101.73262819459532,319.6024773665225,41311.632917760006,229.3460370018957,720.5118249750884,6316439.527843545,1.0902091538681218,1.098992451950331
18040.0,151.55606681034692,476.12742609834976,91685.0412544,341.6679970172461,1073.3816693961196,20883896.26788962,1.5570461465576406,1.5436137641026926
