Area [-],Diameter [-],Perimeter [-],Area [mym^2],Diameter [mym],Perimeter [mym],Volume [mym^3] ,Irregularity [-],Diameter Ratio [-]
8305.5,102.834289217157,323.06344754174853,42211.20344448,231.82962161115876,728.3142361381178,6523871.548190293,1.123367036458163,1.2105051596188485
1014.0,35.93139154501889,112.88179571108975,5153.4718310399985,81.00372909909058,254.4807202510807,278300.29074757226,1.2612089501618904,1.5192813579921638
13845.0,132.77048428343676,417.110778038404,70364.7115392,299.31777976857984,940.334538009778,14040939.487979943,1.1668376792878326,1.2881095891377734
6640.5,91.9507868199824,288.8719163654579,33749.14171008,207.29385380696831,651.2328482542882,4663993.098506654,1.1758290619077685,1.0897373795052798
16150.0,143.3974150655195,450.49626571360244,82079.457664,323.27513252370716,1015.5987814247452,17689498.36920241,1.0993314845367927,1.0101955880374045
5175.5,81.17666699105621,255.02402066200725,26303.54384768,183.00467806463712,574.9261521804291,3209114.3825358297,1.1214909855800292,1.2514238625127088
4652.5,76.96588193401246,241.79544926095292,23645.490822400003,173.5118842320377,545.1036608138922,2735182.444123986,1.1440850426882172,1.0558032217510311
3682.5,68.474116449117,215.117781197598,18715.641043199998,154.36804812288938,484.9615259318649,1926064.6514716137,1.0803809890386467,1.0660962679853805
