Area [-],Diameter [-],Perimeter [-],Area [mym^2],Diameter [mym],Perimeter [mym],Volume [mym^3] ,Irregularity [-],Diameter Ratio [-]
2125.0,52.01570947860099,163.41217076923382,10799.928639999998,117.26421544855806,368.39639778216076,844296.7725800084,1.134175579742712,1.2769358262574684
10146.5,113.66144922820283,357.0779738916913,51567.75338624,256.23837114006045,804.9965843414287,8809091.420694983,1.1370948509297452,1.0419504304356493
7869.0,100.09556422499948,314.4594892261837,39992.77104384,225.65543998883882,708.9174725115084,6016390.897513739,1.0925524621442324,1.1720847860186467
5321.0,82.30982698035395,258.5839477597269,27043.021314560003,185.55927394450993,582.9516518295283,3345388.933597107,1.103008697262165,1.0649257517093162
1440.5,42.82641199296296,134.54314129670226,7321.0810380799985,96.5478631969357,303.31405773928554,471223.15367881843,1.1107113845548708,1.2160000600615597
