Area [-],Diameter [-],Perimeter [-],Area [mym^2],Diameter [mym],Perimeter [mym],Volume [mym^3] ,Irregularity [-],Diameter Ratio [-]
5038.5,80.0950525697319,251.62602874195804,25607.266095360003,180.5662865132036,567.2657191958702,3082539.2977297455,1.1942024559628914,1.1497175196993856
6452.0,90.63631470128996,284.7423804140251,32791.12451072001,204.3305078625881,641.9232224053782,4466818.083107186,1.091284906976354,1.2098548404026903
7382.0,96.94872004949302,304.57338668242073,37517.681515519995,218.56119447957707,686.6302429368494,5466606.1907576,1.0868294715155027,1.0425126466036447
27760.5,188.00469776476461,590.6341773381539,141087.72659327998,423.8377906408853,1331.5256893911342,39865540.21722738,1.3107327444326302,1.0650111350310272
8698.0,105.23610388125572,330.60897084576527,44206.01379328,237.2442725899029,745.3248638746933,6991749.057657286,1.1071955170825412,1.2183895276017445
