Area [-],Diameter [-],Perimeter [-],Area [mym^2],Diameter [mym],Perimeter [mym],Volume [mym^3] ,Irregularity [-],Diameter Ratio [-]
27755.5,187.98776604847671,590.5809847826512,141062.31499648,423.7996197796859,1331.4057720940089,39854770.30716701,1.3631506586259114,1.3298737745281366
6191.0,88.78415411240562,278.92364631471753,31464.639157759993,200.1549970310072,628.8054682518991,4198536.50480211,1.0895692748226111,1.1041452439514456
29074.0,192.40105645143979,604.4457454907583,147763.35307263996,433.7489416641258,1362.6624886343654,42728132.00800009,1.2043757378034048,1.148103607745265
4030.5,71.63652689134973,225.05278661055198,20484.288180479994,161.49738622385883,507.35900213482836,2205439.333202536,1.2212049070547693,1.1027025662936725
