Area [-],Diameter [-],Perimeter [-],Area [mym^2],Diameter [mym],Perimeter [mym],Volume [mym^3] ,Irregularity [-],Diameter Ratio [-]
1561,44.58168827,140.0575044,7933.500521,100.504958,315.7456378,531570.758,1.06524787,1.051377175
1046,36.49395243,114.6491328,5316.106051,82.27196635,258.4650051,291577.6654,1.076300933,1.041268415
2038.5,50.94603824,160.0516995,10360.30802,114.8527486,360.8205512,793273.2346,1.09096106,1.059945029
