Area [-],Diameter [-],Perimeter [-],Area [mym^2],Diameter [mym],Perimeter [mym],Volume [mym^3] ,Irregularity [-],Diameter Ratio [-]
3240.5,64.2334238906373,201.79525260974523,16469.255886079998,144.80783081905273,454.92721748340966,1589918.1467114405,1.7003365226937106,1.8141299586316064
1447.0,42.92292652221864,134.84635063277656,7354.116113919998,96.7654455516897,303.9976128665315,474416.21493488626,1.1237909166523543,1.2450625112177922
3410.0,65.8919330991807,207.00561295521624,17330.709017600002,148.54677397879297,466.67345384623945,1716280.610219771,1.1142296990491225,1.17110526032346
