Area [-],Diameter [-],Perimeter [-],Area [mym^2],Diameter [mym],Perimeter [mym],Volume [mym^3] ,Irregularity [-],Diameter Ratio [-]
1406.5,42.31797986281961,132.9458546517949,7148.282179839998,95.40165380274053,299.7131347270064,454638.6278702633,1.1567246305055525,1.2282535071931644
