Area [-],Diameter [-],Perimeter [-],Area [mym^2],Diameter [mym],Perimeter [mym],Volume [mym^3] ,Irregularity [-],Diameter Ratio [-]
1161.5,38.45604934480259,120.81324210771838,5903.113936639999,86.69531764292294,272.3613730076403,341181.55854624667,1.0867721210002612,1.1199412449112818
1672.5,46.146431482505335,144.97329013482351,8500.1791296,104.03251513416002,326.8277852799461,589530.0092954554,1.0964317452903072,1.0964323293504068
2966.5,61.457831961897746,193.07547339705394,15076.700381439996,138.55053637490226,435.26934722631836,1392589.94974147,1.0983581271694316,1.1723451206899054
1607.0,45.23379210711176,142.10614897771026,8167.287211519998,101.97506092627275,320.36410225535,555239.7406647467,1.0804536263164501,1.0832609365133485
