Area [-],Diameter [-],Perimeter [-],Area [mym^2],Diameter [mym],Perimeter [mym],Volume [mym^3] ,Irregularity [-],Diameter Ratio [-]
2227.5,53.255432454328776,167.30687536226674,11320.866374399997,120.05904692503879,377.1766198166941,906114.9515174553,1.0873664312188263,1.1158018159125105
2016.5,50.67038130859542,159.18569767367694,10248.49698944,114.2313076220975,358.86823683553723,780466.1415099072,1.0852250521369993,1.089249208395628
1635.0,45.626161964841955,143.33881524024554,8309.592153599999,102.8596195335397,323.1430250776095,569814.3249321218,1.0769415862859064,1.1616142519469441
1597.0,45.09283261164744,141.66331166230583,8116.46401792,101.65728183969799,319.3657698115023,550065.1134743072,1.0662875305067885,1.0644707200674204
2759.5,59.274822004765916,186.21734535301522,14024.660273919999,133.62915872754428,419.8083833638375,1249402.3692290268,1.1673441228367218,1.2883636021246785
1227.5,39.53354956441949,124.19830888190823,6238.547014400001,89.1244341380273,279.9926675433739,370671.3150012531,1.0665848632443002,1.0048576510304204
