Area [-],Diameter [-],Perimeter [-],Area [mym^2],Diameter [mym],Perimeter [mym],Volume [mym^3] ,Irregularity [-],Diameter Ratio [-]
1370.5,41.77289547134051,131.2334215319377,6965.318682880001,94.17281555059004,295.8526255016003,437295.78104929137,1.25171639899966,1.4557567919075678
2357.0,54.78161741807902,172.10152683240372,11979.026731520002,123.49967830731735,387.98568209097095,986270.6318516504,1.2239972863791446,1.1948281822677036
2521.0,56.65542244372859,177.98825893524403,12812.52710656,127.72398435714173,401.2567309436141,1090978.0078224826,2.1162979473576655,1.2424221826815272
