Area [-],Diameter [-],Perimeter [-],Area [mym^2],Diameter [mym],Perimeter [mym],Volume [mym^3] ,Irregularity [-],Diameter Ratio [-]
2297.5,54.08574538664542,169.9153803706133,11676.628729599997,121.93090439965343,383.0572335075106,949161.2675594027,1.4567360441998325,1.4977494789719228
3150.0,63.330123684671285,198.95745131869626,16009.305983999999,142.77143083472293,448.52967825286885,1523781.014671048,1.2303833587722721,1.2294210989774919
