Area [-],Diameter [-],Perimeter [-],Area [mym^2],Diameter [mym],Perimeter [mym],Volume [mym^3] ,Irregularity [-],Diameter Ratio [-]
2199.5,52.919659661084275,166.25201402173448,11178.561432319999,119.30208073994838,374.7985404105982,889083.7590367422,1.3095953802217135,1.1420944755336428
1751.5,47.22371292691456,148.35766960642812,8901.682359039998,106.46113842243618,334.45753036073154,631788.8252122103,1.182538113583447,1.1737394978440436
1433.5,42.72222942892676,134.21584211889396,7285.504802560001,96.31299402457249,302.5761944728346,467792.5203433036,1.5317173508594348,1.598851741548941
