Area [-],Diameter [-],Perimeter [-],Area [mym^2],Diameter [mym],Perimeter [mym],Volume [mym^3] ,Irregularity [-],Diameter Ratio [-]
1761.5,47.3583304,148.7805829,8952.505553,106.76462,335.410946,637207.2359,1.062805962,1.034664854
2063.5,51.25748531,161.0301393,10487.366,115.5548749,363.026346,807910.844,1.088228508,1.158795923
1613.5,45.3251807,142.3932547,8200.322287,102.1810874,321.0113534,558611.8987,1.090616713,1.058189268
