Area [-],Diameter [-],Perimeter [-],Area [mym^2],Diameter [mym],Perimeter [mym],Volume [mym^3] ,Irregularity [-],Diameter Ratio [-]
1305.0,40.76245338395847,128.05902409334033,6632.426764800001,91.89487490879598,288.69626391602645,406324.0185953644,1.171525289030013,1.2581117588964887
1167.0,38.54699143520717,121.09894511083552,5931.0666931199985,86.90033749153103,273.00546185786754,343607.7982112712,1.1414252663634965,1.1373292782637259
1357.0,41.56664603026825,130.5854698030581,6896.707371519999,93.70784681063675,294.39188312401416,430850.3985787902,1.1477712647371685,1.2741666326884835
1603.5,45.18450630451586,141.9513130623487,8149.499093759998,101.86395101290054,320.0150401677589,553426.7843109638,1.125609486466406,1.1096224168295559
1654.0,45.890502361512226,144.16926508847186,8406.156221439998,103.45554852379315,325.01519121545095,579775.6685771811,1.0717240345787549,1.047782375615185
