Area [-],Diameter [-],Perimeter [-],Area [mym^2],Diameter [mym],Perimeter [mym],Volume [mym^3] ,Irregularity [-],Diameter Ratio [-]
2341.0,54.59536403601515,171.51639457560557,11897.709621760001,123.07978868279255,386.6665599312453,976245.0573702991,1.274815753710276,1.43790021246289
1154.0,38.33168969174693,120.42255473527575,5864.99654144,86.41496124107428,271.48060739520565,337882.29920504824,1.084253209988964,1.0174349295224772
1390.5,42.07659191230017,132.1875120397779,7066.965070079999,94.85746880708949,298.0035271424753,446902.94579726964,1.0877104983720058,1.0522274980343367
