Area [-],Diameter [-],Perimeter [-],Area [mym^2],Diameter [mym],Perimeter [mym],Volume [mym^3] ,Irregularity [-],Diameter Ratio [-]
1092.5,37.29630280099041,117.16979088565189,5552.433900799999,84.08078503455278,264.1475765726136,311235.3341544853,1.0581460812365988,0.9920554377046042
1786.5,47.69321174621571,149.83264364801371,9079.563536639998,107.5195765606687,337.7827118400821,650820.5512101469,1.098626892430622,1.0910413656582798
1413.0,42.41565131777166,133.2526985771377,7181.317255679998,95.62184433078443,300.40488367229915,457793.86714173923,1.068402610839122,1.0002535748537567
4767.5,77.91129269576322,244.76554476469386,24229.957548799994,175.6432182533286,551.7994441175258,2837218.481341843,1.4046345050064681,1.2171718020151514
