Area [-],Diameter [-],Perimeter [-],Area [mym^2],Diameter [mym],Perimeter [mym],Volume [mym^3] ,Irregularity [-],Diameter Ratio [-]
1687.0,46.346036637108675,145.60036822214403,8573.872760319999,104.48250499469779,328.24147012000145,597213.1356693584,1.0796398392185154,1.078840902653705
