Area [-],Diameter [-],Perimeter [-],Area [mym^2],Diameter [mym],Perimeter [mym],Volume [mym^3] ,Irregularity [-],Diameter Ratio [-]
1808,47.97934031,150.7315431,9188.833403,108.1646248,339.8091907,662604.4783,1.110173028,1.151881089
1390,42.06902622,132.1637437,7064.42391,94.84041271,297.9499438,446661.9195,1.067265642,1.022129673
3106,62.88626262,197.5630206,15785.68393,141.7707904,445.3860738,1491965.926,1.246734612,1.373549031
