Area [-],Diameter [-],Perimeter [-],Area [mym^2],Diameter [mym],Perimeter [mym],Volume [mym^3] ,Irregularity [-],Diameter Ratio [-]
1619.0,45.402365829615405,142.63573894591602,8228.27504384,102.35509352628497,321.5580098796731,561470.57444816,1.12190946249824,1.1584148797650877
1844.5,48.46122512136902,152.24542882525404,9374.33805952,109.25098591361431,343.2220947436527,682770.4501933854,1.1872429172559695,1.3177074921539407
3191.5,63.74593325869715,200.26375562174823,16220.222237439999,143.70883193840686,451.47461067366925,1553992.7943492497,1.0747705575487843,1.0453188659068688
1953.0,49.86618925552436,156.6592538276736,9925.76971008,112.41833705765411,353.17262182910736,743892.3498829515,1.0844060959145452,1.0031945603620973
