Area [-],Diameter [-],Perimeter [-],Area [mym^2],Diameter [mym],Perimeter [mym],Volume [mym^3] ,Irregularity [-],Diameter Ratio [-]
1747.0,47.16300970731543,148.16696481768625,8878.811921920002,106.32428908417191,334.0276054849919,629355.5770068095,1.1037487619865962,1.1638379084035293
2787.5,59.5747868728816,187.1597127790225,14166.965215999999,134.30539952622428,421.93285648902827,1268466.6156060013,1.126055944027942,1.08291571565475
1475.5,43.34356870698043,136.16783703021417,7498.962215680001,97.71374129301667,306.9767718009148,488501.10260604176,1.0792072542827809,1.0593286664804005
1435.0,42.744575640599805,134.28604481332158,7293.128281599998,96.3633713241682,302.73445942715216,468526.952476409,1.2984784182419729,1.4270816609081214
2127.0,52.04018170271594,163.48905252873038,10810.093278719998,117.31938563060281,368.56972002076975,845489.0013792926,1.069507771839734,1.0054536351750154
3052.0,62.3372047057912,195.8381043490367,15511.238686720004,140.5329942887357,441.4974224444684,1453227.2118480254,1.4387623930536304,1.5019538021543182
1837.5,48.36918092598697,151.9562634572362,9338.761824000001,109.04348147954502,342.5702003379933,678887.401331484,1.0954996688295853,1.1653665304090155
1389.5,42.06145916881045,132.13997112400196,7061.882750719999,94.82335355016627,297.89635090195,446420.9365342288,1.0781600380424596,1.1174124942116033
3438.5,66.16671500514332,207.86886577232778,17475.555119360004,149.1662423075951,468.6195709971357,1737841.9262627922,1.1668476454642203,1.2860091877215667
