Area [-],Diameter [-],Perimeter [-],Area [mym^2],Diameter [mym],Perimeter [mym],Volume [mym^3] ,Irregularity [-],Diameter Ratio [-]
3781.5,69.38843807448052,217.99020729885828,19218.79065984,156.4292947951089,491.43712333454613,2004254.5798223978,1.1911727487625343,1.3831890168277385
2701.0,58.64315825677941,184.23291516280182,13727.344591360003,132.2051359740835,415.3346839430204,1209883.638842566,1.0812180763762433,1.074294118405823
6212.5,88.9381845534706,279.40754721679644,31573.909023999997,200.50224325734413,629.8963744455459,4220426.3918102,1.0904982167036497,1.1672208244392577
