Area [-],Diameter [-],Perimeter [-],Area [mym^2],Diameter [mym],Perimeter [mym],Volume [mym^3] ,Irregularity [-],Diameter Ratio [-]
9244.5,108.4917645321718,340.8369304292646,46983.501323519995,244.5838339613281,768.3827759597341,7660936.591089103,1.1054456211558528,1.1282002549149337
2035.5,50.9085365465206,159.93388441955662,10345.061057279998,114.76820479047603,360.55494903544843,791522.723994593,1.0615745701139334,1.0017966231143929
3363.0,65.4362635619146,205.57408488447638,17091.84000768,147.51951257398028,463.44621696356353,1680919.9379502728,1.05958576865677,1.0391791385774898
7428.0,97.2503127927761,305.52086822909484,37751.468206080004,219.24110516003444,688.7662453356714,5517782.407276589,1.102825069007448,1.2334504845261602
3437.0,66.1522812551068,207.8235208092493,17467.931640320003,149.13370286151277,468.5173453123716,1736704.884568467,1.0932158075891896,1.1747398858091165
4806.5,78.22931593571275,245.7646442389901,24428.16800384,176.3601698454708,554.0518139723793,2872103.9054472786,1.0938740525009403,1.1547735252929114
3303.5,64.854813514747,203.74740568786518,16789.442005759996,146.20869158764563,459.3281513827233,1636508.2320992174,1.0899084315357515,1.1555960855687006
6565.5,91.4300510278689,287.23597662649286,33367.967758080005,206.11990703722765,647.5447857067654,4585201.608211106,1.1611423574683057,1.216021754788471
