Area [-],Diameter [-],Perimeter [-],Area [mym^2],Diameter [mym],Perimeter [mym],Volume [mym^3] ,Irregularity [-],Diameter Ratio [-]
4343,74.36181374,233.6145278,22072.51298,167.6412729,526.6605914,2466842.781,1.083315367,1.101531298
5234,81.63415815,256.4612715,26600.85953,184.0360461,578.1662905,3263678.008,1.071253607,1.152032324
3986,71.23996649,223.8069554,20258.12497,160.6033805,504.5504002,2169015.568,1.064795576,1.089305844
2169.5,52.5575227,165.1143272,11026.09185,118.4856792,372.2337392,870955.9878,1.094710012,1.134869896
5881,86.53277854,271.8507414,29889.12016,195.079496,612.8603113,3887169.663,1.093015533,1.167187761
4330.5,74.25472274,233.2780914,22008.98399,167.3998469,525.9021293,2456200.367,1.078206091,1.142726154
6207,88.89880682,279.2838384,31545.95627,200.4134701,629.6174853,4214823.042,1.108120794,1.20704606
4035,71.67650635,225.1783858,20507.15862,161.5875159,507.6421529,2209133.88,1.067823586,1.098122645
4719.5,77.51808841,243.5302571,23986.00622,174.7567785,549.0146116,2794478.118,1.069067512,1.001805246
