Area [-],Diameter [-],Perimeter [-],Area [mym^2],Diameter [mym],Perimeter [mym],Volume [mym^3] ,Irregularity [-],Diameter Ratio [-]
4885,78.86555126,247.7634365,24827.13007,177.7944988,558.5578912,2942751.432,1.107713048,1.187487489
6716.5,92.4754746,290.5202716,34135.39798,208.4767099,654.9489004,4744290.309,1.169849536,1.296562477
5813.5,86.03474934,270.2861365,29546.0636,193.9567389,609.3330661,3820438.762,1.115565389,1.115828206
5763,85.66025622,269.1096317,29289.40647,193.1124816,606.6807536,3770766.646,1.076752615,1.107708176
6180.5,88.70883274,278.6870172,31411.2748,199.9851925,628.2720117,4187859.893,1.1074594,1.175500906
3960,71.00724327,223.0758338,20125.98467,160.0787292,502.9021598,2147828.033,1.066747151,1.051788915
6325,89.73984689,281.9260437,32145.66995,202.3095108,635.574073,4335583.176,1.092153924,1.166507338
