Area [-],Diameter [-],Perimeter [-],Area [mym^2],Diameter [mym],Perimeter [mym],Volume [mym^3] ,Irregularity [-],Diameter Ratio [-]
31403.0,199.95884932485063,628.1892520592191,159600.07486208,450.78722991794325,1416.1898498423036,47963783.76118228,1.1767317512548903,1.009762052722533
36182.0,214.63539598027083,674.2969832119551,183888.47908351998,483.8740366979225,1520.1351189530315,59319240.45092287,1.1860054620571183,1.011886078817265
47582.5,246.13801136224546,773.2653682648314,241829.46094719993,554.8935328150461,1743.2494462162356,89459735.94916667,1.2469043371172672,1.0128218064848582
