Area [-],Diameter [-],Perimeter [-],Area [mym^2],Diameter [mym],Perimeter [mym],Volume [mym^3] ,Irregularity [-],Diameter Ratio [-]
97603.5,352.52324165160866,1107.484426192353,496052.15765376,794.7283959793865,2496.7128904080405,262817823.71619096,1.325324113938922,1.3081716740969063
46983.5,244.5838305163784,768.3827651371055,238785.15165056006,551.3897875161235,1732.2421057250908,87775796.02040508,1.2095773507800414,1.0366574583622385
51588.5,256.28991055749725,805.1585001966185,262189.23230336,577.7799743608218,1815.1493228432569,100991791.94527926,1.1081629471688335,1.0258774019467516
1828.0,48.243982917830046,151.56294231456636,9290.47979008,108.76123508995606,341.6834971539584,673629.3710315843,1.0976794757380697,1.1071212301147513
73159.0,305.20309935071066,958.8238147730284,371817.4020582399,688.0498671762421,2161.572408024315,170552609.39999157,1.31309161223242,1.164373170026726
