Area [-],Diameter [-],Perimeter [-],Area [mym^2],Diameter [mym],Perimeter [mym],Volume [mym^3] ,Irregularity [-],Diameter Ratio [-]
2403.5,55.31935688139337,173.79088517989737,12215.354581759999,124.7119581534132,391.79417154956064,1015600.5262863716,1.1082869592171314,1.1180607025122038
32738.0,204.16492405783066,641.4030255407988,166384.97120768004,460.26940479597346,1445.978980779177,51054607.77650272,1.2778808521353076,1.0805437411809604
