Area [-],Diameter [-],Perimeter [-],Area [mym^2],Diameter [mym],Perimeter [mym],Volume [mym^3] ,Irregularity [-],Diameter Ratio [-]
1041.5,36.41536744070657,114.4022508294967,5293.23561344,82.09480435832889,257.9084342700174,289698.09473859717,1.1271921364134052,1.2233221523859454
27800.0,188.1384047546846,591.05423023542,141288.478208,424.1392196789609,1332.472656642731,39950656.59784599,1.1760798634678524,1.0174899700512605
27400.0,186.7799869518773,586.7866348456151,139255.55046399997,421.0768025843122,1322.8517895959549,39091521.2876663,1.1538574042191403,1.0778667852871557
1145.5,38.190259209569774,119.97823777147434,5821.79682688,86.0961203620541,270.4789392320117,334156.08022032335,1.1345798452711358,1.2023436633444797
