Area [-],Diameter [-],Perimeter [-],Area [mym^2],Diameter [mym],Perimeter [mym],Volume [mym^3] ,Irregularity [-],Diameter Ratio [-]
25683.5,180.8348635,568.1094786,130531.7493,407.6741162,1280.746009,35476277.02,1.149576574,1.061507339
23922,174.5234551,548.2816045,121579.2437,393.4456772,1236.046049,31889885.26,1.165324466,1.056322793
