Area [-],Diameter [-],Perimeter [-],Area [mym^2],Diameter [mym],Perimeter [mym],Volume [mym^3] ,Irregularity [-],Diameter Ratio [-]
45955.5,241.8932820441212,759.930157822535,233560.52734847998,545.3242150402668,1713.1865477951228,84910807.49380042,1.2553292377367427,1.080547566500627
