Area [-],Diameter [-],Perimeter [-],Area [mym^2],Diameter [mym],Perimeter [mym],Volume [mym^3] ,Irregularity [-],Diameter Ratio [-]
25852.0,181.42708924108723,569.9700107219794,131388.12009471998,409.009229985107,1284.9403921716303,35825969.21942146,1.1794299061201172,1.045388984007422
