Area [-],Diameter [-],Perimeter [-],Area [mym^2],Diameter [mym],Perimeter [mym],Volume [mym^3] ,Irregularity [-],Diameter Ratio [-]
31126.5,199.0765950311564,625.4175684515512,158194.81355904,448.79827583823896,1409.941366317177,47331706.38123255,1.2550154690090316,1.0742376597713763
75329.5,309.6974302204128,972.9431716160864,382848.57622911996,698.1818866888985,2193.403086091305,178198627.51187038,1.3003061750446936,1.1472464774273525
