Area [-],Diameter [-],Perimeter [-],Area [mym^2],Diameter [mym],Perimeter [mym],Volume [mym^3] ,Irregularity [-],Diameter Ratio [-]
18729.0,154.423131147328,485.13457435677884,95186.75929344,348.1315068585362,1093.687384429922,22091673.29720403,1.2641216400463269,1.2007774307596262
