Area [-],Diameter [-],Perimeter [-],Area [mym^2],Diameter [mym],Perimeter [mym],Volume [mym^3] ,Irregularity [-],Diameter Ratio [-]
29452.5,193.64939372823343,608.3675127087355,149687.01095039997,436.56319322092946,1371.5037206505733,43565226.3228019,1.2314809356343714,1.116970022279069
37053.5,217.20492966515366,682.3694113595344,188317.72040576,489.6667934371224,1538.3336009689344,61475289.532318026,1.1677690040723927,1.0121743496419462
