Area [-],Diameter [-],Perimeter [-],Area [mym^2],Diameter [mym],Perimeter [mym],Volume [mym^3] ,Irregularity [-],Diameter Ratio [-]
24775.0,177.6077411624101,557.9711748565051,125914.462144,400.3988916765373,1257.8902165965048,33610674.05900327,1.1123185661480852,1.0265585067156766
26236.0,182.76956173190254,574.1875124367712,133339.73072896004,412.0356999684011,1294.448328037457,36627152.85633678,1.3351164744856703,1.1446107887149093
