Area [-],Diameter [-],Perimeter [-],Area [mym^2],Diameter [mym],Perimeter [mym],Volume [mym^3] ,Irregularity [-],Diameter Ratio [-]
38630.0,221.77746416874584,696.7344521643055,196329.99687680005,499.97511522202063,1570.7181489592103,65440075.20667803,1.2583694404037027,1.0390533355375804
43331.0,234.88453059518275,737.9115157597131,220221.98018816006,529.52368577378,1663.5477211286973,77741836.42508991,1.2574163984477713,1.040854373001125
44822.0,238.89148765521023,750.4997426227452,227799.71835391992,538.5569697699059,1691.9266197687166,81788750.68741675,1.222811751981276,1.1250486968906608
5577.0,84.26658258757146,264.7312768002321,28344.09507071999,189.9705837854211,596.8101904184432,3589696.1916361027,1.2146788739335042,1.1950064764265016
