Area [-],Diameter [-],Perimeter [-],Area [mym^2],Diameter [mym],Perimeter [mym],Volume [mym^3] ,Irregularity [-],Diameter Ratio [-]
26104.5,182.310947821405,572.746734344718,132671.40573312002,411.00180076857544,1291.2002379067324,36352124.44454042,1.1549812765853935,1.019474395832016
