Area [-],Diameter [-],Perimeter [-],Area [mym^2],Diameter [mym],Perimeter [mym],Volume [mym^3] ,Irregularity [-],Diameter Ratio [-]
37553.0,218.6640451090201,686.9533577187246,190856.33892608,492.9562232937749,1548.6676496410928,62722546.68578473,1.214940138104706,1.0669824540498558
