Area [-],Diameter [-],Perimeter [-],Area [mym^2],Diameter [mym],Perimeter [mym],Volume [mym^3] ,Irregularity [-],Diameter Ratio [-]
3932.5,70.76026080838756,222.2999155217281,19986.2208832,159.5219319664289,501.1529295521838,2125493.711997234,1.2505948984566446,1.3800366925024952
37121.5,217.4041438424906,682.9952611555472,188663.31812224002,490.11590187851084,1539.7445167490655,61644594.875249386,1.21414000360857,1.08169634574543
30627.0,197.47280201740145,620.3791041016601,155656.19503872,445.1826848680298,1398.5826522867824,46196961.882452704,1.2549164564913016,1.062021685045711
61401.0,279.6036145801476,878.4006614821437,312059.49102336005,630.3383887094848,1980.2664512453448,131135384.50211112,1.2618065486112076,1.0349647419509667
