Area [-],Diameter [-],Perimeter [-],Area [mym^2],Diameter [mym],Perimeter [mym],Volume [mym^3] ,Irregularity [-],Diameter Ratio [-]
22320.5,168.58037625495206,529.6108715819606,113439.90927488,380.0476002291639,1193.954748894372,28741710.19342148,1.1373259383265915,1.049427799841042
2447.0,55.81771372930768,175.35651939217112,12436.435473919999,125.83545383135123,395.3237373177106,1043296.3346033591,1.1670612677187209,1.2361667182325102
45627.5,241.0284989942136,757.2133617459963,231893.5265984,543.3746481325552,1707.0618027201742,84003375.61308195,1.2338737518385927,1.0379897840832195
