Area [-],Diameter [-],Perimeter [-],Area [mym^2],Diameter [mym],Perimeter [mym],Volume [mym^3] ,Irregularity [-],Diameter Ratio [-]
17559.5,149.5240776121929,469.7437437612553,89242.98680192001,337.0870805689277,1058.990295935374,20055105.254873708,1.2671323280735411,1.1108544520534327
84352.5,327.720824326549,1029.5653341326774,428706.34381439985,738.813826361772,2321.052089268708,211156116.17272142,1.2998646541173886,1.1610516183673791
34125.5,208.4464825413463,654.8539382185267,173436.68931967995,469.9217502412111,1476.3027183198465,54334448.400763445,1.2343297404590272,1.0702025447248245
