Area [-],Diameter [-],Perimeter [-],Area [mym^2],Diameter [mym],Perimeter [mym],Volume [mym^3] ,Irregularity [-],Diameter Ratio [-]
39323.0,223.7579017992902,702.9561804753165,199852.04419327996,504.4398138163198,1584.7444132635535,67208885.30911271,1.1581403630575897,1.0553623291132403
71114.5,300.90828104934025,945.3312451489401,361426.60012672003,678.3676287976326,2131.1547590637706,163453403.80823547,1.2212356442460606,1.07476524272099
35778.5,213.43523854159375,670.526577419456,181837.76322176002,481.16840176816896,1511.6351161344217,58329723.94034201,1.1627486754899417,1.103850601545184
37796.5,219.37182693450538,689.1769199020137,192093.88369024,494.5518466411489,1553.6804482270995,63333589.93831885,1.245904807098369,1.0869701268877359
30640.0,197.51470742880232,620.5107538342627,155722.26519039998,445.27715642749195,1398.879443443962,46226378.29095274,1.1335055351268053,1.032419393881709
1724.0,46.85152052093316,147.18839267807505,8761.918576639999,105.6220678623917,331.8215124534523,616967.972337747,1.0974989334800676,1.1007328300446626
