Area [-],Diameter [-],Perimeter [-],Area [mym^2],Diameter [mym],Perimeter [mym],Volume [mym^3] ,Irregularity [-],Diameter Ratio [-]
31203.0,199.3210814599682,626.1856452202088,158583.61099008,449.3494460433523,1411.6729185844388,47506305.16663128,1.1687231428764218,1.0037073179153508
1686.0,46.33229837190774,145.5572081891157,8568.790440960001,104.45153344962881,328.1441701415424,596682.2009111955,1.3533850375581806,1.2945524715431733
