Area [-],Diameter [-],Perimeter [-],Area [mym^2],Diameter [mym],Perimeter [mym],Volume [mym^3] ,Irregularity [-],Diameter Ratio [-]
29778.5,194.71816500495285,611.725156700045,151343.84706176,438.9726311871657,1379.0731932645815,44290537.83912586,1.1304288320002105,1.0183049470401566
14082.0,133.90205102596659,420.6656998037822,71569.22122752,301.8687838329391,948.3487536376467,14403009.181214685,1.2458186058098095,1.3536891173715289
41703.5,230.43121610116728,723.9210156611891,211950.50542975997,519.4841335784715,1632.007537706585,73403283.11646533,1.2009514648938253,1.0580061246233996
