Area [-],Diameter [-],Perimeter [-],Area [mym^2],Diameter [mym],Perimeter [mym],Volume [mym^3] ,Irregularity [-],Diameter Ratio [-]
13082.0,129.06013995120801,405.4543875419857,66486.90186751999,290.9531795060033,914.0563712746524,12896383.662572382,1.0991291824417915,1.039637063827613
5039.0,80.09902662280288,251.63851359789078,25609.80725504,180.57524561844681,567.293865055085,3082998.1568799526,1.1685364303875325,1.3750833458075782
3269.5,64.52020374666849,202.69619809865037,16616.643147519997,145.45434732648943,456.95830899359737,1611308.6558531357,1.081606810304843,1.0229353933713814
3907.0,70.5304678935301,221.57799978856494,19856.621739519996,159.00388681917426,499.5254427233408,2104853.357121195,1.1019438790337492,1.2273354659777482
9321.5,108.94265655035598,342.2534494811543,47374.83991424,245.6003249271225,771.5761765103142,7756850.717538503,1.0885958413872057,1.1377313824796929
1604.5,45.19859344634044,141.9955691236149,8154.58141312,101.89570906542988,320.11481103227743,553944.5701477585,1.0820028411160638,1.1283536966818881
3153.5,63.36529731897686,199.06795254983072,16027.094101759998,142.85072627590142,448.7787922283383,1526321.355019088,1.0770651853486521,1.053006343877929
