Area [-],Diameter [-],Perimeter [-],Area [mym^2],Diameter [mym],Perimeter [mym],Volume [mym^3] ,Irregularity [-],Diameter Ratio [-]
39980.0,225.6194074066143,708.8042728159021,203191.12801279998,508.63639205747126,1597.9283526361694,68900268.16701223,1.4642778910041034,1.342189659681083
4027.0,71.60541632201087,224.95504987446802,20466.500062720002,161.4272505563413,507.13866443700067,2202567.2224240513,1.7351601638145895,1.4750411206009273
