Area [-],Diameter [-],Perimeter [-],Area [mym^2],Diameter [mym],Perimeter [mym],Volume [mym^3] ,Irregularity [-],Diameter Ratio [-]
10924.0,117.93586726135064,370.50645418300013,55519.256688639995,265.8746191539889,835.2697503101556,9840774.151869806,1.103562955213977,1.0338779892298704
1366.0,41.70425899243664,131.017793674045,6942.448245760002,94.01808147254917,295.3665140587671,435143.7765258799,1.2556284290067459,1.237734340200368
7440.5,97.33210586749871,305.77782875175797,37814.99719807999,219.4254994676891,689.3455371379631,5531716.431705311,1.1999523613296692,1.2455968516829756
