Area [-],Diameter [-],Perimeter [-],Area [mym^2],Diameter [mym],Perimeter [mym],Volume [mym^3] ,Irregularity [-],Diameter Ratio [-]
1764.5,47.39864108479477,148.90722262213058,8967.75251072,106.85549646156133,335.6964426793312,638835.7644515992,1.170306065479338,1.236005477586995
18767.5,154.58176851044615,485.6329483313356,95382.42858879997,348.4891389299498,1094.810918718163,22159826.93863888,1.1553691943193005,1.1966792981385321
3039.5,62.209417263164646,195.4366482580601,15447.70969472,140.24491027807838,440.5923798329707,1444308.4400918724,1.0706159267023274,1.1104213755095642
2422.5,55.537580043794954,174.47645346374134,12311.9186496,125.20392045073135,393.3397166886584,1027666.9888002627,1.1790867216255694,1.3636189000549814
1720.5,46.80393826075801,147.0389085990676,8744.13045888,105.51479841505285,331.48451554573796,615090.1084557645,1.0730611788582254,1.0852522397563231
6032.5,87.6402735824967,275.33003964537124,30659.0915392,197.57623276438056,620.704041376525,4038338.537528953,1.0991701351560887,1.0972868435253857
