Area [-],Diameter [-],Perimeter [-],Area [mym^2],Diameter [mym],Perimeter [mym],Volume [mym^3] ,Irregularity [-],Diameter Ratio [-]
8756.5,105.5894032252927,331.71889346950996,44503.32947584,238.04075063109985,747.8270734376632,7062403.969341404,1.1757892998293087,1.2733483029113033
8272.0,102.62669006671348,322.41125557582365,42040.94574592,231.36161008639885,726.8439345701369,6484440.598220661,1.0773894295739659,1.029167594834043
7467.0,97.50528027003183,306.3218721825458,37949.678661119986,219.81590384075974,690.5720286483312,5561295.276906989,1.1035737279192754,1.064081401648359
8320.5,102.92710834356963,323.35504742739903,42287.43823487999,232.03887304974336,728.9716189203284,6541553.008121454,1.0962946900880755,1.1946858596534953
7363.0,96.82387498899743,304.18117435753084,37421.11744768,218.2797437751958,685.7460394716176,5445514.618840733,1.1042979098081354,1.0725006212409947
