Area [-],Diameter [-],Perimeter [-],Area [mym^2],Diameter [mym],Perimeter [mym],Volume [mym^3] ,Irregularity [-],Diameter Ratio [-]
18460.0,153.31014968295838,481.6380399647336,93819.61538559999,345.62240144526135,1085.8047972964953,21617440.514827903,1.1710335018366294,1.1468698099256178
