Area [-],Diameter [-],Perimeter [-],Area [mym^2],Diameter [mym],Perimeter [mym],Volume [mym^3] ,Irregularity [-],Diameter Ratio [-]
4325.0,74.20755373261929,233.12990564726658,21981.031232,167.29350913481693,525.5680592911978,2451522.5661355257,1.0970900492332671,1.217491127582195
