Area [-],Diameter [-],Perimeter [-],Area [mym^2],Diameter [mym],Perimeter [mym],Volume [mym^3] ,Irregularity [-],Diameter Ratio [-]
5530.0,83.91075427134146,263.6134091760247,28105.226060799996,189.16840442931218,594.29006964643,3544413.846697772,1.0764418265036977,1.10866426095147
9208.0,108.2773740350281,340.1634028184385,46797.996666880004,244.10051202456737,766.8643753138878,7615609.96540627,1.1271681510713145,1.2759595273558801
3115.5,62.98236103562965,197.86492273527415,15833.96596608,141.98743471872348,446.066681814402,1498816.1392981822,1.066866476313886,1.095544829781248
1521.5,44.014020122167324,138.2741222707542,7732.748906239999,99.22520696341401,311.72518124718823,511522.40707851824,1.180961850913599,1.178646792512613
2560.0,57.09197171688868,179.35971892473373,13010.7375616,128.70814103855383,404.34855034391967,1116391.8967293485,1.0798480312505814,1.0684514506258551
3684.0,68.48806087782263,215.1615889123781,18723.26452224,154.39948444296334,485.0602860440652,1927241.5928820546,1.2925524807538167,1.2618694088269407
