Area [-],Diameter [-],Perimeter [-],Area [mym^2],Diameter [mym],Perimeter [mym],Volume [mym^3] ,Irregularity [-],Diameter Ratio [-]
16557.5,145.1952608,456.1443647,84150.5028,327.328196,1028.331856,18363221.52,1.094268091,1.110452163
2271,53.77292075,168.9326128,11541.94727,121.2256725,380.8416823,932786.8799,1.076307125,1.012539681
