Area [-],Diameter [-],Perimeter [-],Area [mym^2],Diameter [mym],Perimeter [mym],Volume [mym^3] ,Irregularity [-],Diameter Ratio [-]
9441.0,109.63874562327257,344.4402777988732,47982.17707775999,247.16958813310566,776.5061622697797,7906489.964026454,1.104206057495943,1.121486926002415
