Area [-],Diameter [-],Perimeter [-],Area [mym^2],Diameter [mym],Perimeter [mym],Volume [mym^3] ,Irregularity [-],Diameter Ratio [-]
3463.0,66.40202213350034,208.6081049181115,17600.071943680003,149.69671869776317,470.2861117273906,1756448.6792089732,1.0927931597835845,1.1394708689551667
2396.0,55.232978818686306,173.51952049266555,12177.237186559998,124.5172274488464,391.18240699866516,1010850.5416382946,1.0844112527587586,1.0294463137819256
7801.5,99.66533152632049,313.10787334067965,39649.71448703999,224.6855233929369,705.8703896592282,5939144.567934062,1.0846265720634312,1.0937359203164672
