Area [-],Diameter [-],Perimeter [-],Area [mym^2],Diameter [mym],Perimeter [mym],Volume [mym^3] ,Irregularity [-],Diameter Ratio [-]
7597.0,98.35039817587436,308.97688838695785,38610.38017792,221.72113764769117,696.5574971795579,5707158.278705525,1.370017045155172,1.1348325847413212
2338.0,54.56037074279106,171.40645990268786,11882.46266368,123.00089980254816,386.41872320461954,974369.0663352153,1.1384464924155924,1.0869415178557433
22871.0,170.6465986406934,536.1021006496884,116237.72608255998,384.7056919755792,1208.5885757046574,29811543.230839383,1.5778002725500158,1.3170447482295946
