Area [-],Diameter [-],Perimeter [-],Area [mym^2],Diameter [mym],Perimeter [mym],Volume [mym^3] ,Irregularity [-],Diameter Ratio [-]
3989.0,71.26677026460905,223.8911619083673,20273.37192704,160.66380688453464,504.74023540622323,2171464.7414562004,1.0779259505472756,1.1225428022480184
2742.0,59.08657065411578,185.6259362927844,13935.719685119999,133.2047648826386,418.47511077845314,1237536.176084512,1.0946528389061696,1.167778045605591
2722.0,58.870689148073616,184.94772453935641,13834.073297919998,132.71808161541716,416.94615020152514,1224021.112684673,1.07703924789366,1.0779167622296337
7076.5,94.92143929754953,298.2044963653511,35965.03295104,213.99089275239564,672.2722166060474,5130793.006041584,1.0784717308673692,1.1060141109412736
5406.0,82.96464897074108,260.6411317141362,27475.01846016,187.0355046396387,587.5893673363486,3425869.2951196097,1.072279831900958,1.0968527093038474
