Area [-],Diameter [-],Perimeter [-],Area [mym^2],Diameter [mym],Perimeter [mym],Volume [mym^3] ,Irregularity [-],Diameter Ratio [-]
9025.5,107.19899025180793,336.77556024732365,45870.47338367999,241.66940362367578,759.2268230215664,7390326.631046425,1.0967103240115899,1.1939135604203277
6743.5,92.66116160464195,291.10362457023973,34272.62060416,208.8953227215048,656.2640112311485,4772926.761078467,1.0768089350609886,1.0615047157453095
10908.0,117.84946734699803,370.2350208467992,55437.93957887999,265.67983918707233,834.6578309970241,9819161.91478631,1.1068344748719126,1.1739596963555385
3800.5,69.56253941429961,218.53716278901408,19315.354727679998,156.82178885559702,492.67017979155327,2019378.98718346,1.0770695503873864,1.0736333448154975
