Area [-],Diameter [-],Perimeter [-],Area [mym^2],Diameter [mym],Perimeter [mym],Volume [mym^3] ,Irregularity [-],Diameter Ratio [-]
4734.5,77.64117866537465,243.91695651119358,24062.241009920002,175.03427318322062,549.8863867588349,2807811.2442205544,1.072758524762454,1.1256914263493902
5462.5,83.39706837243037,261.99961732975294,27762.169503999998,188.01035093880702,590.651937308195,3479716.820846457,1.0758222006956677,1.1110070600649355
6370.5,90.0620481653363,282.9382688834706,32376.915482880002,203.03588138393414,637.8560333708962,4382450.38103979,1.0596167531394305,1.020672700365563
4957.0,79.44462488584234,249.58264990855918,25193.057067519996,179.09996234264298,562.6591259538558,3008050.381392591,1.0675853928811503,1.044752871818157
4220.5,73.30557617640525,230.2962595829617,21449.928858879994,165.260090932088,519.1798876038288,2363211.462470217,1.1211999326954831,1.2019875322827138
5824.5,86.11610609119501,270.5417262518575,29601.969112319992,194.14014957199,609.9092676621874,3831287.140727488,1.0658255571922413,1.0451006679829675
6504.5,91.00432197829873,285.8985093719435,33057.94627712,205.16014346787665,644.5295995281093,4521448.6673115315,1.0597386583177029,1.0722648345888361
5231.5,81.61465970205356,256.4000153452024,26588.153731840004,183.99208883230955,578.0281945942243,3261339.9622105393,1.0726854967246562,1.0537322622425405
