Area [-],Diameter [-],Perimeter [-],Area [mym^2],Diameter [mym],Perimeter [mym],Volume [mym^3] ,Irregularity [-],Diameter Ratio [-]
4926.0,79.19582058016327,248.80100812965628,25035.50516736,178.53905791592007,560.896992727497,2979877.004686402,1.0784066270239023,1.1109356519923022
4737.0,77.66167473992861,243.98134682843974,24074.94680832,175.08047953369507,550.0315482900346,2810035.4879659116,1.0655138743566672,1.0301091274158316
3757.5,69.16789420925271,217.2973483120643,19096.814995200002,155.9321007053393,489.8751420347178,1985204.3193218403,1.0654610415093733,1.0325279735779143
2694.5,58.57255290055997,184.01110189439873,13694.309515519997,132.0459632590224,414.83462811073247,1205518.8607626895,1.06023740359244,1.0755891092361403
