Area [-],Diameter [-],Perimeter [-],Area [mym^2],Diameter [mym],Perimeter [mym],Volume [mym^3] ,Irregularity [-],Diameter Ratio [-]
3886.5,70.34518811271464,220.99592619029636,19752.434192639994,158.58619208130386,498.21321600340406,2088308.88196488,1.0697444305217267,1.0946022331566205
6194.5,88.80924704028273,279.0024780725933,31482.42727552,200.21156652761337,628.9831865668543,4202097.388615682,1.086652402863579,1.059617370228316
7138.5,95.336354503893,299.50799092946244,36280.136751360005,214.9262775935764,675.2108147513802,5198369.828370476,1.0555620725824695,1.0132349802458243
