Area [-],Diameter [-],Perimeter [-],Area [mym^2],Diameter [mym],Perimeter [mym],Volume [mym^3] ,Irregularity [-],Diameter Ratio [-]
6207.0,88.89880682085196,279.2838384212867,31545.956267519996,200.41347009692865,629.6174853369487,4214823.042066425,1.070366528467128,1.093864318370599
4572.0,76.29712444469428,239.69448564547776,23236.364113920004,172.00423734811878,540.3672484391651,2664502.0587720037,1.1311778087987245,1.2790656019484037
4243.0,73.50071692379126,230.9093123213656,21564.281044479998,165.700016232995,520.5619536972866,2382134.4794154684,1.0753514160211441,1.1073094527722847
