Area [-],Diameter [-],Perimeter [-],Area [mym^2],Diameter [mym],Perimeter [mym],Volume [mym^3] ,Irregularity [-],Diameter Ratio [-]
5762.5,85.65654018541943,269.09795737843257,29286.86531199999,193.10410419400955,606.6544351139383,3770275.9271495803,1.1005259145986008,1.185169122550505
4471.0,75.44967862430504,237.03215608182754,22723.04985856,170.09375549063327,534.365292670872,2576699.2577622486,1.0615537083320614,1.0338016201287492
4134.0,72.55048089389321,227.92405779066155,21010.308234239998,163.55780412719284,513.8319958832674,2290933.2525518485,1.0688751623857307,1.0199794555218282
4042.0,71.73865234181311,225.37362317547226,20542.734853119997,161.72761783938347,508.08229608678465,2214885.0478007826,1.063222753871432,1.05466747435273
4437.5,75.16648508319572,236.14247733353446,22552.792159999997,169.45532397155642,532.35960090072,2547793.801290652,1.0665806835818707,1.069722292062431
6999.0,94.4002307920982,296.56707155363665,35571.15320064,212.81588029770617,668.5808061105186,5046737.521065847,1.0719552692771193,1.0327249268092602
7421.0,97.20447860813638,305.3768758913475,37715.89197056,219.13777657418265,688.4416290094537,5509984.471960391,1.064980255633622,1.0581725973269738
6997.0,94.38674215435097,296.52469574838307,35560.98856192001,212.78547151276882,668.4852740951548,5044574.479072218,1.0765388108592464,1.1655718958566752
3948.0,70.89957491138027,222.73758368423145,20064.996833279998,159.83600168021567,502.1396086577314,2138072.5783717763,1.0609285243583184,1.0155208982563744
