Area [-],Diameter [-],Perimeter [-],Area [mym^2],Diameter [mym],Perimeter [mym],Volume [mym^3] ,Irregularity [-],Diameter Ratio [-]
7592.5,98.32126546887872,308.8853652886812,38587.50974080001,221.6554608730402,696.3511675068029,5702088.170359969,1.1114830521779846,1.2489702052766216
2724.5,58.89771760969139,185.03263695581268,13846.779096319999,132.77901457928826,417.137576753184,1225707.7890043047,1.076001813411149,1.082911850670054
5671.5,84.97751513174221,266.9647372581968,28824.37425024,191.57331011299962,601.8453036748788,3681320.5247029252,1.0819240410609234,1.0946474928685415
3638.0,68.05913211132304,213.81406945062963,18489.477831680004,153.43250743176665,482.0224381694994,1891257.9632124845,1.1223092603143097,1.2468355202824888
