Area [-],Diameter [-],Perimeter [-],Area [mym^2],Diameter [mym],Perimeter [mym],Volume [mym^3] ,Irregularity [-],Diameter Ratio [-]
9990.0,112.78148363940011,354.31348046249684,50772.37040639999,254.2545767166636,798.7643103546528,8606071.697720591,1.0598089963289092,1.0533106486072588
3879.5,70.28180997811641,220.79681790824435,19716.857957119995,158.44331241466563,497.764346292346,2082669.5234236997,1.0576323574864235,0.9960410891301401
