Area [-],Diameter [-],Perimeter [-],Area [mym^2],Diameter [mym],Perimeter [mym],Volume [mym^3] ,Irregularity [-],Diameter Ratio [-]
5848.0,86.28965672437938,271.0869516460954,29721.40361728,194.53140211944088,611.1384237909574,3854497.545751534,1.0773250746829532,1.1283462289767119
4761.0,77.85816252959037,244.5986314249612,24196.92247296,175.52344160670853,551.4231546844326,2831418.0724964323,1.071582633086144,1.0568872605822106
