Area [-],Diameter [-],Perimeter [-],Area [mym^2],Diameter [mym],Perimeter [mym],Volume [mym^3] ,Irregularity [-],Diameter Ratio [-]
2082.0,51.48674326599624,161.75037440171752,10581.388907520002,116.07171401886193,364.65004405123204,818799.9647973463,1.063517694163837,1.0293911915575202
6058.5,87.8289347639944,275.922736227182,30791.231842559995,198.00155053194896,622.0402165505591,4064474.4317437336,1.0637827931951385,1.0361050176064026
4224.5,73.34030581292728,230.40536595392115,21470.258136320004,165.33838542466327,519.4258570065199,2366571.876606593,1.1530286776594687,1.2878638900673927
4032.0,71.64985585730216,225.09466079206805,20491.91165952,161.52743504470197,507.45340328963823,2206670.6196832587,1.0832037236701169,1.1165409761511313
3263.5,64.46097466097766,202.5101244381652,16586.14923136,145.32082127570803,456.53882453339963,1606875.2187351256,1.0676411924800113,1.0640446538310182
3764.5,69.23229207642572,217.4996601784819,19132.391230719997,156.07727925709415,490.33123390636956,1990754.3793153763,1.0878645579561732,1.141086011030686
4550.5,76.1175180120671,239.13023539619874,23127.094247680005,171.59933260640406,539.0952026771904,2645729.292018197,1.0777510802363213,1.1187613998385728
