Area [-],Diameter [-],Perimeter [-],Area [mym^2],Diameter [mym],Perimeter [mym],Volume [mym^3] ,Irregularity [-],Diameter Ratio [-]
5935.0,86.92914757435041,273.09597140240226,30163.5654016,195.97307029161556,615.6675579295755,3940831.015129,1.0628123857076153,1.0367628230816583
5619.5,84.5870535108018,265.73806589834163,28560.093643519995,190.69305343475156,599.0798957612213,3630807.6421768446,1.0669222645665624,1.0378545989758268
