Area [-],Diameter [-],Perimeter [-],Area [mym^2],Diameter [mym],Perimeter [mym],Volume [mym^3] ,Irregularity [-],Diameter Ratio [-]
3719.0,68.81262868740062,216.18124875854002,18901.14569984,155.13119011287594,487.3590072012526,1954771.4846086975,1.0892722206629728,1.1271936054304348
7453.5,97.41709781492946,306.0448388294207,37881.06734975999,219.61710531397696,689.947484657046,5546220.238372062,1.0927599619162807,1.1476773650630148
6134.0,88.37449500509459,277.636664272713,31174.946954239993,199.23146153948522,625.9040959364042,4140686.8300727718,1.0658053244558012,1.0976017457797995
2477.0,56.15883147207568,176.42817238686024,12588.90505472,126.60446967064742,397.73967182893773,1062541.0987913054,1.0903447474327481,1.1628922723410138
5830.0,86.15675565970436,270.669430637658,29629.921868800007,194.23178995923752,610.1971644295363,3836715.173952921,1.0692797968915486,1.1016679651936443
