Area [-],Diameter [-],Perimeter [-],Area [mym^2],Diameter [mym],Perimeter [mym],Volume [mym^3] ,Irregularity [-],Diameter Ratio [-]
9956.5,112.59222676168923,353.718912445839,50602.112707839995,253.8279160115522,797.4239162178994,8562819.209608473,1.0835212933629506,1.1395565216984003
13466.5,130.94304230915085,411.3696997571258,68441.05366144002,295.1979945817497,927.3918511324644,13469107.858612671,1.1001677616820418,1.1913576868917612
5309.5,82.22083290000988,258.304364610705,26984.574641919997,185.35864568978226,582.3213595783733,3334549.473427422,1.0738483807121968,1.105712995429973
