Area [-],Diameter [-],Perimeter [-],Area [mym^2],Diameter [mym],Perimeter [mym],Volume [mym^3] ,Irregularity [-],Diameter Ratio [-]
4243.5,73.5050475007238,230.92291723004269,21566.82220416,165.70977908563174,520.5926246034082,2382555.5620203,1.062604468241903,1.0691019379606053
6972.0,94.21797124696303,295.9944863055934,35433.93057791999,212.40499437915346,667.2899699273298,5017562.550156274,1.0859031795786265,1.156891817531185
4435.5,75.14954424793815,236.0892561299436,22542.62752128,169.41713255255178,532.2396190193449,2546071.543236997,1.0647656220736235,1.1177712498543153
4378.0,74.66085136703533,234.55398216543767,22250.394158080002,168.31542332184446,528.7784973937627,2496723.00786342,1.064242704293727,1.0715120245109078
