Area [-],Diameter [-],Perimeter [-],Area [mym^2],Diameter [mym],Perimeter [mym],Volume [mym^3] ,Irregularity [-],Diameter Ratio [-]
3660.5,68.26927093138657,214.47424002397526,18603.830017280005,153.9062443877179,483.5107267100499,1908830.4061247052,1.0726976598076363,1.1158152804572627
6921.0,93.87273773099442,294.90990322805345,35174.73229056,211.6266999407538,664.8448858373237,4962608.343967124,1.0892151800781165,1.1338417434707295
3555.0,67.27827718910096,211.36094136345733,18067.645324799996,151.6721480951092,476.4921062097782,1826905.7182886482,1.1053242040631805,1.1638307749750927
3777.0,69.3471395261889,217.8604640829414,19195.920222720004,156.33619134784024,491.1446302285831,2000678.0380246865,1.088211250111942,1.0878491132957906
6732.5,92.5855562975645,290.86610349295285,34216.71509120001,208.7248781172294,655.7285437145129,4761253.124655123,1.070812240496837,1.122509282422906
5638.0,84.7261739559674,266.175125666838,28654.11655168,191.0066865663329,600.0652033033197,3648751.9060146087,1.0603912750532816,1.068260899642593
3584.0,67.55213193031604,212.22128140660936,18215.032586240002,152.28952622370448,478.43165680306015,1849305.788471886,1.1190217462022798,1.017434108675464
5903.0,86.69448098103861,272.35874455681096,30000.93118208,195.44403792365344,614.0055537288746,3909002.0877969065,1.0705126786845935,1.1101107870600695
