Area [-],Diameter [-],Perimeter [-],Area [mym^2],Diameter [mym],Perimeter [mym],Volume [mym^3] ,Irregularity [-],Diameter Ratio [-]
4245.5,73.5223672576797,230.9773288512573,21576.98684288,165.74882474571314,520.7152901622745,2384240.1405073837,1.0587675327618091,0.9928951246108695
4930.0,79.22796826591195,248.90200306303424,25055.8344448,178.6115316586719,561.1246757053044,2983507.311447891,1.0591411922701397,1.072853461478596
4496.0,75.66032641437184,237.69392563159633,22850.107842560006,170.56863986855987,535.8571859438708,2598341.2103702486,1.059196186841217,1.0654218964844326
4089.5,72.15894343873424,226.6940065979289,20784.145022719997,162.67512208828248,511.05896847437094,2254042.2193810293,1.0903628062866253,1.162563564857808
5603.5,84.46654834266334,265.3594877473983,28478.776533759996,190.42138658370024,598.2264291777346,3615312.0771772824,1.0853470615415746,1.1584042079280217
5675.0,85.00373177909337,267.04709928491695,28842.162368,191.6324129227881,602.0309806279168,3684728.7789937835,1.0657031194224262,1.1160489344906381
