Area [-],Diameter [-],Perimeter [-],Area [mym^2],Diameter [mym],Perimeter [mym],Volume [mym^3] ,Irregularity [-],Diameter Ratio [-]
3411,65.90159396,207.0359635,17335.79134,148.5685534,466.741876,1717035.628,1.094059518,1.083225451
5956,87.08280386,273.5786969,30270.29411,196.319473,616.7558142,3961765.458,1.097489623,1.161551322
