Area [-],Diameter [-],Perimeter [-],Area [mym^2],Diameter [mym],Perimeter [mym],Volume [mym^3] ,Irregularity [-],Diameter Ratio [-]
1284.5,40.44102119,127.0492151,6528.239218,91.17023818,286.4197505,396787.4163,1.340165901,1.382185655
3738,68.98818318,216.7327695,18997.70977,155.5269602,488.6023555,1969770.7,1.207775365,1.149427806
2872,60.47101762,189.9753047,14596.4212,136.3258621,428.280327,1326579.803,1.15169673,1.169331704
5553,84.08507116,264.1610418,28222.11941,189.5613844,595.5246527,3566549.351,1.106331876,1.022773708
2358.5,54.79904622,172.156281,11986.65021,123.5389698,388.1091199,987212.2788,1.175729169,1.200586735
