Area [-],Diameter [-],Perimeter [-],Area [mym^2],Diameter [mym],Perimeter [mym],Volume [mym^3] ,Irregularity [-],Diameter Ratio [-]
3407.5,65.86777474,206.9297172,17318.00322,148.4923114,466.5023545,1714393.551,1.097167584,1.070433729
4163.5,72.80887889,228.735839,21160.23666,164.1403366,515.6620755,2315498.911,1.279355951,1.14322448
2260,53.64253323,168.5229883,11486.04175,120.9317269,379.9182248,926017.9097,1.073164048,1.033573921
3596.5,67.66983096,212.5910438,18278.56158,152.5548669,479.2652492,1858989.019,1.33203501,1.025948565
2672,58.32748978,183.2412134,13579.95733,131.493493,413.0989914,1190450.682,1.08971795,1.039422667
