Area [-],Diameter [-],Perimeter [-],Area [mym^2],Diameter [mym],Perimeter [mym],Volume [mym^3] ,Irregularity [-],Diameter Ratio [-]
3106,62.88626262,197.5630206,15785.68393,141.7707904,445.3860738,1491965.926,1.090691103,1.159169109
1949.5,49.82148625,156.5188152,9907.981592,112.3175586,352.856017,741893.5355,1.087837431,1.002037939
1464.5,43.18170114,135.6593151,7443.056703,97.34882705,305.8303599,483048.5598,1.150860082,1.258036889
2659,58.18542729,182.7949109,13513.88718,131.1732273,412.0928472,1181773.463,1.108629342,1.117118203
2063.5,51.25748531,161.0301393,10487.366,115.5548749,363.026346,807910.844,1.192733337,1.150769931
1889.5,49.04881364,154.0913926,9603.042431,110.5756455,347.3836355,707908.4102,1.068263249,1.012067396
1843,48.44151609,152.1835111,9366.71458,109.2065539,343.0825074,681937.7469,1.273616132,1.126307824
