Area [-],Diameter [-],Perimeter [-],Area [mym^2],Diameter [mym],Perimeter [mym],Volume [mym^3] ,Irregularity [-],Diameter Ratio [-]
3128,63.10858338,198.2614619,15897.49496,142.2719904,446.9606397,1507845.5,1.088579559,1.105751846
3531,67.05079293,210.6462785,17945.66966,151.1593076,474.8809702,1808436.667,1.097275892,1.017807453
2780.5,59.49993743,186.9245663,14131.38898,134.1366589,421.4027423,1263691.536,1.155139125,1.066522325
1590.5,45.00097217,141.3747236,8083.428942,101.4501917,318.7151768,546710.2769,1.096046829,1.082178261
3620.5,67.89524116,213.2991908,18400.53724,153.0630317,480.8616958,1877628.01,1.127764694,1.071661099
