Area [-],Diameter [-],Perimeter [-],Area [mym^2],Diameter [mym],Perimeter [mym],Volume [mym^3] ,Irregularity [-],Diameter Ratio [-]
4257.5,73.62620024,231.3035298,21637.97468,165.9829058,521.4506775,2394355.942,1.145584345,1.058009362
1400,42.22008246,132.6383009,7115.247104,95.18095389,299.0197855,451490.671,1.114928711,1.090280183
3479.5,66.56002551,209.1044872,17683.93021,150.0529215,471.4051559,1769016.928,1.077833033,1.06235954
1676.5,46.20158111,145.1465478,8520.508407,104.1568444,327.2183773,591646.1792,1.084687174,1.011512207
5080,80.42423072,252.6601724,25818.18235,181.3083857,569.5970927,3120701.976,1.138938903,1.132534853
3466.5,66.4355694,208.7134968,17617.86006,149.7723477,470.5237071,1759112.175,1.106955618,1.111907283
