Area [-],Diameter [-],Perimeter [-],Area [mym^2],Diameter [mym],Perimeter [mym],Volume [mym^3] ,Irregularity [-],Diameter Ratio [-]
2188,52.78113417,165.8168233,11120.11476,118.9897889,373.8174465,882120.0716,1.086539453,1.008906409
1634,45.61220688,143.294974,8304.509834,102.8281592,323.0441895,569291.6394,1.092220209,1.100683033
3622,67.90930445,213.343372,18408.16072,153.094736,480.9612978,1878795.003,1.156792146,1.205410171
2419.5,55.5031808,174.368385,12296.67169,125.1263708,393.0960872,1025758.601,1.135905545,1.235773418
1175.5,38.68711782,121.5391651,5974.266408,87.2162384,273.9978938,347368.6955,1.110368969,1.006282758
2065.5,51.28231937,161.1081578,10497.53064,115.6108608,363.2022309,809085.7021,1.485832418,1.731376775
