Area [-],Diameter [-],Perimeter [-],Area [mym^2],Diameter [mym],Perimeter [mym],Volume [mym^3] ,Irregularity [-],Diameter Ratio [-]
1025.5,36.134570055916114,113.52009982829179,5211.91850368,81.46177473405729,255.919713052901,283048.08738603006,1.1213561612689669,1.0301687465722882
1535.0,44.20885319897447,138.8862084335278,7801.3602176,99.66443865176804,313.10506829254507,518345.4578715593,1.0911026061839737,1.015873416864037
5316.5,82.27501467386374,258.4745816734027,27020.150877440006,185.48079308075842,582.7050969245191,3341146.0092728813,1.2180523334900626,1.207753478678263
1356.0,41.55132756797165,130.53734543444278,6891.625052159999,93.67331286923528,294.28339154740775,430374.23312562896,1.4937866786161877,1.405830130958165
3007.0,61.87593482945235,194.3889822942083,15282.534315519997,139.49310747951736,438.23052168406315,1421205.4678894954,1.217110784512274,1.1081782442290873
