Area [-],Diameter [-],Perimeter [-],Area [mym^2],Diameter [mym],Perimeter [mym],Volume [mym^3] ,Irregularity [-],Diameter Ratio [-]
2206.5,53.00380227,166.5163558,11214.13767,119.4917718,375.3944726,893331.4531,1.092528593,1.067139056
1682.5,46.28418233,145.4060472,8551.002323,104.3430606,327.8033928,594825.1693,1.095528463,1.058677015
6165.5,88.60111971,278.3486268,31335.04001,199.7423643,627.5091442,4172623.318,1.333802066,1.349235344
