Area [-],Diameter [-],Perimeter [-],Area [mym^2],Diameter [mym],Perimeter [mym],Volume [mym^3] ,Irregularity [-],Diameter Ratio [-]
3561.0,67.3350281710932,211.53922983156815,18098.13924096,151.8000875089125,476.89403973228724,1831532.747017474,1.1878610820099946,1.1466304984003335
149683.5,436.5580733354564,1371.487636055984,760739.34992256,984.1765205274529,3091.8817267246104,499134537.623401,1.4100626287215192,1.1567693042563891
4918.0,79.13148602805036,248.59889517336637,24994.846612479992,178.39402210163672,560.4413492788372,2972620.8126758505,1.4669260166426161,1.417620553476565
44748.5,238.69553780408512,749.8841480099785,227426.16788095998,538.1152204255295,1690.5388232736957,81587654.97319752,1.1242414719869396,1.073984151391152
