Area [-],Diameter [-],Perimeter [-],Area [mym^2],Diameter [mym],Perimeter [mym],Volume [mym^3] ,Irregularity [-],Diameter Ratio [-]
6376.0,90.10091751603531,283.06038055007645,32404.868239360007,203.12350844815,638.1313219120923,4388127.018385886,1.092626307624753,1.010056348959855
4101.0,72.26033056220338,227.01252364018814,20842.591695360006,162.9036892194313,511.7770332944402,2263556.7200456173,1.2925337735201563,1.540299925576697
8414.0,103.50380441994226,325.16679158428536,42762.63509504,233.33897668431783,733.0560149476129,6652126.342267686,1.745603408210459,1.565018628908177
30570.5,197.29057124537474,619.8066092470029,155369.04399487996,444.7718638155728,1397.2920198864433,46069186.184564315,1.0952214006295204,1.0500940768256672
6412.0,90.35492217273979,283.8583597135568,32587.831736320004,203.69613654622458,639.9302861382425,4425343.615404554,1.1233672942583917,1.0748672307772875
