Area [-],Diameter [-],Perimeter [-],Area [mym^2],Diameter [mym],Perimeter [mym],Volume [mym^3] ,Irregularity [-],Diameter Ratio [-]
10504.0,115.64647931475541,363.3141298287596,53384.68255744001,260.7134229671846,819.0553742859556,9278735.549044494,1.3910465419693918,1.2484229352986878
81129.0,321.3979636289238,1009.7014814153465,412323.48735743994,724.5595692050457,2276.271019702757,199168618.9152192,1.1705305454012604,1.1636663648305157
73491.0,305.89483059073075,960.9969525549341,373504.7320857601,689.6093060837434,2166.4715298398432,171714892.74177033,1.1708675361013745,1.1228663238373082
4223.0,73.3272841268282,230.36445712053492,21462.634657279996,165.3090293355215,519.3336321325339,2365311.5347852535,1.4812195753480557,1.255743094938945
1177.0,38.71179334716084,121.61668558672673,5981.88988672,87.2718669218394,274.17265598671673,348033.79875661654,1.2925525587145963,1.5387750267863884
2210.0,53.04582352895192,166.64836950217594,11231.925785599997,119.58650456366921,375.69208420570544,895457.8294789653,1.6816833055763354,1.493527625012566
2252.0,53.54750652218632,168.22445310815206,11445.383198719997,120.71749870361683,379.245207087018,921105.354302586,1.3530872597711396,1.5691017160656662
