Area [-],Diameter [-],Perimeter [-],Area [mym^2],Diameter [mym],Perimeter [mym],Volume [mym^3] ,Irregularity [-],Diameter Ratio [-]
74373.0,307.72494968817244,966.7464412666512,377987.33776128,693.735126577016,2179.4331771915386,174815395.73755392,1.1601214465468075,1.0811189886100423
43290.0,234.77337986148515,737.5623254312876,220013.60509440003,529.2731075597321,1662.7605064522947,77631522.98248856,1.0719191857257262,0.9964101888662688
