Area [-],Diameter [-],Perimeter [-],Area [mym^2],Diameter [mym],Perimeter [mym],Volume [mym^3] ,Irregularity [-],Diameter Ratio [-]
2206.0,52.997796517268235,166.49748819509662,11211.59650816,119.47823246852951,375.3519373870258,893027.8226301962,1.1703048160214233,1.0171594829635302
40903.0,228.20893299409283,716.9395073778074,207882.10878208,514.4742185418829,1616.268425432529,71299990.3096662,1.1677897720704027,1.1756443447849212
6229.0,89.05621328214741,279.77834540372004,31657.767293440003,200.76832722327313,630.7323018781466,4237251.322085065,1.2368675993431715,1.05630948571244
17948.0,151.1691216780289,474.9118021133171,91217.46787328002,340.79566791094834,1070.641166684262,20724345.259346623,1.0564698699033788,1.0206361197235752
2393.0,55.198389745999336,173.4108557160177,12161.990228480001,124.4392498433809,390.9374331261903,1008952.6270897201,1.3902140496005724,1.4568644654462806
