Area [-],Diameter [-],Perimeter [-],Area [mym^2],Diameter [mym],Perimeter [mym],Volume [mym^3] ,Irregularity [-],Diameter Ratio [-]
11071.5,118.7294050331903,372.99942661735764,56268.89879423999,267.6635707068242,840.8899073661711,10040756.24733813,1.0739310927052501,1.0359691431588987
15498.0,140.4730097360541,441.30897541443505,78765.78544128,316.6823531489604,994.8869541743024,16629156.187447116,1.1886421217197316,1.2426281046220464
1849.5,48.52686408565552,152.45163971324575,9399.749656319998,109.3989623947018,343.68697656954123,685548.5727809084,1.1702672502941867,1.3700165100946824
1020.5,36.0463722918442,113.24301838062041,5186.506906879999,81.26294169473357,255.29506063727067,280980.53891541495,1.1947444116650006,1.3316180505315485
