Area [-],Diameter [-],Perimeter [-],Area [mym^2],Diameter [mym],Perimeter [mym],Volume [mym^3] ,Irregularity [-],Diameter Ratio [-]
32801.5,204.3628315683418,642.0247703219109,166707.69848703998,460.7155674876697,1447.3806422137156,51203221.27534664,1.1498348123420943,1.0380223110189055
30843.5,198.16953322354826,622.5679497404176,156756.51718016,446.7533956991672,1403.5171858947974,46687670.898807555,1.0561284991746362,1.0026616490167215
