Area [-],Diameter [-],Perimeter [-],Area [mym^2],Diameter [mym],Perimeter [mym],Volume [mym^3] ,Irregularity [-],Diameter Ratio [-]
11257.5,119.72257170164737,376.1195517267726,57214.2101952,269.9025656441938,847.9239174128362,10294841.415327115,1.073454578140538,1.080307089181549
4927.5,79.20787749133613,248.83888603322194,25043.128646399997,178.5662390164682,560.9823846732955,2981238.197062149,1.2663609098317623,1.3991079807343396
14040.0,133.7022184112204,420.037907129348,71355.7638144,301.4182811862553,946.9334578324022,14338621.12111256,1.0589956641297644,1.0321444299118594
10420.0,115.18314137121106,361.8585107491912,52957.76773119999,259.6688739072582,815.7738266329767,9167655.940935224,1.3040238965195832,1.4005123710667453
12289.0,125.08733255310234,392.9734450059697,62456.622615039996,281.9968825077139,885.9193344214581,11741715.246268041,1.0979004930582112,1.0199357267015823
