Area [-],Diameter [-],Perimeter [-],Area [mym^2],Diameter [mym],Perimeter [mym],Volume [mym^3] ,Irregularity [-],Diameter Ratio [-]
1595.0,45.06458780298101,141.57457797889734,8106.2993792,101.59360674304038,319.16572859562615,549032.1275145315,1.291565300074192,1.380057426178473
1527.5,44.10071886696362,138.5464944104817,7763.2428224,99.42066061368278,312.3392169989899,514551.15327162616,1.170183995896163,1.3830165365786689
36941.0,216.87494558399698,681.332735794371,187745.95947776,488.92287732456276,1535.99651957483,61195529.809284784,1.0606654346934326,0.9922780176814792
34596.5,209.880041712951,659.3575971805262,175830.46173824,473.15356603767674,1486.4557670837783,55463206.65966635,1.1368565675085722,1.0488236503703463
1628.5,45.53537743997751,143.05360724387174,8276.55707776,102.6549549006853,322.50005217058447,566419.7290336004,1.460252883263299,1.5024945512821122
