Area [-],Diameter [-],Perimeter [-],Area [mym^2],Diameter [mym],Perimeter [mym],Volume [mym^3] ,Irregularity [-],Diameter Ratio [-]
68959.0,296.31288491287734,930.8943824062933,350471.66074623994,668.0077677475906,2098.6082956967475,156078527.83592442,1.1756131819527316,1.0807679979647085
64265.0,286.05023919305717,898.6533300065115,326615.25367039983,644.871659236828,2025.9240671666794,140416613.71099216,1.189938582226002,1.1283769325472819
75021.5,309.06365121985635,970.9520961639388,381283.22186624,696.7530953100442,2188.9144055919837,177106843.35005936,1.2022478030558708,1.0270070638385151
