Area [-],Diameter [-],Perimeter [-],Area [mym^2],Diameter [mym],Perimeter [mym],Volume [mym^3] ,Irregularity [-],Diameter Ratio [-]
1542.5,44.316723680276596,139.22509354512576,7839.4776127999985,99.90762186481555,313.86905088813154,522149.04330487276,1.162015700473604,1.2150115944453133
49848.0,251.9294441425186,791.4596909410966,253343.45545728,567.9497388748939,1784.266727257608,95924232.91508366,1.0900428250998986,1.0778679018691317
26854.0,184.909639376421,580.9107646429022,136480.60409344002,416.8602910102035,1309.6052278109587,37928896.22642653,1.1790553896049516,1.1469675587559442
1673.5,46.16022506568068,145.01662395439385,8505.261448959998,104.06361138807051,326.9254770427855,590058.8147856739,1.2017037845479466,1.3982390617315874
2854.5,60.28650164378857,189.39563067475515,14507.480613119997,135.90988930575693,426.973509793168,1314473.3894897022,1.4846103481940318,1.5796068903010148
