Area [-],Diameter [-],Perimeter [-],Area [mym^2],Diameter [mym],Perimeter [mym],Volume [mym^3] ,Irregularity [-],Diameter Ratio [-]
8035.5,101.14898102165637,317.76889569572904,40838.97721727999,228.0302628152221,716.3781984564515,6208348.47197415,1.2087098699061056,1.290935221567932
54445.5,263.29102459612693,827.1531486273219,276709.41871488007,593.5632858495086,1864.7340582654347,109496367.86527449,1.1534800813097077,1.015047510942966
6921.5,93.87612853587662,294.92055575576114,35177.27345024,211.63434417128025,664.8689008957879,4963146.130916887,1.2263098904879597,1.1982981633529517
1700.5,46.53110621747719,146.18178145623267,8642.48407168,104.89972585668058,329.552208114931,604396.139893307,1.1944728675232417,1.3068929850029658
