Area [-],Diameter [-],Perimeter [-],Area [mym^2],Diameter [mym],Perimeter [mym],Volume [mym^3] ,Irregularity [-],Diameter Ratio [-]
1588.5,44.97266967,141.2858086,8073.264303,101.3863865,318.514727,545679.3966,1.160228912,1.211129771
1489.5,43.54871183,136.8123132,7570.114687,98.17621595,308.4296788,495470.1428,1.141161105,1.086542448
2352.5,54.72929772,171.9371597,11956.15629,123.3817288,387.6151327,983447.4888,1.148318369,1.241949772
1251.5,39.9181574,125.40659,6360.522679,89.99149404,282.7166166,381595.2925,1.120100915,1.031974941
