Area [-],Diameter [-],Perimeter [-],Area [mym^2],Diameter [mym],Perimeter [mym],Volume [mym^3] ,Irregularity [-],Diameter Ratio [-]
4943.0,79.33235827596397,249.22995395172182,25121.904596479995,178.84686849733316,561.8640081887617,2995315.978512805,1.074937545821243,1.089089035086157
17060.0,147.38204311645933,463.01434392572276,86704.3682816,332.2580780017459,1043.8195369461494,19205484.50639997,1.0609708640992386,1.0411184832619342
7470.0,97.52486554295609,306.38340113208324,37964.925619199996,219.86005688004022,690.7107395121684,5564647.137389205,1.1514786241770887,1.2575176945573106
15692.0,141.34947801808175,444.0624817303576,79751.75539712003,318.6582632439635,1001.0944588129182,16942370.57700244,1.0883684696033602,1.1204974460939714
4172.5,72.88752980042243,228.9829281593142,21205.9775296,164.3176471820723,516.2191132423579,2323010.889239844,1.065869920193052,1.0149822033457494
6639.5,91.94386307562411,288.85016478104654,33744.05939072,207.27824491768698,651.1838114823913,4662939.604604424,1.0789815358690982,1.0003762242858034
17498.0,149.26200304758032,468.92041223437565,88930.42416128,336.49625967046507,1057.1341773411764,19949836.734119114,1.120721098116632,1.111430638850787
