Area [-],Diameter [-],Perimeter [-],Area [mym^2],Diameter [mym],Perimeter [mym],Volume [mym^3] ,Irregularity [-],Diameter Ratio [-]
5781.0,85.7939264057426,269.5295689189043,117523.55288064003,386.8276553782122,1215.2549203415558,30307573.60835688,1.0669088751639209,0.9974807412580723
7702.5,99.03094260544323,311.1148817673329,156586.2594816,446.51071401942244,1402.7547789125506,46611628.351173185,1.0765117558837962,1.0892154007034807
5789.5,85.85697609538916,269.72764536070906,117696.35173888001,387.11193381889063,1216.148007402365,30374441.550044123,1.0634266538439852,0.9984366947292538
7095.0,95.0454342401358,298.59403796606244,144236.2234368,428.5408539019243,1346.3007983813823,41207409.57013001,1.0658276469990917,0.9901402170145018
