Area [-],Diameter [-],Perimeter [-],Area [mym^2],Diameter [mym],Perimeter [mym],Volume [mym^3] ,Irregularity [-],Diameter Ratio [-]
4205.5,73.17519323776143,229.88664950076483,85494.77627391998,329.9323112704187,1036.5129252690483,18804992.758401185,1.067394405899513,1.0506809484369117
8012.0,101.00096649249512,317.3038943382915,162878.17084927997,455.393157721362,1430.6597987924888,49449069.6979554,1.087346669996751,1.1481624301618496
