Area [-],Diameter [-],Perimeter [-],Area [mym^2],Diameter [mym],Perimeter [mym],Volume [mym^3] ,Irregularity [-],Diameter Ratio [-]
10971.0,118.18930173788773,371.3026420726555,223032.50279424008,532.8919236757882,1674.1293525771891,79234812.97083214,1.0768783053362727,1.0836195258302808
