Area [-],Diameter [-],Perimeter [-],Area [mym^2],Diameter [mym],Perimeter [mym],Volume [mym^3] ,Irregularity [-],Diameter Ratio [-]
3596.0,67.66512693306387,212.5762656771343,73104.08167424,305.0885243157984,958.4638666850632,14868810.932970323,1.195371669091091,1.1858529517325238
13446.0,130.84333731034607,411.0564672653545,273347.46445824,589.9464392648883,1853.3713996060303,107506908.8928162,1.0836606999380545,1.1318347260254726
4598.0,76.51375972132253,240.37506543904146,93474.01766912,344.98523983149903,1083.8030950515501,21498104.269063428,1.1036053924759581,1.164602603555823
