Area [-],Diameter [-],Perimeter [-],Area [mym^2],Diameter [mym],Perimeter [mym],Volume [mym^3] ,Irregularity [-],Diameter Ratio [-]
4816.5,78.31065232,246.02017,97915.96479,353.0870692,1109.255743,23048574.02,1.099472541,1.029364027
1245,39.81435964,125.0804997,25309.95041,179.5149847,563.9629572,3029010.241,1.433781396,1.522470022
1034,36.28401424,113.9895926,21020.47287,163.5973634,513.956275,2292595.96,1.28279602,1.181896391
7758,99.38708361,312.2337317,157714.5344,448.1164826,1407.79945,47116321.6,1.080025343,1.07035532
