Area [-],Diameter [-],Perimeter [-],Area [mym^2],Diameter [mym],Perimeter [mym],Volume [mym^3] ,Irregularity [-],Diameter Ratio [-]
8007.0,100.96944604529853,317.2048699329408,162776.52446208004,455.251038329042,1430.2133175536437,49402787.85130309,1.1061532490917347,1.1494128638389622
4675.5,77.1558908406173,242.39237984605933,95049.53667072,347.8804806221753,1092.8987622499124,22043918.9999501,1.0803351370345269,1.0780995627354597
3694.5,68.58559249597585,215.46799352746095,75106.51550207999,309.2387194458559,971.502089216616,15483895.11726903,1.1061981049902871,1.1477315696596768
