Area [-],Diameter [-],Perimeter [-],Area [mym^2],Diameter [mym],Perimeter [mym],Volume [mym^3] ,Irregularity [-],Diameter Ratio [-]
8429.5,103.59909624289709,325.46615967522746,171365.64418047998,467.1076051399744,1467.4618207436654,53364130.43760866,1.0998017906134336,1.1784785207598125
5964.0,87.14126832219343,273.7623683854998,121243.81065216001,392.9025506111057,1234.3397665765415,31758001.634029076,1.065239046558651,1.0328057157400645
4057.5,71.87607009821087,225.8053337894443,82486.04321280001,324.0748248588132,1018.1110889898464,17821100.004989773,1.0601154527700918,1.0668558257149103
5856.0,86.34865820595658,271.2723102671692,119048.24868864,389.328830119017,1223.1125925326126,30899276.92644401,1.0663794552064076,1.0422860281781603
7253.0,96.09790017458309,301.90045721387554,147448.24927232,433.2862123071602,1361.208781485922,42591528.959017016,1.3552860172635588,1.399920801791591
