Area [-],Diameter [-],Perimeter [-],Area [mym^2],Diameter [mym],Perimeter [mym],Volume [mym^3] ,Irregularity [-],Diameter Ratio [-]
5342.5,82.4759496322874,259.10583746263586,108609.16472320001,371.8675617020574,1168.2563999515326,26925483.509408996,1.0723996325910137,1.0889075627881752
8469.0,103.84154132312412,326.22782335816765,172168.65063936,468.200741517702,1470.8960099573062,53739659.93030035,1.086768283609819,1.1005796641273955
