Area [-],Diameter [-],Perimeter [-],Area [mym^2],Diameter [mym],Perimeter [mym],Volume [mym^3] ,Irregularity [-],Diameter Ratio [-]
5805.0,85.97183002116228,270.0884696101538,118011.45553919999,387.62978719941646,1217.7748917782615,30496503.598502323,1.0782405623302325,1.0763737248109397
7425.0,97.23067221642862,305.45916553872934,150944.88499199998,438.3936548894333,1377.2542855810227,44115519.879005365,1.1071558622670403,1.1222210142287863
3976.5,71.15502125387479,223.54009203719863,80839.37174015997,320.82375982947065,1007.8975669773212,17290127.455953587,1.0603761305660255,1.068005119846898
