Area [-],Diameter [-],Perimeter [-],Area [mym^2],Diameter [mym],Perimeter [mym],Volume [mym^3] ,Irregularity [-],Diameter Ratio [-]
11888.0,123.02955623674994,386.50875004778595,241674.45020672004,554.7156631602581,1742.6906522154572,89373735.27687432,1.095718050529002,1.0092898743177874
6012.5,87.49487277961015,274.8732495511968,122229.78060799997,394.49688238870624,1239.348507576436,32146178.256607693,1.0658647329822675,1.0934563198374487
