Area [-],Diameter [-],Perimeter [-],Area [mym^2],Diameter [mym],Perimeter [mym],Volume [mym^3] ,Irregularity [-],Diameter Ratio [-]
7521.0,97.85721545166282,307.4275091636975,152896.49562623998,441.21861302845736,1386.1291533172794,44973853.158080794,1.0653067938054084,1.0194601139495385
9194.0,108.19502934190224,339.9047093354522,186907.37678336,487.8297482967688,1532.5623534516867,60785985.71402389,1.0694309438237832,1.007797931844653
12413.5,125.71936640219734,394.9590379031066,252357.48550144007,566.8434792342274,1780.7913100975272,95364796.72829159,1.1267044053815949,1.160253242317366
