Area [-],Diameter [-],Perimeter [-],Area [mym^2],Diameter [mym],Perimeter [mym],Volume [mym^3] ,Irregularity [-],Diameter Ratio [-]
7406.5,97.10946755121759,305.0783898529216,150568.79335936,437.8471672949299,1375.5374441688527,43950746.436940946,1.0905178571771306,1.0040936132551432
2290.0,53.99739398752057,169.63781626418827,46554.045337599986,243.46345001093272,764.8629859719721,7556138.993238312,1.129944039529567,1.2222812088904398
4825.5,78.38378290896355,246.24991654737707,98098.92828671997,353.41680037993484,1110.2916237288136,23113206.237195503,1.1000793268775007,1.1226812069303278
