Area [-],Diameter [-],Perimeter [-],Area [mym^2],Diameter [mym],Perimeter [mym],Volume [mym^3] ,Irregularity [-],Diameter Ratio [-]
13065.0,128.97625615579366,405.1908588265567,265602.00975360005,581.5281437552425,1826.924544277179,102970029.13978189,1.204200464129221,1.1539542786614925
12497.5,126.14400980755168,396.2930945057632,254065.14480639994,568.758111420289,1786.8063045075849,96334407.95854019,1.0771319472557708,1.0948173043340415
