Area [-],Diameter [-],Perimeter [-],Area [mym^2],Diameter [mym],Perimeter [mym],Volume [mym^3] ,Irregularity [-],Diameter Ratio [-]
16738.5,145.98671213350045,458.63078236033294,340281.61042944004,658.2248876675268,2067.874471506269,149321216.53349552,1.1122558829678837,1.0399675383575628
7036.5,94.6527868397385,297.3604997775231,143046.96070656003,426.77048530301295,1340.7390213968963,40698813.89457309,1.078466817931068,1.0670578582224768
5915.5,86.78622313985588,272.64696104897575,120257.84069632003,391.3017228929822,1229.3106179776219,31371400.170573205,1.1013928410823985,1.1525791609497764
