Area [-],Diameter [-],Perimeter [-],Area [mym^2],Diameter [mym],Perimeter [mym],Volume [mym^3] ,Irregularity [-],Diameter Ratio [-]
5518.0,83.81966241788753,263.3272356784119,112176.95291391999,377.9260939097713,1187.2898402268238,28263065.094305407,1.083903657294138,1.1165691172265484
9619.5,110.67035646721257,347.68117884755867,195557.48433408,498.990503239368,1567.6248991878724,65054218.34672495,1.0850802299702937,1.1073093280449047
12461.5,125.96219506946213,395.72190666026665,253333.29081855994,567.9383451291908,1784.2309327498103,95918459.96908331,1.1006371821552254,1.1590779274645697
9796.5,111.68388961707066,350.86528714532255,199155.76644096003,503.5603215054482,1581.9814066808303,66857961.18578253,1.1031611767120058,1.1452241846984736
