Area [-],Diameter [-],Perimeter [-],Area [mym^2],Diameter [mym],Perimeter [mym],Volume [mym^3] ,Irregularity [-],Diameter Ratio [-]
2107.5,51.80108435669427,162.73790606297587,42843.9522048,233.56072914746312,733.7526708567456,6671109.8110080995,1.083134409755464,1.1003630659062424
22547.5,169.43544090572104,532.2971364071607,458374.38307840005,763.950515955715,2400.021328632606,233450230.96908414,1.1201580478089548,1.2185216581070084
5669.0,84.95878400203028,266.9058916787004,115246.67380736001,383.06216530835417,1203.4252844009243,29431093.60882194,1.2895590413707962,1.234970598676289
8039.5,101.17415341824383,317.84797711192147,163437.22597887996,456.17402293217776,1433.1129592022314,49703877.91444074,1.0638710956510031,1.0180465713827949
22951.0,170.94478872202194,537.0388924185635,466577.24652544,770.7558633898525,2421.4009581368186,239744765.65585038,1.1649291484438555,1.155727881770078
