Area [-],Diameter [-],Perimeter [-],Area [mym^2],Diameter [mym],Perimeter [mym],Volume [mym^3] ,Irregularity [-],Diameter Ratio [-]
4971.5,79.56073401277078,249.94741748873227,101067.00279296,358.7234375167809,1126.962915973196,24170068.44093914,1.0678023606749647,0.9803831119441374
7724.5,99.17226862034954,311.55887053752366,157033.50358528004,447.14792475543203,1404.7566354795867,46811470.16348845,1.0756228430934431,1.0809595415464321
11245.0,119.65608501261816,375.91067763295695,228602.72481279995,539.5053561048927,1694.9060633114761,82221596.30445229,1.0923268116247267,1.1309917719032077
4316.0,74.1303033521175,232.88721641939514,87741.16143103999,334.23871175402735,1050.0418813917688,19550995.17634197,1.0683022496100754,1.0791807989777347
