Area [-],Diameter [-],Perimeter [-],Area [mym^2],Diameter [mym],Perimeter [mym],Volume [mym^3] ,Irregularity [-],Diameter Ratio [-]
4937.0,79.28419535038176,249.0786456585374,100365.64272127998,357.4765799958013,1123.0457975452132,23918911.1393891,1.1425826007212019,1.1253977785849991
3100.0,62.825493143142175,197.37210771665139,63020.76006400001,283.26758348379946,889.9113592728378,11901158.941761076,1.2333118221873745,1.071823213659877
7446.5,97.3713421385902,305.9010931327732,151381.96445696004,439.0279074344755,1379.246848717048,44307271.3859062,1.0966387224391823,1.1047995327038078
