Area [-],Diameter [-],Perimeter [-],Area [mym^2],Diameter [mym],Perimeter [mym],Volume [mym^3] ,Irregularity [-],Diameter Ratio [-]
13832.0,132.7081360835754,416.914905391755,281194.56555007986,598.3544439736247,1879.7859254303448,112169345.27874869,1.0896088391954182,1.1239657018211076
17934.0,151.11015186042403,474.72654296754615,364585.26160896005,681.3254527082798,2140.447036932072,165600812.27766088,1.364603011330456,1.2732004206364707
