Area [-],Diameter [-],Perimeter [-],Area [mym^2],Diameter [mym],Perimeter [mym],Volume [mym^3] ,Irregularity [-],Diameter Ratio [-]
9902.5,112.286484457124,352.75839466792524,201310.6698496,506.2773011202807,1590.5170498787413,67946015.0787809,1.111095500828151,1.1712375316877865
5493.0,83.62956904845468,262.73003974550556,111668.72097792002,377.06900092567247,1184.5972032045356,28071208.70252799,1.0958268621467384,1.1152796347733043
6737.0,92.61649320116149,290.96329464201796,136958.34211328003,417.5892445453969,1311.8953028819305,38128220.41151641,1.0731586651762977,1.1024764017697097
6267.0,89.32744386164458,280.6304413996973,127403.58171647998,402.7595788833831,1265.3065341829551,34208675.28024278,1.0750994192774295,1.0844777654113527
6120.0,88.27358616131554,277.31964979041453,124415.1779328,398.00794528413945,1250.378836975021,33012152.887462888,1.1102950522211714,1.1804297530936172
