Area [-],Diameter [-],Perimeter [-],Area [mym^2],Diameter [mym],Perimeter [mym],Volume [mym^3] ,Irregularity [-],Diameter Ratio [-]
4225.5,73.34898565268936,230.43263447475204,85901.36182272,330.7159065108458,1038.974662319762,18939297.830478005,1.0633761939983635,1.0121129367338249
22705.0,170.02618581622028,534.1530162781307,461576.2442751999,766.614066608174,2408.3891197948356,235900561.1156926,1.2667562974427282,1.2475507903206682
