Area [-],Diameter [-],Perimeter [-],Area [mym^2],Diameter [mym],Perimeter [mym],Volume [mym^3] ,Irregularity [-],Diameter Ratio [-]
11354.5,120.23725882893125,377.7364890247449,230828.78069247995,542.1257526078851,1703.1382817147696,83425484.3043141,1.1050140005261893,1.1560350820842007
8100.0,101.55412503859613,319.04169316299283,164667.14726399994,457.8872389740222,1438.495186133302,50265990.273627765,1.0710375223774025,1.0875489654033146
4337.0,74.31042931861181,233.45309883245443,88168.07625728,335.0508637117569,1052.5933320157706,19693860.06787047,1.0692613014392156,1.0478304532612748
20127.5,160.08475547864322,502.92109176342393,409177.53167359997,721.7901455021065,2267.570618542926,196893540.08192036,1.0963342521161261,1.046599924472609
1951.5,49.84703573484255,156.59908126780925,39672.58492416001,224.7503147212581,706.0739376202984,5944283.9650072,1.1427481954186185,1.264633109937302
