Area [-],Diameter [-],Perimeter [-],Area [mym^2],Diameter [mym],Perimeter [mym],Volume [mym^3] ,Irregularity [-],Diameter Ratio [-]
4957.5,79.44863147357901,249.59523697515866,100782.39290880001,358.21798958807307,1125.3750044735953,24068044.115777075,1.0859044471579928,1.1305565993474973
18875.5,155.02591082347675,487.02826255910094,383725.27631872,698.980826720892,2195.9130302264743,178811073.9166411,1.098795007337927,1.1020657044780318
28806.5,191.5139027470681,601.6586699304993,585615.3305753599,863.4978847059806,2712.7586109826348,337118399.4688112,1.1604553893802796,1.1407626570999976
