Area [-],Diameter [-],Perimeter [-],Area [mym^2],Diameter [mym],Perimeter [mym],Volume [mym^3] ,Irregularity [-],Diameter Ratio [-]
3336.5,65.17793906690262,204.76253454870445,67828.63417856001,293.87429166485055,923.2333157731987,13288727.88254573,1.0690160820753731,1.0645416116130615
3633.5,68.01702644040839,213.6817905842097,73866.42957823999,306.6751688145133,963.4484573860847,15101999.840421407,1.061833307455661,1.0585584781934154
8129.0,101.73575703336628,319.61230690341966,165256.69630976,458.7061813120419,1441.0679693661384,50536178.733662546,1.121593783562044,1.2534209645785466
