Area [-],Diameter [-],Perimeter [-],Area [mym^2],Diameter [mym],Perimeter [mym],Volume [mym^3] ,Irregularity [-],Diameter Ratio [-]
2665.5,58.25650183877827,183.0181982005461,13546.922254079996,131.33345774534172,412.59622602331103,1186109.427623763,1.116102266532706,1.2682524172882026
2730.0,58.9571366089551,185.2193072473832,13874.731852799998,132.91296877122838,417.55840625850067,1229421.2009735827,1.137310170063525,1.2409687363744544
1331.5,41.17424503029617,129.3527057042845,6767.10822784,92.82321799629969,291.61273973973897,418763.17482489697,1.0731215971519197,1.0826589143002001
149828.5,436.7694713786122,1372.1517625953454,761476.28622976,984.6530962759433,3093.378933594947,499859988.65122634,1.0556136332904569,1.0166989188021147
2632.0,57.88926050437117,181.86447552227824,13376.664555520003,130.50554888105438,409.99527361742406,1163819.3000105887,1.1293957657935962,1.2610283732072864
5199.0,81.36075462456154,255.6023490190443,26422.978352640002,183.41968522561152,576.2299356285334,3230996.248109584,1.161385305845033,1.359538368804175
1396.0,42.15972490956609,132.44868205325943,7094.91782656,95.04488383612579,298.5923088208681,449557.09376816894,1.1769256395429508,1.3346449696055886
