Area [-],Diameter [-],Perimeter [-],Area [mym^2],Diameter [mym],Perimeter [mym],Volume [mym^3] ,Irregularity [-],Diameter Ratio [-]
2454.0,55.897494065298574,175.60715670962105,12472.01170944,126.0153106208091,395.8887740861697,1047776.2864209666,1.6222413872067203,2.0136107287872536
2725.5,58.908525521996275,185.06659101371034,13851.861415679998,132.8033799367884,417.2141227813085,1226382.6762788603,1.349817535649575,1.701688968597229
1768.5,47.452335399473604,149.07590828666517,8988.081788160001,106.97654492457329,336.0767276414579,641009.2901312249,1.345296492885417,1.543572429503567
7234.0,95.97194833186501,301.50476783008634,36765.498250239994,216.35916031935648,679.7123485961466,5303034.88676313,1.158258112681548,1.1906579969189826
1904.5,49.24311843240756,154.70181910710372,9679.27722112,111.01368619401961,348.75978099505465,716354.8293402252,1.580791344298609,1.549936829125058
5243.0,81.70431404183293,256.6816727604157,26646.600404479996,184.19420557590814,578.6631630710812,3272099.595201243,1.4271881480725463,1.2555335109959835
2309.5,54.22680820927835,170.35854229789155,11737.616561919998,122.24891642699711,384.0562977563667,956607.27075353,1.3444384691921174,1.5078439366979641
1068.5,36.88436597732868,115.87565318669309,5430.458236159999,83.15211465928977,261.2300725440809,301036.05727044045,1.146152608325109,1.2922577632394272
2913.5,60.906349534230806,191.34294025371162,14807.337455360004,137.30727438996993,431.3635245079675,1355436.7646453301,2.109328511480022,1.8538126040799916
