Area [-],Diameter [-],Perimeter [-],Area [mym^2],Diameter [mym],Perimeter [mym],Volume [mym^3] ,Irregularity [-],Diameter Ratio [-]
2527.0,56.72280255369754,178.19993979372055,12843.02102272,127.87588607705574,401.7339442709636,1094875.1287910498,1.1763324079977875,1.3380001568422433
3465.5,66.4259861972685,208.68339024479573,17612.77774207999,149.7507432831221,470.4558349678674,1758351.0387712717,1.1110850970224737,1.0098764462476737
155798.0,445.38542251700255,1399.2195713954013,791815.19164928,1004.0768965223306,3154.4006017537927,530028893.5002957,1.055521083904246,1.0305679435373112
5857.0,86.356030556724,271.2954711901798,29767.14449152,194.68103528707857,611.6085102511413,3863399.0047661145,1.1400087774354362,1.2582087748220758
3417.0,65.95952944313696,207.21797313279873,17366.28525312,148.69916317660795,467.15219863058144,1721568.0564168077,1.1643739912495914,1.2825174258341605
