Area [-],Diameter [-],Perimeter [-],Area [mym^2],Diameter [mym],Perimeter [mym],Volume [mym^3] ,Irregularity [-],Diameter Ratio [-]
18498.0,153.46786340635305,482.1335122395206,94012.74352127999,345.9779512632823,1086.921789992775,21684224.264088575,1.0877499144722174,1.0995522933378108
48064.0,247.38024472085652,777.167959458288,244276.59771904003,557.694023698699,1752.0474478027647,90821065.78490657,1.3006617046877957,1.1663014090073403
24736.5,177.46968754787775,557.5374666352888,125718.79284864002,400.0876636079356,1256.912464782595,33532358.73494828,1.0759006096235881,1.0646688133680107
60748.0,278.1128473543998,873.7172781175219,308740.73648127995,626.9776030757588,1969.7082317881411,129049017.95391826,1.5466864264674713,1.1645967305185574
28575.0,190.74281111173568,599.2362141136944,145227.27571199997,430.0105933702969,1350.9181210979125,41632844.66831254,1.1169685227602053,1.136592318741941
