Area [-],Diameter [-],Perimeter [-],Area [mym^2],Diameter [mym],Perimeter [mym],Volume [mym^3] ,Irregularity [-],Diameter Ratio [-]
20364.0,161.02251423011273,505.8671477678801,103496.35144704001,363.00915608036615,1140.4268979279088,25046748.79745799,1.0921831240169189,1.0526268864824353
43591.5,235.58951932189777,740.1263031644246,221545.92438144,531.1130123592864,1668.540737853879,78443948.84943284,1.1462429629329072,1.0377563836099142
22503.0,169.26815847989653,531.7716031671158,114367.43255807996,381.5981364770787,1198.8259021799456,29094932.7585542,1.0634810056807205,1.0338624911594594
31900.0,201.53496341094686,633.1407604933185,162125.98758400002,454.3404215136386,1427.352530456137,49106926.35815301,1.1079597985635372,1.0001353471833245
33176.0,205.5261422207252,645.6794185212813,168611.02708735998,463.33813502240287,1455.6196811143766,52082612.55657948,1.172111416369944,1.1418335069519092
25562.0,180.40662194753338,566.764118169322,129914.24748031999,406.70868851851924,1277.7130280009194,35224835.47506086,1.1079660573821049,1.0652753314948429
21649.5,166.02710478636885,521.5895326936392,110029.67298431999,374.29150503038994,1175.87144250454,27455447.93286851,1.0897439862691713,1.1003272224825604
