Area [-],Diameter [-],Perimeter [-],Area [mym^2],Diameter [mym],Perimeter [mym],Volume [mym^3] ,Irregularity [-],Diameter Ratio [-]
107169.0,369.39383964777033,1160.4849729187613,544667.08349184,832.7614721019335,2616.1973229480554,302385174.83608764,1.2265991789209478,1.0805305450813467
23608.0,173.3742748279217,544.6713481208567,119983.39545088001,390.85496517206667,1227.907087203659,31264070.566786673,1.072754337706378,1.0196246692165005
27134.5,185.8728555400607,583.9367974664116,137906.19467392,419.0317655295128,1316.4271162082782,38524717.487779595,1.1159664754861758,1.0472154485155463
82948.0,324.9810359954751,1020.9580352393847,421568.22627328,732.6372475481991,2301.647794643669,205904389.9670882,1.2801116239639965,1.200696376177245
28707.0,191.18286432291026,600.618682049109,145898.14186751997,431.0026493295689,1354.0347568115114,41921657.11810827,1.079621240702115,1.020008268563343
