Area [-],Diameter [-],Perimeter [-],Area [mym^2],Diameter [mym],Perimeter [mym],Volume [mym^3] ,Irregularity [-],Diameter Ratio [-]
38619.5,221.7473215123457,696.6397562163992,196276.63252352,499.90716161743217,1570.5046664142503,65413396.171107106,1.126791273504061,1.0509862020189744
43821.5,236.2102171998746,742.0762830579754,222714.85783424,532.5123136553973,1672.9367725258999,79065602.82049601,1.2841444066689232,1.0667210597194337
22467.5,169.134589813371,531.3519848256094,114187.01022079999,381.2970192752636,1197.8799145908538,29026111.091430064,1.0739753654833475,1.0589563943906435
61198.0,279.1410282611685,876.9474037007878,311027.78019328,629.2955341119783,1976.990226903056,130485595.37359542,1.3776331582882988,1.0740567064778506
21118.5,163.9783806649204,515.1532760444645,107330.96140416001,369.67286137099654,1161.3615455146407,26451562.41065055,1.0637079795284996,1.04441384778563
