Area [-],Diameter [-],Perimeter [-],Area [mym^2],Diameter [mym],Perimeter [mym],Volume [mym^3] ,Irregularity [-],Diameter Ratio [-]
28776.5,191.41415245240205,601.345295137583,146251.36306304,431.52406528869517,1355.672833358167,42073988.495317295,1.0679355958730647,1.0388993111540128
22927.5,170.85724936892623,536.7638794299779,116524.87712639998,385.18058297730727,1210.0804897869423,29922080.068603892,1.0580327721155967,1.0015369155323555
30875.0,198.27070117316413,622.8857782277096,156916.61024,446.9814687247812,1404.2336984365486,46759211.27492616,1.0879932462937327,1.0338283646701658
67385.5,292.9127572191954,920.2125662225549,342474.63123327994,660.3425198749541,2074.5272092921277,150767040.65455317,1.2024733500669273,1.101485934889213
7256.5,96.12108382852696,301.97329081078897,36879.85043584,216.6953713830312,680.7685868038427,5327795.257829995,1.0656774609077337,1.0902146125963315
68367.0,295.0382482914865,926.8899933605354,347462.92768511985,665.1342269483272,2089.580801031991,154072990.5326965,1.2272689186792978,1.1091410896195175
