Area [-],Diameter [-],Perimeter [-],Area [mym^2],Diameter [mym],Perimeter [mym],Volume [mym^3] ,Irregularity [-],Diameter Ratio [-]
48236.0,247.82248219208302,778.5572894490354,245150.75664895994,558.691003853832,1755.1795533339052,91309014.88515593,1.222232175656237,1.0976736082860434
35517.0,212.65382411411926,668.0716915946931,180508.73670911998,479.40678108287045,1506.100821531076,57691408.282036394,1.137146700694298,1.028475192723969
127208.0,402.45031495412024,1264.3349528947626,646511.68114688,907.2839900325687,2850.316717805953,391046465.1157367,1.4806269078591574,1.134103822793282
