Area [-],Diameter [-],Perimeter [-],Area [mym^2],Diameter [mym],Perimeter [mym],Volume [mym^3] ,Irregularity [-],Diameter Ratio [-]
43777.0,236.09025297515188,741.699404330893,222488.69462271995,532.2418663071824,1672.0871371235648,78945198.70549682,1.211280731232531,1.0626733734235478
63764.5,284.93417301240873,895.1471046924664,324071.5528307199,642.3555996391742,2018.019632818696,138779451.0963836,1.377248205120564,1.1184017155641206
31467.5,200.1640961160461,628.8340538706117,159927.88446080004,451.2499382840143,1417.643491045907,48111631.99521933,1.1329275782419381,1.0219982317724101
35863.5,213.688620222532,671.3225994468459,182269.76036735997,481.7396254296761,1513.429668192969,58537710.72435254,1.156258454492162,1.1496858087907535
17166.5,147.84135634082963,464.4573189771012,87245.63529343996,333.2935537347663,1047.0725799019767,19385605.22319864,1.1375430203866927,1.1122261946496557
