Area [-],Diameter [-],Perimeter [-],Area [mym^2],Diameter [mym],Perimeter [mym],Volume [mym^3] ,Irregularity [-],Diameter Ratio [-]
20365.0,161.02646778878182,505.87956823875044,103501.43376639998,363.0180689830297,1140.4548986374389,25048593.748568982,1.0586096631518231,1.0220344672504325
66500.5,290.9829313630968,914.1498394903278,337976.77859967994,655.9919204649653,2060.859398146995,147806690.71077764,1.1525941805191389,1.0408781562574536
30668.5,197.60654588780793,620.7992728623917,155867.11129216,445.4841970494742,1399.5298807409758,46290889.94693928,1.0835762165371396,1.0448802342176589
