Area [-],Diameter [-],Perimeter [-],Area [mym^2],Diameter [mym],Perimeter [mym],Volume [mym^3] ,Irregularity [-],Diameter Ratio [-]
26686.5,184.33205665476345,579.0962350077024,135629.31560064,415.5581885224987,1305.5145522013643,37574581.801032156,1.0595313738645529,0.9981985951831192
18592.5,153.85937162060853,483.36347156924563,94493.0227008,346.86056738149983,1089.6946103057073,21850602.311728287,1.0601916813739831,1.0743619802847713
19754.0,158.5924776485266,498.2329626952146,100396.13663744002,357.5308816108384,1123.2163911000919,23929812.82820408,1.061436611446125,1.0580375639122477
21645.5,166.0117663467411,521.541345564387,110009.34370687998,374.25692605209315,1175.7628094403542,27447839.208496723,1.0682647273716916,1.0466495107960403
28990.0,192.12291482764977,603.5719378088021,147336.43824639998,433.1218991874536,1360.6925765961632,42543091.96853049,1.1208267306836777,1.1130527635186807
