Area [-],Diameter [-],Perimeter [-],Area [mym^2],Diameter [mym],Perimeter [mym],Volume [mym^3] ,Irregularity [-],Diameter Ratio [-]
45002.5,239.3720171865211,752.0093706681444,228717.07699839998,539.6402755452932,1695.329925234265,82283297.63555375,1.2186654352023567,1.0803728271534196
25605.0,180.55829679896695,567.24061876832,130132.78721279997,407.05062430359106,1278.7872509513006,35313754.85155773,1.09318254077407,1.073512247319
