Area [-],Diameter [-],Perimeter [-],Area [mym^2],Diameter [mym],Perimeter [mym],Volume [mym^3] ,Irregularity [-],Diameter Ratio [-]
53866.5,261.88730006717896,822.7432179595152,273766.75580543996,590.3987292714482,1854.792310567931,107754363.16286576,1.1338286692005175,1.0221897616915119
40063.0,225.8534832158336,709.5396436585285,203612.96051968,509.16409256177525,1599.5861726637866,69114938.85121296,1.2032025451545807,1.1419348927997863
17282.0,148.33787719969934,466.01718525968033,87832.64317951999,334.4129103590022,1050.5891424494232,19581579.88679136,1.0633277376938106,1.0534773876725743
