Area [-],Diameter [-],Perimeter [-],Area [mym^2],Diameter [mym],Perimeter [mym],Volume [mym^3] ,Irregularity [-],Diameter Ratio [-]
22086.0,167.69248219589574,526.8214701288632,112248.10538496,378.0459318624273,1187.6663222585091,28289959.733366102,1.0670719547588383,1.0696028051854092
44902.0,239.10458389102095,751.1692041916758,228206.30390271993,539.0373739239176,1693.4358539297139,82007817.84573708,1.1471715032105212,1.24332611406575
90285.0,339.04930658595094,1065.1548107751369,458857.2034176,764.3527567673679,2401.285005411469,233819178.92987165,1.1580329848059254,1.2391820929419723
25154.0,178.9610781937466,562.2228085319829,127840.66118144,403.4498546799823,1267.475099554502,34384864.11722988,1.074227861816375,1.0154523109932712
24047.5,174.9806502217283,549.7179252569468,122217.07480959999,394.4763778598643,1239.284090699261,32141165.989012707,1.0622061761073025,1.0340892975680134
