Area [-],Diameter [-],Perimeter [-],Area [mym^2],Diameter [mym],Perimeter [mym],Volume [mym^3] ,Irregularity [-],Diameter Ratio [-]
34789.0,210.46313340295868,661.1894337502235,176808.80821504002,474.46808794363005,1490.585459446504,55926758.11025468,1.1367947012961266,1.0660996093650594
31296.5,199.61949156283316,627.1231282071263,159058.80785024,450.02218177925107,1413.7863802301456,47719994.493314445,1.078254039236907,1.0169347612835833
