Area [-],Diameter [-],Perimeter [-],Area [mym^2],Diameter [mym],Perimeter [mym],Volume [mym^3] ,Irregularity [-],Diameter Ratio [-]
32916.0,204.7192048990583,643.1443501596251,167289.62405375997,461.518975524437,1449.9046229998587,51471557.27277302,1.11387406488295,1.1024031945611965
40903.0,228.20893299409283,716.9395073778074,207882.10878208,514.4742185418829,1616.268425432529,71299990.3096662,1.133240759583965,1.0335576157949171
26405.0,183.35727468178612,576.0338671225451,134198.64270079997,413.3606400426186,1298.6107500410656,36981624.55976891,1.1007990624282342,1.0512746245393667
27708.5,187.82853330975635,590.0807403804763,140823.44598655996,423.4406454935147,1330.2780211137458,39753580.5794467,1.077331831656292,1.0721470426777509
