Area [-],Diameter [-],Perimeter [-],Area [mym^2],Diameter [mym],Perimeter [mym],Volume [mym^3] ,Irregularity [-],Diameter Ratio [-]
33496.5,206.51650880794344,648.7907469160469,170239.91044223998,465.57081745662765,1462.633859847536,52839156.178891174,1.087425734332907,1.0390407637796961
34395.5,209.26946925181966,657.4394272221517,174808.91554688002,471.77709148130225,1482.1314447296188,54980561.16113844,1.131136738965295,1.127732587289237
36086.0,214.35046585280162,673.4018488167113,183400.57642495996,483.23169021855597,1518.1171279723942,59083313.688593894,1.1044733487367133,1.0643223917458047
20246.5,160.5572933331914,504.4056132158156,102899.17892224,361.96036209034673,1137.1320144337349,24830282.707662243,1.0765187256518038,1.0774969881996408
20496.5,161.54551782288564,507.51021201273653,104169.75876224,364.1882153799134,1144.1310219615132,25291599.026784193,1.093346152744872,1.0404136244690858
