Area [-],Diameter [-],Perimeter [-],Area [mym^2],Diameter [mym],Perimeter [mym],Volume [mym^3] ,Irregularity [-],Diameter Ratio [-]
47421.0,245.71994719779295,771.9519809570581,241008.66637055998,553.9510489627044,1740.2885458695919,89004669.03004943,1.1219131142219496,1.1240036784209413
34140.5,208.49228925077978,654.997844240368,173512.92411008,470.0250168869579,1476.6271400554854,54370276.7232972,1.0677433905495843,1.0920827935316706
6998.5,94.39685881335795,296.55647816999823,35568.61204095998,212.80827850883415,668.556924386444,5046196.73159019,1.1279214791460086,1.1977721188975066
35535.5,212.70920018169494,668.2456606417735,180602.75961727995,479.53162088961307,1506.4930173508142,57736489.37094095,1.0621782780830884,1.0617446955623957
