Area [-],Diameter [-],Perimeter [-],Area [mym^2],Diameter [mym],Perimeter [mym],Volume [mym^3] ,Irregularity [-],Diameter Ratio [-]
45397.5,240.42024089521777,755.3024625707045,230724.59314559994,542.0033910741789,1702.7538716193963,83369007.92608362,1.0612900849854106,0.9970312027017098
37240.5,217.75233010397346,684.0891205567026,189268.11412607998,490.90085298639775,1542.2105133830303,61941252.44507969,1.0573340843943477,0.9965450192720591
55386.0,265.5553528451304,834.2667456197071,281489.3400729599,598.667987454062,1880.7709513250675,112345771.14083397,1.081023599771793,1.0954887548498755
