Area [-],Diameter [-],Perimeter [-],Area [mym^2],Diameter [mym],Perimeter [mym],Volume [mym^3] ,Irregularity [-],Diameter Ratio [-]
17048.0,147.33019975091682,462.85147318939704,86643.38044927998,332.14120231846687,1043.4523611581767,19185224.37024013,1.130480853738379,1.06353253080486
61454.5,279.7254003517147,878.7832627674106,312331.3951091201,630.6129425529057,1981.1289875828506,131306813.41427761,1.0565151457911628,1.0367310213350895
