Area [-],Diameter [-],Perimeter [-],Area [mym^2],Diameter [mym],Perimeter [mym],Volume [mym^3] ,Irregularity [-],Diameter Ratio [-]
69570.5,297.6237755,935.0126667,353579.499,670.9630395,2107.892556,158159183.6,1.08495624,1.140277579
25189.5,179.0873181,562.619403,128021.0835,403.73445,1268.369182,34457681.16,1.055012725,1.010680164
40308.5,226.5444243,711.7102991,204860.6699,510.7217502,1604.479698,69751199.92,1.059133226,1.041738285
