Area [-],Diameter [-],Perimeter [-],Area [mym^2],Diameter [mym],Perimeter [mym],Volume [mym^3] ,Irregularity [-],Diameter Ratio [-]
39925.5,225.4655748519577,708.32099359231,202914.14160767998,508.28959194625344,1596.8388479545035,68759430.82526131,1.0542770782886486,1.003586334944695
68488.5,295.30029894938167,927.7132497822472,348080.42948735994,665.724993951486,2091.436750309098,154483894.54340222,1.1170801721943124,1.2157116036700568
13615.5,131.66545872529213,413.63923786290786,69198.31924607998,296.82661015029856,932.5082978381395,13693268.353274724,1.0864639225326491,1.155854604406967
