Area [-],Diameter [-],Perimeter [-],Area [mym^2],Diameter [mym],Perimeter [mym],Volume [mym^3] ,Irregularity [-],Diameter Ratio [-]
54547.5,263.53753824918624,827.9275941087826,277227.81528960005,594.1190262289655,1866.4799681588395,109804213.10896046,1.0628496404927237,1.0816051120370687
95187.5,348.1328613682976,1093.6916397478376,483773.27408000006,784.8307226686901,2465.618432647525,253120085.53600314,1.0610059498845752,1.0186925444151476
1536.5,44.23044834144888,138.95405157447865,7808.983696640001,99.71312274096235,313.2580138695046,519105.43321682554,1.1330263275384633,1.325919786265658
69838.0,298.19541130811234,936.8085134997524,354939.0194636799,672.2517352530084,2111.9411128338415,159072247.82897344,1.1387318886637245,1.0992334708143365
