Area [-],Diameter [-],Perimeter [-],Area [mym^2],Diameter [mym],Perimeter [mym],Volume [mym^3] ,Irregularity [-],Diameter Ratio [-]
41387.5,229.5565325964969,721.1731163887006,210344.492512,517.5122470855426,1625.8126735866865,72570567.32130215,1.0571989227573464,1.0123867583632897
63633.0,284.64021492075324,894.2236081112582,323403.2278348799,641.6929005173461,2015.9377021260204,138350370.2040241,1.0911363738191733,1.0241975175392424
1784.5,47.66650781817248,149.74875078385108,9069.398897919998,107.45937522528803,337.5935837671139,649727.9594929327,1.3190217482007724,1.6565912672788115
66705.5,291.431090399311,915.5577726261383,339018.65406848,657.0022501962068,2064.0334426083664,148490679.0543205,1.0734607770557838,1.0266093509735799
9996.0,112.81534686899955,354.4198649358333,50802.86432256,254.3309179814726,799.0041435113425,8613826.079496592,1.1600971303961205,1.0199904099309578
