Area [-],Diameter [-],Perimeter [-],Area [mym^2],Diameter [mym],Perimeter [mym],Volume [mym^3] ,Irregularity [-],Diameter Ratio [-]
30376.5,196.66357321743058,617.8368368485983,154383.07403904002,443.35835946137547,1392.8513649914798,45631350.956368566,1.0655567007430546,1.098985507759305
24503.5,176.6318917534941,554.9054535224446,124534.61243775996,398.1989367690771,1250.9788544209991,33059700.175776735,1.0564987556901517,1.036052992374634
30236.5,196.20985575241818,616.41144139371,153671.54932864002,442.33549880825154,1389.6379534779796,45316254.28328053,1.0709391920301101,1.1163828532645768
22142.0,167.90494334451853,527.4889365125498,112532.71526912002,378.5249042758826,1189.1710584738923,28397623.516765874,1.0581386211235762,1.0486265417263727
42055.5,231.40165443144446,726.96973759035,213739.48184448003,521.6718897502484,1638.880576423685,74334586.27203254,1.0570225994753883,1.0241931959488826
