Area [-],Diameter [-],Perimeter [-],Area [mym^2],Diameter [mym],Perimeter [mym],Volume [mym^3] ,Irregularity [-],Diameter Ratio [-]
10920.5,117.916972689602,370.44709513520195,55501.46857088001,265.83202323143877,835.1359312727992,9836045.121675428,1.163239861539902,1.2862300206686088
35635.0,213.00678669149846,669.1805562347797,181108.4503936,480.2024999173141,1508.6006459756873,57979153.756771736,1.066096799307583,1.064326227525995
2747.0,59.1404179000072,185.79510240489293,13961.131281919997,133.32615811377622,418.8564788615906,1240922.664493635,1.396593481433319,1.6418631275273794
