Area [-],Diameter [-],Perimeter [-],Area [mym^2],Diameter [mym],Perimeter [mym],Volume [mym^3] ,Irregularity [-],Diameter Ratio [-]
50095.0,252.55283604328815,793.4181343568616,254598.78833919996,569.3551135759888,1788.6818420941086,96638081.36744954,1.0554783135293941,1.0299764524382848
