Area [-],Diameter [-],Perimeter [-],Area [mym^2],Diameter [mym],Perimeter [mym],Volume [mym^3] ,Irregularity [-],Diameter Ratio [-]
63578.5,284.51829536067544,893.8405865169889,323126.24142976,641.4180450611067,2015.0742182438996,138172668.05721322,1.0834023051818709,1.1514738851769877
