Area [-],Diameter [-],Perimeter [-],Area [mym^2],Diameter [mym],Perimeter [mym],Volume [mym^3] ,Irregularity [-],Diameter Ratio [-]
46410.0,243.0865016226917,763.6787676846916,235870.44149759994,548.0142092581962,1721.6374138683686,86173568.98979257,1.0553911209697724,1.0037579148624476
37443.0,218.3435556033626,685.9465102421984,190297.28379647998,492.23371175222064,1546.3978126900122,62447158.89300471,1.0550320019393884,1.0233676882682978
