Area [-],Diameter [-],Perimeter [-],Area [mym^2],Diameter [mym],Perimeter [mym],Volume [mym^3] ,Irregularity [-],Diameter Ratio [-]
17096.0,147.5374639093147,463.50261274677234,86887.33177855998,332.60845863715906,1044.9202901763235,19266307.66530819,1.0605935347361424,1.0370247389777751
62010.0,280.98680426138776,882.746080023249,315154.6235135999,633.4566515268725,1990.0627628044124,133091195.01609145,1.2032573358683043,1.039307117859162
85088.5,329.1474487250325,1034.0472068623853,432446.93086336,742.0300084057133,2331.1560231505614,213925733.16237596,1.0858120023161275,1.1054487989041994
