Area [-],Diameter [-],Perimeter [-],Area [mym^2],Diameter [mym],Perimeter [mym],Volume [mym^3] ,Irregularity [-],Diameter Ratio [-]
28021.5,188.88642593578916,593.4042080827078,142414.21194624,425.82555862964307,1337.7704467016565,40429074.23920535,1.0814091914389636,1.1153851078690145
1905.5,49.25604483200871,154.74242858912805,9684.359540479998,111.04282746928044,348.85133101133033,716919.110402667,1.1920973321659751,1.1046875692388396
22770.0,170.26938783474748,534.917057952874,115724.41182719999,383.8553079346547,1205.917015448959,29614286.491657767,1.061873559858834,1.045349459680849
