Area [-],Diameter [-],Perimeter [-],Area [mym^2],Diameter [mym],Perimeter [mym],Volume [mym^3] ,Irregularity [-],Diameter Ratio [-]
43465.0,235.24743741837838,739.0516211694021,220903.01098240004,530.3418229159922,1666.1179747643002,78102737.02135833,1.1198631071679002,0.9924140414427439
2157.5,52.41196731440362,164.65705147511878,10965.104019199998,118.15753911359151,371.2028568455077,863739.8046888155,1.4048645139204976,1.791665118010351
46285.5,242.76022933717823,762.6537530694525,235237.69273728,547.2786610177346,1719.3266209197739,85827046.33477326,1.0566777940989969,1.0058427611946985
46727.0,243.91528079814915,766.2824542537569,237481.53673472,549.8826090313474,1727.5071648696696,87057978.0109744,1.1208549449277243,1.0690748916562214
34285.5,208.93456968873633,656.3873092150787,174249.86041727997,471.0220939062872,1479.7595498944734,54717022.74441699,1.0572980706352968,1.0386026607434053
89957.5,338.4338138329464,1063.22118326396,457192.7438272,762.9651899049943,2396.9258355502716,232548099.0782034,1.1019985199467428,1.1977065361123218
65263.0,288.2627835986653,905.6042432569112,331687.40839168,649.859619344831,2041.5942059983804,143700168.63926047,1.1521982611543549,1.2671160167705047
55900.0,266.7847269816914,838.1289383756404,284101.6522240001,601.4394885075251,1889.4778786740437,113913301.59849691,1.0548055442384794,1.0071812002261944
