Area [-],Diameter [-],Perimeter [-],Area [mym^2],Diameter [mym],Perimeter [mym],Volume [mym^3] ,Irregularity [-],Diameter Ratio [-]
48326.5,248.0548545355318,779.2873086961115,245610.70655104003,559.2148640649029,1756.825308724514,91566105.25121641,1.064115711356214,1.0690630497573643
28359.0,190.02052586271958,596.9670880815892,144129.49473024,428.382273504915,1345.8026033711344,41161680.42110325,1.0654092884777369,1.0725781238922754
