Area [-],Diameter [-],Perimeter [-],Area [mym^2],Diameter [mym],Perimeter [mym],Volume [mym^3] ,Irregularity [-],Diameter Ratio [-]
149819.5,436.75635309912747,1372.1105503048884,761430.54535552,984.6235224266729,3093.2860246073406,499814950.43414307,1.1071189007418878,1.0280807818870359
