Area [-],Diameter [-],Perimeter [-],Area [mym^2],Diameter [mym],Perimeter [mym],Volume [mym^3] ,Irregularity [-],Diameter Ratio [-]
68937.0,296.26561477061074,930.7458788746144,350359.84972031997,667.9012019388648,2098.2735093349306,156003843.15954784,1.315105002232473,1.0347019196917144
