Area [-],Diameter [-],Perimeter [-],Area [mym^2],Diameter [mym],Perimeter [mym],Volume [mym^3] ,Irregularity [-],Diameter Ratio [-]
154425.0,443.4185570042457,1393.0404811499252,784837.167168,999.6427949103715,3140.4704607043914,523037879.5582387,1.0986363162546373,1.0059910590424264
