Area [-],Diameter [-],Perimeter [-],Area [mym^2],Diameter [mym],Perimeter [mym],Volume [mym^3] ,Irregularity [-],Diameter Ratio [-]
23494.0,172.9551672081754,543.3546827015981,119404.01104383999,389.91012895411063,1224.938796682483,31037888.8958278,1.3153930208394675,1.16793272650169
249670.0,563.8170954609554,1771.2836450684727,1268902.6746112003,1271.069260007178,3993.1818494423646,1075242122.4261248,1.5608447732785367,1.0794446991757567
