Area [-],Diameter [-],Perimeter [-],Area [mym^2],Diameter [mym],Perimeter [mym],Volume [mym^3] ,Irregularity [-],Diameter Ratio [-]
31285.5,199.58440764952542,627.0129088428196,159002.90233728001,449.9430886050901,1413.5379016952525,47694837.98320618,1.1271962309665722,1.0096810100395142
87729.5,334.21649965231137,1049.9721000161971,445869.33629311994,753.4576768161708,2367.057102276515,223962449.52465475,1.3012123958709256,1.25822310189924
