Area [-],Diameter [-],Perimeter [-],Area [mym^2],Diameter [mym],Perimeter [mym],Volume [mym^3] ,Irregularity [-],Diameter Ratio [-]
68807.0,295.9861370986694,929.8678738736012,349699.14820352,667.2711474752404,2096.2941348606464,155562767.9285846,1.1700894198901668,1.226995558295497
143828.5,427.9347308409792,1344.3966066259459,730982.3700697598,964.7360572079035,3030.807709977532,470136699.7263925,1.0957692037999134,1.0204779036128198
