Area [-],Diameter [-],Perimeter [-],Area [mym^2],Diameter [mym],Perimeter [mym],Volume [mym^3] ,Irregularity [-],Diameter Ratio [-]
32044.5,201.99090224875457,634.5731345966614,162860.38273152,455.3682900295923,1430.5816746347134,49440969.33201147,1.5568003383826194,1.2522230705974247
