Area [-],Diameter [-],Perimeter [-],Area [mym^2],Diameter [mym],Perimeter [mym],Volume [mym^3] ,Irregularity [-],Diameter Ratio [-]
2572.0,57.22562458426154,179.7796017910035,13071.725393920002,129.00944806275922,405.29513427763834,1124250.7188650488,1.4476046130965965,1.3271921871929504
134821.0,414.31802840419505,1301.6184742844264,685203.37843456,934.0385632344173,2934.368688426811,426670919.4109235,1.1029284530577796,1.0067951760164362
