Area [-],Diameter [-],Perimeter [-],Area [mym^2],Diameter [mym],Perimeter [mym],Volume [mym^3] ,Irregularity [-],Diameter Ratio [-]
47748.5,246.56698562822015,774.6130306673965,242673.12596096,555.8606124002595,1746.2876163365786,89928288.27316302,1.0943248324376618,1.0409765120008492
