Area [-],Diameter [-],Perimeter [-],Area [mym^2],Diameter [mym],Perimeter [mym],Volume [mym^3] ,Irregularity [-],Diameter Ratio [-]
1013.5,35.922531628339996,112.85396146193992,5150.930671359999,80.98375530292968,254.41797071979732,278094.47271451564,1.191522517703846,1.1531993039649053
8411.5,103.48842655359981,325.11848059235604,42749.92929664,233.30430882243542,732.9471026474074,6649161.804507052,1.4752452819278492,1.1251757960508075
