Area [-],Diameter [-],Perimeter [-],Area [mym^2],Diameter [mym],Perimeter [mym],Volume [mym^3] ,Irregularity [-],Diameter Ratio [-]
158321.0,448.97723546079226,1410.5035845526797,804637.88339456,1012.1742796228101,3179.8392810155615,542955846.6547409,1.105674297834889,1.008564927365092
