Area [-],Diameter [-],Perimeter [-],Area [mym^2],Diameter [mym],Perimeter [mym],Volume [mym^3] ,Irregularity [-],Diameter Ratio [-]
146375.5,431.7071634573392,1356.2480532196648,743927.0374796799,973.2406292982255,3057.5256111784124,482680012.0724588,1.1223013062237563,1.0066066362534183
