Area [-],Diameter [-],Perimeter [-],Area [mym^2],Diameter [mym],Perimeter [mym],Volume [mym^3] ,Irregularity [-],Diameter Ratio [-]
40665.5,227.54542998361396,714.8550511944522,206675.05793407996,512.9784173550593,1611.569227412773,70679896.0838597,1.1650611498389478,1.0316889402372542
