Area [-],Diameter [-],Perimeter [-],Area [mym^2],Diameter [mym],Perimeter [mym],Volume [mym^3] ,Irregularity [-],Diameter Ratio [-]
46919.0,244.41588778029364,767.8551574711978,238457.34205183998,551.011177411894,1731.0526670030683,87595107.20433006,1.080644926518012,1.0803951300442913
40284.5,226.47697110276724,711.4983886237214,204738.69425792003,510.56968365407846,1604.0019673133177,69688913.57267688,1.0591661579853477,1.0387860065988093
42016.0,231.29295862951082,726.6282596575192,213538.73022976005,521.4268459343692,1638.1107485719112,74229884.39235595,1.1000033213264373,1.0635469513559228
