Area [-],Diameter [-],Perimeter [-],Area [mym^2],Diameter [mym],Perimeter [mym],Volume [mym^3] ,Irregularity [-],Diameter Ratio [-]
38207,220.5598859,692.9093173,194180.1758,497.2302069,1562.094765,64368165.98,1.108921171,1.082468714
31001,198.6748578,624.1554738,157556.9825,447.8925994,1407.0961,47045737.63,1.116401677,1.117251677
38401.5,221.1205743,694.6707718,195168.6869,498.4942227,1566.065788,64860308.58,1.092063295,1.058246166
