Area [-],Diameter [-],Perimeter [-],Area [mym^2],Diameter [mym],Perimeter [mym],Volume [mym^3] ,Irregularity [-],Diameter Ratio [-]
21920.5,167.06300440362952,524.8439073210817,111406.98153088002,376.6268371275424,1183.2081046646467,27972572.725267913,1.097034055100282,1.0805196680434241
21381.0,164.99434749706583,518.3450299806235,108665.07023615998,371.9632569973852,1168.5570355883176,26946275.631261125,1.1151149275594279,1.029981721721692
