Area [-],Diameter [-],Perimeter [-],Area [mym^2],Diameter [mym],Perimeter [mym],Volume [mym^3] ,Irregularity [-],Diameter Ratio [-]
69253.5,296.944935655277,932.880028375312,351968.40379776,669.4326629412565,2103.0847359693034,157079430.55034527,1.0964061046778275,1.0182850992364143
