Area [-],Diameter [-],Perimeter [-],Area [mym^2],Diameter [mym],Perimeter [mym],Volume [mym^3] ,Irregularity [-],Diameter Ratio [-]
28167.0,189.3761818618047,594.9428217019303,143153.68941311995,426.9296643892525,1341.2390972448316,40744371.0514844,1.0732116406751833,1.1038718044301925
34848.5,210.64303519153754,661.7546118875906,177111.20621696,474.87365853580224,1491.8595970393842,56070297.64262449,1.1838134410445222,1.1346696981825544
