Area [-],Diameter [-],Perimeter [-],Area [mym^2],Diameter [mym],Perimeter [mym],Volume [mym^3] ,Irregularity [-],Diameter Ratio [-]
15053.0,138.44159370253726,434.92709372715404,76504.15332608,312.102728843,980.4996400984961,15918103.347261898,1.0706317362435405,1.072134501370471
36736.0,216.27234662663403,679.4396153368588,186704.08400896002,487.5643782350838,1531.7286688154145,60686840.422519624,1.088179666577552,1.0715612644364176
31035.5,198.78537645065379,624.5026782984554,157732.32249727997,448.14175267035387,1407.8788379560378,47124292.97113102,1.0638850394750723,1.0694727100868748
48101.5,247.47673014059006,777.4710773441014,244467.18469503996,557.9115404289462,1752.7307967645422,90927375.73169164,1.061305227578246,1.0286156642586002
