Area [-],Diameter [-],Perimeter [-],Area [mym^2],Diameter [mym],Perimeter [mym],Volume [mym^3] ,Irregularity [-],Diameter Ratio [-]
53562.5,261.1472633,820.4183238,272221.7307,588.7303903,1849.551069,106843470.5,1.157655196,1.111111615
38793.5,222.2463009,698.2073463,197160.9561,501.0320608,1574.038642,65855973.43,1.069344882,0.995725712
32622.5,203.8044579,640.2705876,165797.9633,459.4567698,1443.426013,50784664.45,1.0771288,1.036973457
