Area [-],Diameter [-],Perimeter [-],Area [mym^2],Diameter [mym],Perimeter [mym],Volume [mym^3] ,Irregularity [-],Diameter Ratio [-]
37322.5,217.99193312684326,684.8418556531283,189684.86431359997,491.4410140411554,1543.9074793844122,62145948.04435635,1.0649330760200364,1.0004304587107011
47860.5,246.85599290030868,775.5209737902238,243242.3457292799,556.5121503944558,1748.3344833126805,90244880.59252882,1.144805157276094,1.1626016239296144
17640.0,149.86642575683277,470.81926217742597,89652.1135104,337.8588702262038,1061.4149446527892,20193174.52267675,1.0726912823487473,1.1083379418385202
34702.5,210.20132088350917,660.3669254625032,176369.1875904,473.87785779978304,1488.731196762667,55718301.86481789,1.059707865694298,1.0332951824189567
