Area [-],Diameter [-],Perimeter [-],Area [mym^2],Diameter [mym],Perimeter [mym],Volume [mym^3] ,Irregularity [-],Diameter Ratio [-]
25642.0,180.68870580669685,567.6503107489661,130320.83302911998,407.34461837061735,1279.7108605524693,35390326.66399188,1.0939566688448286,1.0326993383483403
35724.0,213.27261778324697,670.0156892397125,181560.77681663996,480.80178953055196,1510.483369822008,58196497.60133177,1.058497957711867,1.0288434379503242
42605.0,232.90850307243315,731.7036422109518,216532.21633279996,525.0689293264933,1649.5526910003696,75796225.9963706,1.0739835227980232,1.047621691699755
25328.0,179.57898314962193,564.1640142019775,128724.98475007998,404.84285961250765,1271.851353616938,34742260.61986587,1.060860931786375,1.0301873680054272
