Area [-],Diameter [-],Perimeter [-],Area [mym^2],Diameter [mym],Perimeter [mym],Volume [mym^3] ,Irregularity [-],Diameter Ratio [-]
35397.5,212.2957766531471,666.9468523216665,179901.39954559997,478.59959888685484,1503.5649838739648,57400491.774471976,1.0730298633002895,1.005454531293368
24022.0,174.8878507605033,549.4263871513053,122087.47566592,394.2671707544787,1238.6268471939027,32090055.743572365,1.082036785435523,1.1349589962232436
