Area [-],Diameter [-],Perimeter [-],Area [mym^2],Diameter [mym],Perimeter [mym],Volume [mym^3] ,Irregularity [-],Diameter Ratio [-]
23340.0,172.38738635445083,541.570946542688,118621.33386239999,388.6301237974739,1220.9175418858358,30733215.77597733,1.057742685960018,1.0383590341810323
25161.5,178.98775601938195,562.3066193930126,127878.77857664,403.50999717009466,1267.6640427596076,34400243.72105011,1.0582933362777276,1.05035117586279
