Area [-],Diameter [-],Perimeter [-],Area [mym^2],Diameter [mym],Perimeter [mym],Volume [mym^3] ,Irregularity [-],Diameter Ratio [-]
39215.0,223.45041675232875,701.9901877106936,199303.15370239998,503.74661952644993,1582.5666791749877,66932193.292362966,1.058718842095039,1.0158853283840843
34292.0,208.95437412999567,656.4495267022476,174282.89549312,471.06674103866226,1479.8998129975469,54732583.73248387,1.0679695464712196,1.1145413508328277
