Area [-],Diameter [-],Perimeter [-],Area [mym^2],Diameter [mym],Perimeter [mym],Volume [mym^3] ,Irregularity [-],Diameter Ratio [-]
37775.5,219.31087620577128,688.9854375403916,191987.15498367997,494.41443931829076,1553.2487703910588,63280814.391713284,1.06964176298346,1.041203813085817
50433.0,253.40341347272428,796.0903021604875,256316.61228288,571.2726553329096,1794.7059771906029,97617781.13651781,1.1040837336671987,1.056788900847804
62172.5,281.3547326686489,883.9019612045477,315980.5004095999,634.2861093282021,1992.668581339532,133614694.81892234,1.0885410355996357,1.1586796387176104
