Area [-],Diameter [-],Perimeter [-],Area [mym^2],Diameter [mym],Perimeter [mym],Volume [mym^3] ,Irregularity [-],Diameter Ratio [-]
38491.0,221.37810035412525,695.4798137381839,195623.55448576002,499.07478943833996,1567.8896920913617,65087189.509440206,1.0796389456826003,1.0038793012709761
28531.5,190.59757099871786,598.779928841631,145006.19481984,429.6831640595095,1349.889471580573,41537813.732279,1.0794286019578077,1.0789187732446752
29124.0,192.5664262037048,604.9652698896,148017.46904064002,434.1217512336321,1363.8337044391144,42838401.915395044,1.0867898654160288,1.0821443705447782
