Area [-],Diameter [-],Perimeter [-],Area [mym^2],Diameter [mym],Perimeter [mym],Volume [mym^3] ,Irregularity [-],Diameter Ratio [-]
26871.5,184.96987978141448,581.1000154566789,136569.54468224,416.9960969792208,1310.031874845537,37965978.06581559,1.0633518480277635,1.0109754097314902
32477.0,203.34945462027648,638.8411527465516,165058.48585472,458.4310104959513,1440.203494751826,50445285.64087399,1.0716010061988326,1.0805348922158555
24825.5,177.7886619495821,558.5395542723663,126171.11927167999,400.80675949913785,1259.1715711516224,33713491.63844085,1.1211346471316503,1.205672692183095
26051.0,182.1240329552795,572.1595239744514,132399.50164736004,410.5804198943821,1289.8764308480033,36240428.65345334,1.0643619786059242,1.0467780928329706
