Area [-],Diameter [-],Perimeter [-],Area [mym^2],Diameter [mym],Perimeter [mym],Volume [mym^3] ,Irregularity [-],Diameter Ratio [-]
25532.5,180.30249215124715,566.4369847662894,129764.3190592,406.4739383057716,1276.9755384571229,35163875.87970648,1.0743316702503491,1.0827708786078833
35518.0,212.65681778373227,668.0810964851565,180513.81902847998,479.413530011646,1506.1220239161369,57693844.797551356,1.0769568443769426,1.0085578354098201
