Area [-],Diameter [-],Perimeter [-],Area [mym^2],Diameter [mym],Perimeter [mym],Volume [mym^3] ,Irregularity [-],Diameter Ratio [-]
41147.0,228.88859199885377,719.0747191141105,209122.19470592003,516.0064418022159,1621.0820467708506,71938933.06138133,1.0761575045486498,1.0985137744192301
45071.0,239.55412649495003,752.581483933655,229065.21587455994,540.0508227702153,1696.6196973800318,82471238.86739539,1.0726991245828845,1.0827777605438258
27519.5,187.18684689726282,588.0648230610783,139862.88762752002,421.9940276451893,1325.7333371088948,39347535.51201579,1.0594520344228258,1.051989401849591
27593.0,187.43665265330935,588.8496109890984,140236.43810047998,422.5571897416206,1327.5025630138236,39505276.78874237,1.0659277394375866,1.040351485366526
