Area [-],Diameter [-],Perimeter [-],Area [mym^2],Diameter [mym],Perimeter [mym],Volume [mym^3] ,Irregularity [-],Diameter Ratio [-]
35393.0,212.28228189562034,666.9044572905584,179878.52910848003,478.5691763054865,1503.4694085158349,57389546.34032518,1.0554683248774728,0.9986702522080522
42258.0,231.95809251116572,728.7178393737798,214768.65151488,522.926323757172,1642.8214970842491,74872120.92997427,1.0733657924792213,1.0609128059594204
24929.0,178.15888585951268,559.7026469879875,126697.13932543999,401.6413922816854,1261.793647369719,33924543.6245176,1.0621703595398773,1.0327859826486192
56540.5,268.30877823712456,842.9168866034034,287356.8777740801,604.8753096577736,1900.271829158713,115876720.28392513,1.1118450806420526,1.2294015297575842
51507.5,256.0886288971972,804.5261552113176,261777.56443519998,577.3262049858414,1813.7237643083943,100754031.88387372,1.1119464004601183,1.1583680959923486
