Area [-],Diameter [-],Perimeter [-],Area [mym^2],Diameter [mym],Perimeter [mym],Volume [mym^3] ,Irregularity [-],Diameter Ratio [-]
46018.0,242.05771495579876,760.4467390498696,233878.17230848005,545.6949125963528,1714.3511285140262,85084085.86404717,1.1152168948017815,1.1924706823260465
40736.0,227.74258735320365,715.4744393383563,207033.36144896003,513.4228889290623,1612.9655760443904,70863777.69321321,1.1097248860795133,1.1515298189019396
40911.0,228.2312489880828,717.0096151405838,207922.76733695995,514.5245277187338,1616.426476372932,71320909.110681,1.059533239000164,1.0121313405775638
26497.5,183.67815557822865,577.0419441894862,134668.7572416,414.0840339355587,1300.8833589807778,37176121.49579347,1.0786027997116623,1.043314145555642
36366.0,215.1804574858947,676.0093444337775,184823.62584576002,485.102823356201,1523.9954660915082,59772308.4804722,1.0802212754155815,1.0448808364305366
