Area [-],Diameter [-],Perimeter [-],Area [mym^2],Diameter [mym],Perimeter [mym],Volume [mym^3] ,Irregularity [-],Diameter Ratio [-]
32827,204.4422523,642.274278,166837.2976,460.8946136,1447.943132,51262941.22,1.064048916,1.060928392
30152.5,195.937121,615.5546198,153244.6345,441.7206455,1387.706335,45127545.92,1.085752848,1.062737319
