Area [-],Diameter [-],Perimeter [-],Area [mym^2],Diameter [mym],Perimeter [mym],Volume [mym^3] ,Irregularity [-],Diameter Ratio [-]
15364.5,139.86668289869252,439.40414347650557,78087.29580671998,315.3154499268124,990.5927010534341,16414753.873909334,1.3282294061767996,1.065300162354768
39704.0,224.83928234222086,706.3534376447224,201788.40786944004,506.8776781123027,1592.403189826262,68188026.43389338,1.0580430903951263,1.0365618822656664
30946.5,198.50014501542995,623.6065973169833,157279.99607424004,447.4987269227853,1405.8587129914072,46921732.00909539,1.0711834007154506,1.0836754095843475
28722.0,191.2328062961043,600.7755793852011,145974.37665791996,431.11523851393747,1354.3884661659974,41954518.806535006,1.1073504593177137,1.0762985552852884
