Area [-],Diameter [-],Perimeter [-],Area [mym^2],Diameter [mym],Perimeter [mym],Volume [mym^3] ,Irregularity [-],Diameter Ratio [-]
31470.5,200.1736373566408,628.8640285619701,159943.13141888,451.271448056811,1417.7110659901052,48118512.348092526,1.0798991556493713,1.038869566806415
35612.0,212.93803480615813,668.964565816874,180991.55704831998,480.0475056670029,1508.1137171775608,57923030.33855539,1.0646016807834022,1.002856155155493
45788.5,241.45336794939513,758.5481269343329,232711.78001535998,544.3324727051164,1710.0708973607602,84448385.76224665,1.071211632191842,1.0857767752631275
