Area [-],Diameter [-],Perimeter [-],Area [mym^2],Diameter [mym],Perimeter [mym],Volume [mym^3] ,Irregularity [-],Diameter Ratio [-]
40799.0,227.9186262367556,716.0274818016693,207353.54756864006,513.8197509881419,1614.2123549736834,71028232.11881763,1.065135210262015,1.0856888675387066
37842.5,219.50527891520147,689.5961716641755,192327.6703808,494.8527007864302,1554.6256093997172,63449244.74926746,1.0788026255182892,1.0775132042138849
27845.0,188.29061347595265,591.5324080359682,141517.18257919996,424.48235902018763,1333.5506606762865,40047698.335406266,1.0548118699791837,1.0214690726186504
13254.5,129.9082504912302,408.11880538395144,67363.60195711999,292.86515990742936,920.0630348575801,13152301.372741578,1.1508618898447291,1.1609551887613516
