Area [-],Diameter [-],Perimeter [-],Area [mym^2],Diameter [mym],Perimeter [mym],Volume [mym^3] ,Irregularity [-],Diameter Ratio [-]
41816.5,230.74319366433744,724.9011220817293,212524.80751744,520.1874557968823,1634.2170896210507,73701825.94414617,1.063467415780597,1.055719140551903
35194.0,211.68465352360647,665.0269523874628,178867.14755584,477.2218829036184,1499.236761462296,56906211.29746487,1.08044334807933,1.0769373030062046
25331.0,179.58961803981435,564.1974246948778,128740.23170816002,404.86683490895746,1271.9266742321324,34748433.42475236,1.0927018359221672,1.1666292190852636
24043.0,174.9642774227571,549.6664885919803,122194.20437247997,394.4394670218636,1239.1681318817602,32132144.56389445,1.212294073287762,1.2262703020002115
23848.0,174.25331177008994,547.4329241206063,121203.15209728002,392.83666605449076,1234.132784137495,31742028.123460565,1.065310155427936,1.077360280242213
