Area [-],Diameter [-],Perimeter [-],Area [mym^2],Diameter [mym],Perimeter [mym],Volume [mym^3] ,Irregularity [-],Diameter Ratio [-]
34255.0,208.84161607520423,656.0952868256817,174094.8496768,470.8125392799404,1479.1012146198166,54644025.50126246,1.0954581931893743,1.111403411388639
28107.5,189.1760568984447,594.3141105872386,142851.29141119999,426.47850267185373,1339.8217309078707,40615336.577192806,1.0598013559168937,1.0166880602302024
