Area [-],Diameter [-],Perimeter [-],Area [mym^2],Diameter [mym],Perimeter [mym],Volume [mym^3] ,Irregularity [-],Diameter Ratio [-]
34973.5,211.02048056479072,662.9403914993343,177746.49613696,475.7245713852642,1494.532818596099,56372250.45999188,1.0842099785011137,1.1221540426681824
34346.0,209.11883081988074,656.9661826310241,174557.34073856001,471.43749220033914,1481.0645621233807,54861916.641964555,1.2020708615097024,1.1011634697418766
39476.5,224.19420351056726,704.3268627262131,200632.18021504,505.42341239422285,1587.8344793299748,67602800.77358547,1.0914912213334806,1.0720617107791368
