Area [-],Diameter [-],Perimeter [-],Area [mym^2],Diameter [mym],Perimeter [mym],Volume [mym^3] ,Irregularity [-],Diameter Ratio [-]
9950.0,112.55546841497693,353.6034326938495,50569.077632,253.745047994724,797.1635786650144,8554435.353853842,1.227335074316232,1.1114098208850522
13165.0,129.4689098063254,406.7385759158314,66908.7343744,291.87471026737995,916.9514455446503,13019311.639923392,1.1597867468854315,1.09498649974032
