Area [-],Diameter [-],Perimeter [-],Area [mym^2],Diameter [mym],Perimeter [mym],Volume [mym^3] ,Irregularity [-],Diameter Ratio [-]
2101.0,51.72113961900469,162.48675226235713,10677.952975359996,116.60013715708416,366.31013430025786,830033.8543225803,1.0659081785194624,1.1020638837404042
5899.0,86.66510297918491,272.2664508420102,29980.60190464,195.37780815627445,613.7974867782278,3905029.5248895935,1.0820023026325476,1.0777743614730901
10543.0,115.86097065078827,363.9879742342991,53582.89301248,261.1969722351371,820.5744891138038,9330459.612306042,1.120107403103222,1.0616172064597074
4831.0,78.42844025361956,246.3902117332772,24552.68482816,176.80907570775992,555.4620933315001,2894091.6737406068,1.105192670040112,1.150991130972838
79643.5,318.4419157100945,1000.4147829898931,404773.70194815996,717.895454776837,2255.335086772415,193723467.22785214,1.344968165034406,1.0851305649812395
4892.0,78.92203654775018,247.94089022475714,24862.70630912,177.92183919324802,558.9579429226925,2949078.9558934676,1.0907873691741024,1.0724012815918793
11397.0,120.46207324858165,378.44276435393965,57923.19374591998,271.56969793160243,853.1613679595214,10486789.48587545,1.0868317283098232,1.0273465408079836
