Area [-],Diameter [-],Perimeter [-],Area [mym^2],Diameter [mym],Perimeter [mym],Volume [mym^3] ,Irregularity [-],Diameter Ratio [-]
3919.0,70.63869885421944,221.91801737955754,19917.60957184,159.2478826969523,500.29197838047446,2114558.1018000473,1.0956166873000641,1.192009763820322
7587.0,98.28564710020319,308.7734668833173,38559.55698432,221.57516282269808,696.0989037417505,5695893.411447872,1.1396919515075676,1.192703851675587
