Area [-],Diameter [-],Perimeter [-],Area [mym^2],Diameter [mym],Perimeter [mym],Volume [mym^3] ,Irregularity [-],Diameter Ratio [-]
4235.0,73.43139295937,230.69152466402204,21523.622489599995,165.54373228760372,520.0709732025713,2375400.5328518585,1.0886272628322329,1.0855243227437672
18504.5,153.4948245236686,482.2182130876117,94045.77859711999,346.0387324061585,1087.1127395847118,21695654.675931755,1.2302054703238676,1.0220987699406046
11378.0,120.36161987941456,378.127180787336,57826.62967808001,271.3432358561522,852.4499163669703,10460576.543670423,1.1713032154834422,1.0800321183234263
14753.5,137.05743184245875,430.5786209961522,74981.99867776,308.982274345639,970.6964431737255,15445405.657623986,1.101714409885269,1.0686315636895318
