Area [-],Diameter [-],Perimeter [-],Area [mym^2],Diameter [mym],Perimeter [mym],Volume [mym^3] ,Irregularity [-],Diameter Ratio [-]
16384.0,144.4325333882256,453.74818583181207,83268.72039423998,325.6087032704158,1022.9299101392371,18075346.71370354,1.0639369201029452,1.0454708261200505
9368.5,109.21696147966841,343.1152038319257,47613.708924160004,246.21871795976446,773.5189155186932,7815590.912410715,1.0729611266099768,1.0529500037538413
