Area [-],Diameter [-],Perimeter [-],Area [mym^2],Diameter [mym],Perimeter [mym],Volume [mym^3] ,Irregularity [-],Diameter Ratio [-]
10470.0,115.45916175590898,362.72565436199926,53211.88369920001,260.2911342625212,817.7287151936912,9233721.042873422,1.1363709758395997,1.0504512243980981
6879.5,93.59087267466604,294.02439803778856,34963.81603712,210.99126335776714,662.8486029363905,4918039.811653672,1.1805817491170942,1.0948345633337957
19073.5,155.83688413371888,489.57601035281505,96937.61831295998,351.3186715910558,1103.7001577393862,22703996.861939937,1.155635954334031,1.0400834158463388
13716.0,132.15049600961584,415.16302743205637,69709.09234175998,297.9200782040779,935.9435290428279,13845158.82799495,1.1482250122339908,1.05735252044769
