Area [-],Diameter [-],Perimeter [-],Area [mym^2],Diameter [mym],Perimeter [mym],Volume [mym^3] ,Irregularity [-],Diameter Ratio [-]
15482.5,140.40274659479476,441.08823724603656,78687.00949119999,316.52395192330533,994.3893220474649,16604215.472787505,1.0817432500841249,1.021843941977705
13670.0,131.9287102056625,414.46626677968607,69475.3056512,297.4200842876455,934.3727518281243,13775567.508459894,1.1516102561438497,1.0425941062313313
6547.0,91.30114621066436,286.8310101997507,33273.94484992,205.82930401732173,646.6318293943181,4565835.273579854,1.1102383634781219,1.16173462929298
7881.5,100.17503417433998,314.70915143521296,40056.300035839995,225.83459704263205,709.4803109955441,6030732.251741796,1.0723011467156045,1.088095461093644
