Area [-],Diameter [-],Perimeter [-],Area [mym^2],Diameter [mym],Perimeter [mym],Volume [mym^3] ,Irregularity [-],Diameter Ratio [-]
50271.5,252.99735526908918,794.8146326910176,255495.81770624002,570.3572377186347,1791.83010793863,97149259.22372992,1.132471200343562,1.1063398734505137
