Area [-],Diameter [-],Perimeter [-],Area [mym^2],Diameter [mym],Perimeter [mym],Volume [mym^3] ,Irregularity [-],Diameter Ratio [-]
3652.5,68.1946290930978,214.23974577315684,18563.171462399994,153.73797182747967,482.9820828710047,1902576.2208767498,1.0622713041056788,1.0411377104650335
12495.0,126.13139225215052,396.2534552864086,63503.580403199994,284.35061069324814,893.3137895976796,12038187.912571803,1.1443325805275093,1.0353200929157846
12425.0,125.77758680835944,395.1419427033945,63147.818047999994,283.5529917007655,890.8079956305326,11937168.484590659,1.119998636041461,1.0877608379941186
2633.0,57.900256659946535,181.89902096385154,13381.74687488,130.53033861418348,410.07315286090693,1164482.6338849186,1.071995586554813,1.0736168161407555
6277.0,89.39868356023268,280.8542475134256,31901.718622720007,201.54039221818857,633.1578155942667,4286323.255771521,1.1027272235417358,1.0709955269693876
