Area [-],Diameter [-],Perimeter [-],Area [mym^2],Diameter [mym],Perimeter [mym],Volume [mym^3] ,Irregularity [-],Diameter Ratio [-]
8844.5,106.1186465867811,333.3815605259231,44950.57357952,239.2338768652393,751.575390049641,7169133.323163178,1.1405325938196993,1.048655822749344
3324.5,65.0606245472025,204.39398011545512,16896.170712319996,146.6726719792133,460.78578877228205,1652137.6697286011,1.0645163522468546,1.0371080782207693
3404.5,65.83877299928106,206.83860557590742,17302.756261119994,148.4269298495792,466.2969524103256,1712129.9931824163,1.0559400195236108,1.0328260522221844
