Area [-],Diameter [-],Perimeter [-],Area [mym^2],Diameter [mym],Perimeter [mym],Volume [mym^3] ,Irregularity [-],Diameter Ratio [-]
8723.0,105.38723143115975,331.0837520462988,44333.07177728,237.58497453840653,746.395210613176,7021914.486276277,1.0672903050937048,1.042916764972875
3009.0,61.89650870693843,194.45361703657443,15292.698954239997,139.53948922892198,438.37623424725336,1422623.600670879,1.0843347400965688,1.1092467427599886
7096.0,95.0521320615204,298.61507979251934,36064.138178559995,214.28552651949158,673.1978358842556,5152015.225376285,1.0618291889008906,0.9994515424284576
