Area [-],Diameter [-],Perimeter [-],Area [mym^2],Diameter [mym],Perimeter [mym],Volume [mym^3] ,Irregularity [-],Diameter Ratio [-]
2105.5,51.77649912305664,162.6606692735931,42803.29364991999,233.44987924603777,733.4044256207766,6661615.822604346,1.0980538348533542,1.062257992169036
8269.5,102.61118075135587,322.362531624634,168112.95979008,462.6532917717134,1453.4681825891498,51852009.4909108,1.0712189373989476,0.9869272982641012
