Area [-],Diameter [-],Perimeter [-],Area [mym^2],Diameter [mym],Perimeter [mym],Volume [mym^3] ,Irregularity [-],Diameter Ratio [-]
6882.0,93.60787652151602,294.0778171981352,139906.08734208,422.0591936602114,1325.9380621829519,39365766.94116893,1.0763615381552492,1.110426797206013
7714.5,99.10805450547102,311.35713594596456,156830.21081088,446.8583961542677,1403.847054553165,46720597.64765703,1.0944881389529924,1.1452819718558238
