Area [-],Diameter [-],Perimeter [-],Area [mym^2],Diameter [mym],Perimeter [mym],Volume [mym^3] ,Irregularity [-],Diameter Ratio [-]
6273.0,89.3701944952772,280.76474647625383,127525.55738111999,402.95233294030584,1265.9120889121332,34257813.90415675,1.1027821981517714,1.152841518329432
11065.0,118.69454731576585,372.8899178683761,224943.4548736,535.169974937325,1681.286061684934,80255322.07134654,1.075278355858769,1.1196448337326763
