Area [-],Diameter [-],Perimeter [-],Area [mym^2],Diameter [mym],Perimeter [mym],Volume [mym^3] ,Irregularity [-],Diameter Ratio [-]
2071.5,51.35674947773554,161.3419868715054,42112.098216959996,231.557312045214,727.4587504062436,6500909.511802204,1.0801095809434265,1.0714001332720138
17624.0,149.79844370490807,470.60569026252335,358283.18560256006,675.4112229766895,2121.866936255665,161325656.37320623,1.1776638117445841,1.1911372846176185
2307.0,54.19745039855676,170.26631201540312,46899.64305407999,244.3654643570127,767.6967476150496,7640435.3687256025,1.2360095715229291,1.5003893246450941
25905.0,181.61296871744702,570.5539683193645,526629.9320831998,818.8565533532251,2572.5137323583504,287489580.7188614,1.1055638337037577,1.149360903570442
11792.5,122.53439244265019,384.9531471099185,239733.00421119996,552.4830686454211,1735.6767496892003,88298950.54812628,1.066929366004206,0.9916148851605341
