Area [-],Diameter [-],Perimeter [-],Area [mym^2],Diameter [mym],Perimeter [mym],Volume [mym^3] ,Irregularity [-],Diameter Ratio [-]
7945.5,100.58093657693408,315.984331441277,161526.27389952,453.4993268380804,1424.7101536024297,48834704.32006381,1.0976353345533285,1.0041664299153288
