Area [-],Diameter [-],Perimeter [-],Area [mym^2],Diameter [mym],Perimeter [mym],Volume [mym^3] ,Irregularity [-],Diameter Ratio [-]
8629.5,104.82089797026205,329.3045630060605,175431.49966848,472.61646476831754,1484.7684136817256,55274543.45488086,1.071888283340788,1.0537364952091084
11745.5,122.28996309054499,384.1852496530231,238777.52817152004,551.3809855826493,1732.2144536355506,87771592.54546767,1.118070630383633,1.0228549352029392
4621.0,76.70488860705807,240.97551454235705,93941.59105023998,345.8470017515034,1086.5103999685793,21659611.736327577,1.0642192915159046,1.0494563962734698
3093.0,62.75452104721905,197.1491423014894,62878.45512192001,282.94758449770126,888.9060528089555,11860871.329129584,1.1513869399683174,1.2988094433778357
2226.5,53.2434770310208,167.26931629223185,45263.13622016,240.0641892374666,754.1838932984149,7244038.732691812,1.0876105911929868,1.039373427130794
