Area [-],Diameter [-],Perimeter [-],Area [mym^2],Diameter [mym],Perimeter [mym],Volume [mym^3] ,Irregularity [-],Diameter Ratio [-]
5007.0,79.84428846504275,250.83823007288257,101788.69214207996,360.00192783118473,1130.9794117526128,24429416.935042504,1.1166864214846366,1.2703863001342939
6809.5,93.11350428307426,292.52470100570787,138432.21472767997,419.8301681115252,1318.9353718945354,38745346.65411509,1.0880838778671302,1.1499034609095096
3567.0,67.39173136275937,211.7173681619417,72514.53262848001,303.8558383684095,954.5912695685628,14689309.40381345,1.1255980463301807,1.059341328807171
8079.5,101.42553377571028,318.6377117961948,164250.39707647997,457.3074466879225,1436.6737149466833,50075286.46968165,1.0659880543228026,1.0265386019778284
