Area [-],Diameter [-],Perimeter [-],Area [mym^2],Diameter [mym],Perimeter [mym],Volume [mym^3] ,Irregularity [-],Diameter Ratio [-]
7954.5,100.6378853046697,316.1632411459625,161709.23739648,453.7560972616947,1425.5168216789157,48917701.63479444,1.0974637705484112,1.1657686130913805
11542.0,121.2259494717746,380.84255228497454,234640.52021248004,546.5835609783373,1717.1428997424932,85500434.05836459,1.0957378610804025,1.1056183362751546
7158.5,95.46981345423622,299.9272645874165,145527.13255423997,430.4542949024602,1352.3120505717434,41761852.82187482,1.0927557892415147,1.166564593267472
5473.5,83.48099573021344,262.2632829003994,111272.30006784,376.3991135483863,1182.4926899413208,27921863.405350015,1.089992475255034,1.097997885450893
