Area [-],Diameter [-],Perimeter [-],Area [mym^2],Diameter [mym],Perimeter [mym],Volume [mym^3] ,Irregularity [-],Diameter Ratio [-]
3697.0,68.6087938742979,215.5408828071507,75157.33869568,309.34332982043435,971.830732400881,15499614.275042554,1.1689917330224904,1.0428402503456389
4714.0,77.47290632138153,243.38831335150246,95832.21385216001,349.30984002184505,1097.3892272392543,22316756.859758172,1.098743609068752,1.0852329282451671
5986.0,87.30184370782031,274.2668308373326,121691.05475583998,393.6265529098202,1236.6142868793652,31933886.93566765,1.2174517568405674,1.1796504216216916
3857.0,70.07770632693055,220.155607377108,78410.02308608,315.96636228686447,992.6376025419045,16516619.840891838,1.0968615870286427,1.1843994952229688
