Area [-],Diameter [-],Perimeter [-],Area [mym^2],Diameter [mym],Perimeter [mym],Volume [mym^3] ,Irregularity [-],Diameter Ratio [-]
16218.0,143.69898724944053,451.4436826711357,329700.22152192006,647.9099937102775,2035.469276427617,142410712.3016962,1.075948182329702,1.0579612077409013
10254.0,114.26197220297905,358.96457245756017,208456.41086976,515.184380268792,1618.4994642966471,71595657.897996,1.0910456895931249,1.1878479140532059
