Area [-],Diameter [-],Perimeter [-],Area [mym^2],Diameter [mym],Perimeter [mym],Volume [mym^3] ,Irregularity [-],Diameter Ratio [-]
13372.0,130.48279270539314,409.9237829831429,271843.09792768,588.3208157500766,1848.2643527143948,106620635.41922711,1.0785713078366588,1.026955334275747
15030.5,138.33808939385372,434.60192535137895,305559.20456192,623.7387774590077,1959.5331610242974,127059416.46319921,1.0710660538454255,1.1023055573105058
12269.5,124.9880498052837,392.66153905479445,249430.06955008,563.5461189620631,1770.4323472902572,93710231.76492338,1.076545001593142,1.1473096357602528
