Area [-],Diameter [-],Perimeter [-],Area [mym^2],Diameter [mym],Perimeter [mym],Volume [mym^3] ,Irregularity [-],Diameter Ratio [-]
1664.5,46.03593403214144,144.62615215651988,8459.52057472,103.78340968205966,326.04519742165843,585305.2596799856,1.5883909382225994,1.393236232149291
1288.0,40.49608047229867,127.22218891095459,6546.027335680001,91.29436381675012,286.809702680856,398410.2674253076,1.1179291670497853,1.1129059487189346
58685.5,273.3508721452255,858.7570917838032,298258.4528012801,616.2422061641963,1935.981987717406,122532964.64092045,1.055768675591235,1.0225498473245211
