Area [-],Diameter [-],Perimeter [-],Area [mym^2],Diameter [mym],Perimeter [mym],Volume [mym^3] ,Irregularity [-],Diameter Ratio [-]
11403.0,120.49377796639568,378.54236766250835,57953.687662079996,271.6411730474424,853.3859136583587,10495071.799301667,1.0947686095162579,1.163795636781753
3508.0,66.83206059168721,209.95911057911246,17828.77631488,150.66619739789965,473.33181888955113,1790795.9544138052,1.1136614843875778,1.1521416415758026
3839.0,69.91399439481548,219.64129117387026,19511.02402304,157.614108963672,495.15932682237315,2050141.7775734991,1.1726551406711356,1.0815911099333615
20497.5,161.5494585822218,507.52259227331655,104174.84108159998,364.1970994277608,1144.1589320209648,25293449.970177766,1.171457588267047,1.1999488650646086
20713.5,162.39842151287,510.18968797941096,105272.62206336,366.1110014586141,1150.171632580784,25694310.05986062,1.1108460554068127,1.1012382620638776
9204.0,108.25385337133473,340.08951047417185,46777.66738944001,244.04748704033702,766.6977924129731,7610648.1173343705,1.5594642294774073,1.8657389844168273
1651.5,45.85580779061821,144.06026887943176,8393.450423040002,103.37733308316969,324.769470161791,578461.6800664518,1.207299426371354,1.3566737030313323
