Area [-],Diameter [-],Perimeter [-],Area [mym^2],Diameter [mym],Perimeter [mym],Volume [mym^3] ,Irregularity [-],Diameter Ratio [-]
1851.0,48.54653846882171,152.51344861086457,9407.37313536,109.44331632411166,343.82631854833306,686382.7425547697,1.1442247751418269,1.3108990320988372
84546.5,328.097465959357,1030.7485887193432,429692.3137702399,739.6629272587744,2323.719618408887,211884983.0825943,1.058550689030537,1.0387932697271873
1653.0,45.87662768172073,144.125676496368,8401.073902080001,103.4242694456712,324.9169250934119,579249.9539211455,1.104563475485397,1.067865635146383
68566.5,295.46840650750386,928.2413752518568,348476.85039743996,666.1039756305166,2092.6273563677855,154747876.97662368,1.0585500588105548,1.0559502542175183
71863.0,302.4877078548862,950.293160798126,365230.71616767993,681.9282885880555,2142.3409017032955,166040771.4773439,1.06051817166543,1.064506066324105
2522.0,56.666658025880444,178.0235565575911,12817.609425920002,127.74931385354488,401.33630590343336,1091627.2062693394,1.3564509864333034,1.513591234217115
