Area [-],Diameter [-],Perimeter [-],Area [mym^2],Diameter [mym],Perimeter [mym],Volume [mym^3] ,Irregularity [-],Diameter Ratio [-]
5372.5,82.7071910663738,259.8323038531673,27304.760761599995,186.45509154003307,585.7659458065802,3394074.444855219,1.1825395416340814,1.314238142886496
20301.5,160.77522389174553,505.0902622575619,103178.70648703998,362.4516647415511,1138.6754872334475,24931529.288071677,1.1100173256111752,1.1715931059609572
15969.5,142.59382493519198,447.9717128636682,81162.09901951998,321.4635189338968,1009.9074294798536,17393769.303250846,1.2364927503656793,1.4450206766265925
2670.5,58.311115614565736,183.1897724373448,13572.33385088,131.456579041477,412.98302298275013,1189448.3850970138,1.1120864817117289,1.1065872430985288
4238.0,73.45739711280015,230.77321912140104,21538.86944768,165.60235605109665,520.2551451872864,2377925.0181418606,1.1680882652890392,1.1997565959050909
17161.5,147.81982426918418,464.38967397900325,87220.22369664,333.2450118324488,1046.920081018265,19377136.31854375,1.09428286059897,1.1731375002190945
31905.0,201.55075706822677,633.1903777310023,162151.39918079998,454.37602673461043,1427.4643875567715,49118472.32615311,1.446873394643273,1.3442156074270277
