Area [-],Diameter [-],Perimeter [-],Area [mym^2],Diameter [mym],Perimeter [mym],Volume [mym^3] ,Irregularity [-],Diameter Ratio [-]
2645.5,58.037532817969385,182.33028673340914,13445.275866880003,130.8398139848302,411.0453984117976,1172784.9289315373,1.0772163238970613,1.063371821529911
16008.0,142.7656073153492,448.51138312718626,81357.76831488001,321.8507851317232,1011.1240621219287,17456707.73913931,1.388743109494715,1.4820866691695143
