Area [-],Diameter [-],Perimeter [-],Area [mym^2],Diameter [mym],Perimeter [mym],Volume [mym^3] ,Irregularity [-],Diameter Ratio [-]
14822.0,137.37523987991642,431.577044391881,75330.13755391998,309.6987407852836,972.9472888770565,15553099.162420815,1.347121844179931,1.3718190002662152
76246.0,311.57570882191254,978.843957871953,387506.52192256,702.4162779681196,2206.705818626531,181460592.54481077,1.0562922644640207,1.0430851661345666
1265.5,40.140810204358715,126.10607444715554,6431.67515008,90.49344252470628,284.29353423366746,388016.2836875641,1.4809144434643298,1.399973146527688
