Area [-],Diameter [-],Perimeter [-],Area [mym^2],Diameter [mym],Perimeter [mym],Volume [mym^3] ,Irregularity [-],Diameter Ratio [-]
1259.0,40.03758967297569,125.781797584063,6398.640074239999,90.2607421587564,283.56248447351163,385030.6679384417,1.304039124613643,1.3343545335970513
1389.5,42.06145916881045,132.13997112400196,7061.882750719999,94.82335355016627,297.89635090195,446420.9365342288,1.250919475494714,1.0772148157747208
13108.5,129.1907913597594,405.86484104727185,66621.58333056001,291.2477200414416,914.9816976569697,12935589.500384344,1.2048397360286536,1.367799323515935
10355.0,114.82332291713479,360.7281077372392,52627.4169728,258.85769918438865,813.2254460828319,9082008.047730966,1.1226196382146059,1.2022929316448911
5009.0,79.8602334054843,250.88832258063564,25457.337674239992,180.03691018932378,565.6026344257849,3055506.9443442896,1.2204270914641415,1.3156175077372005
2822.0,59.942322237652995,188.31435918092274,14342.30523392,135.13397125256492,424.53589133747226,1292088.4421173711,1.1380367217316256,1.079556450097294
54363.0,263.0914695888821,826.5262280825744,276290.12736768014,593.1134090411758,1863.320728589356,109247586.21831028,1.2303491755302562,1.0519085600828144
3887.0,70.34971293747813,221.01014134653212,19754.975352319998,158.5963928462507,498.245262651622,2088711.8877630283,1.3192312688562498,1.4990408330291138
2923.0,61.005566871072354,191.65464071024178,14855.61948928,137.5309499541455,432.066222017169,1362071.6403453308,1.2711529623273514,1.244060986291822
