Area [-],Diameter [-],Perimeter [-],Area [mym^2],Diameter [mym],Perimeter [mym],Volume [mym^3] ,Irregularity [-],Diameter Ratio [-]
2336.5,54.542865677132404,171.35146611701404,11874.839184640003,122.9614363825273,386.29474521419644,973431.5219699027,1.0648758392844917,0.9717127866682798
3562.0,67.34448201854886,211.568929969283,18103.221560320006,151.82140026261655,476.96099572275165,1832304.297701449,1.193903692651466,1.291472421390223
63550.0,284.4545184522819,893.6402254501111,322981.3953279999,641.2742663988242,2014.6225242547303,138079771.56628785,1.0666213557530662,1.0329884296341443
1129.0,37.91421166272614,119.11100882626889,5737.93855744,85.47379877244981,268.5238582979406,326962.270418205,1.2722510326972576,1.2154100551223406
1782.5,47.63978892155618,149.66481089452932,9059.234259199999,107.39914014475626,337.4043496806269,648635.9798719985,1.0943236664680076,1.1964788528735164
1156.0,38.36489168124743,120.52686186157509,5875.16118016,86.4898118062042,271.7157573807349,338761.05653543666,1.086161917369647,1.0383380728042535
1418.0,42.490630431125176,133.48825240882175,7206.728852479999,95.79087724392859,300.93591623044773,460225.91922546,1.2225492145758827,1.1407470591690025
