Area [-],Diameter [-],Perimeter [-],Area [mym^2],Diameter [mym],Perimeter [mym],Volume [mym^3] ,Irregularity [-],Diameter Ratio [-]
1340.5,41.313165089562986,129.78913594191337,6812.84910208,93.13639937791079,292.5966280674495,423016.1565818426,1.119480935872399,1.1124119885805166
4456.5,75.32723299784915,236.64748180128953,22649.356227840002,169.81771407035112,533.4980829728271,2564174.59985124,1.1129622916894408,1.250412643119497
2901.5,60.780790872191474,190.9484860834543,14746.34962304,137.02421494226846,430.47426702653934,1347071.3202408482,1.0983217192083907,1.0998805266772738
2059.5,51.20778107262672,160.87398882439857,10467.036721920002,115.44282165012969,362.67432040572413,805562.8356626458,1.2260377810467162,1.1219367024828386
3592.0,67.62748290960343,212.45800348957943,18255.691141119998,152.45939747140997,478.96532306690784,1855501.1145328747,1.1953680537263687,1.3170783553897152
2975.0,61.54581744998688,193.35188796005727,15119.900096000001,138.74889085925042,435.8924962171531,1398579.5788151163,1.0627267779425957,1.0632703396505956
