Area [-],Diameter [-],Perimeter [-],Area [mym^2],Diameter [mym],Perimeter [mym],Volume [mym^3] ,Irregularity [-],Diameter Ratio [-]
14694.0,136.78078033970445,429.7094946674947,74679.60067583999,308.3585911978297,968.7370847784,15352064.303745672,1.2883407662536492,1.1328343503073692
14463.0,135.7013763213353,426.3184469331309,73505.58490368,305.9251827788183,961.0923067660502,14991472.997948168,1.1370829735928192,1.2604150301045822
8249.5,102.48702173588968,321.97247457376847,41926.59356031999,231.0467418013897,725.8547466791036,6458001.891295373,1.1318779560468768,1.1743562043063889
7282.5,96.29313051580483,302.5137914196156,37011.9907392,217.08323343483042,681.9870913763814,5356455.083683691,1.1253488471594941,1.2678922062082507
2239.0,53.392727413590976,167.73820019765975,11379.313047039997,120.36856468119949,378.14899852560416,913141.0523535009,1.1406948047239172,1.164076177930252
1578.0,44.82378834494121,140.81808417053108,8019.89995008,101.05074844483545,317.46028895404527,540277.9282721883,1.2084138312056456,1.2317870013098755
1329.5,41.14331020622185,129.2555210882325,6756.943589119999,92.75347852890653,291.39364674131133,417820.014742983,1.0878465421968213,1.13430447005876
1715.5,46.73587956798472,146.8250959098381,8718.718862079999,105.36136689806474,331.002496219139,612410.7579391255,1.4964939621108488,1.6643158292764815
8403.0,103.43612470703633,324.954169495423,42706.72958207999,233.1863995395427,732.5766797104816,6639085.671569407,1.5249196528176656,1.4443057226278482
