Area [-],Diameter [-],Perimeter [-],Area [mym^2],Diameter [mym],Perimeter [mym],Volume [mym^3] ,Irregularity [-],Diameter Ratio [-]
7153.5,95.43646621319854,299.822501139955,36356.371541759996,215.1519694310348,675.9198465699146,5214763.29238406,1.07170358249458,1.0163829807288614
11143.0,119.11216666228484,374.2019077393971,56632.28462848,268.5264685234549,843.6007808076968,10138178.263800584,1.1161000007175774,1.057826446539622
6172.5,88.65140207508165,278.50659348951143,31370.61624959999,199.85572083806406,627.8652643627546,4179731.415798728,1.0581201266409352,0.9926520950618474
8023.5,101.0734262166994,317.53153327553287,40777.98938496,227.85993206292713,715.8430886163612,6194446.593946499,1.074286495579486,1.0345080362003678
8055.5,101.27478043725449,318.164106215598,40940.62360448001,228.31386501774654,717.2691610524441,6231541.340917078,1.0643392836401997,1.007160909750822
5814.5,86.04214858348554,270.3093818889596,29551.145918719994,193.9734197666098,609.3854705304705,3821424.5545841404,1.0963374044037972,1.0228645134753271
11320.5,120.05710418869185,377.1705165304587,57534.396314879996,270.6567356829869,850.293212466266,10381381.264051126,1.1065160597311003,1.0764121572561143
