Area [-],Diameter [-],Perimeter [-],Area [mym^2],Diameter [mym],Perimeter [mym],Volume [mym^3] ,Irregularity [-],Diameter Ratio [-]
9832.0,111.88606349244806,351.500435106956,49969.363947519996,252.2359415373749,792.4225809051215,8402713.042217642,1.0820272272931093,1.0796607924259773
16349.5,144.28038652792534,453.270202373226,83093.38037631998,325.26570338855487,1021.8523442302006,18018284.54335764,1.114130347211494,1.0148926766125235
17729.0,150.2440144851358,472.0054921523411,90104.43993344,338.71010625529016,1064.0891815082377,20346189.615952577,1.0869443822785176,1.0108157657735675
