Area [-],Diameter [-],Perimeter [-],Area [mym^2],Diameter [mym],Perimeter [mym],Volume [mym^3] ,Irregularity [-],Diameter Ratio [-]
6061,87.84705391,275.9796592,30803.93764,198.0423983,622.1685437,4066990.459,1.07593463,1.035891313
15157.5,138.9213029,436.4341446,77035.2557,313.1841853,983.8971356,16084149.19,1.149516796,1.223714408
9898.5,112.2638038,352.6871411,50307.33818,253.0875192,795.097891,8488106.279,1.069275837,1.059287053
15987.5,142.6741645,448.2241071,81253.58077,321.6446365,1010.476427,17423185.63,1.130686791,1.02793409
5164.5,81.09035472,254.7528627,26247.63833,182.8100957,574.3148536,3198888.85,1.063361721,1.023549598
5938.5,86.95477581,273.1764849,30181.35352,196.0308466,615.8490675,3944317.521,1.071228942,1.106357186
10477.5,115.5005079,362.8555472,53250.00109,260.3843451,818.0215455,9243644.439,1.156234892,1.113102101
