Area [-],Diameter [-],Perimeter [-],Area [mym^2],Diameter [mym],Perimeter [mym],Volume [mym^3] ,Irregularity [-],Diameter Ratio [-]
12349.5,125.3948633625273,393.9395815376117,62764.10293632,282.69017996448156,888.0973926183918,11828530.369585032,1.0942311543108394,1.0770621385177348
15802.5,141.84628266428913,445.623239557152,80313.35168640001,319.7782596383734,1004.6130312576433,17121642.552001078,1.12318380706331,1.145267480847079
17518.5,149.34941233377165,469.19501660572985,89034.61170816,336.69331516525483,1057.7532454359575,19984905.720314402,1.1114512105271095,1.0376431172301632
9309.0,108.86958676296898,342.02389397389993,47311.31092224,245.43559639843727,771.05866657476,7741253.208394583,1.112179362252546,1.0945863172387216
