Area [-],Diameter [-],Perimeter [-],Area [mym^2],Diameter [mym],Perimeter [mym],Volume [mym^3] ,Irregularity [-],Diameter Ratio [-]
11935.5,123.27510124184258,387.2801524319106,60660.02272128,277.9113882396099,873.0843756424993,11238740.750078136,1.1339187422201114,1.1679251367645203
10552.0,115.9104122848566,364.14329970866964,53628.633886719996,261.30843345498073,820.9246548632248,9342409.539513,1.1044852565766623,1.0847969162898707
10470.0,115.45916175590898,362.72565436199926,53211.88369920001,260.2911342625212,817.7287151936912,9233721.042873422,1.1303030001142729,1.052303014668287
11414.0,120.55188162615774,378.7249056931635,58009.593175040005,271.77216193801,853.7974273946678,10510261.700216701,1.094927164294775,1.0504975616669103
5503.5,83.70946084195005,262.9810272170327,27970.544597760003,188.7146085220922,592.8644277580786,3518966.9159439993,1.0534470138491985,1.0154168853206043
9342.5,109.06530358775085,342.6387565128186,47481.568620800004,245.8768204082255,772.4448126824982,7783078.0803181855,1.101220575349768,1.0635829744577723
8428.0,103.58987828464687,325.43720060530745,42833.787566080005,233.5330216049079,733.6656250446051,6668735.891392931,1.0709717604762328,1.0326752256025111
4865.0,78.70394135706653,247.25572397592208,24725.4836864,177.43016539537078,557.4133041313188,2924697.7733056624,1.063417535335084,1.0698322187580158
