Area [-],Diameter [-],Perimeter [-],Area [mym^2],Diameter [mym],Perimeter [mym],Volume [mym^3] ,Irregularity [-],Diameter Ratio [-]
7388.5,96.99139331031259,304.7074486851162,37550.71659136,218.6573970787687,686.932472315726,5473827.96553954,1.0900595869704417,1.0726815518881334
3892.5,70.39946681532199,221.166447763654,19782.9281088,158.70855798846188,498.5976398383815,2093146.661958038,1.0814421247931378,1.1228038471179072
5198.0,81.35292959404336,255.5777659606543,26417.896033279998,183.40204447681134,576.174515581699,3230064.095519597,1.098989172427793,1.1518240614981634
2001.5,50.48157038749318,158.5925306710246,10172.262199039998,113.80565228156462,357.5310011447579,771773.9564939,1.1892752507173516,1.3438470225056207
7822.0,99.79619090385386,313.5189801997918,39753.90203392,224.98053277364812,706.7971889624106,5962569.37294849,1.0749567144897403,1.0934296810248905
4548.5,76.10078888702724,239.07767929987253,23116.929608959996,171.56161846691418,538.9767202136326,2643985.238465938,1.070217034256004,1.0554665668202892
