Area [-],Diameter [-],Perimeter [-],Area [mym^2],Diameter [mym],Perimeter [mym],Volume [mym^3] ,Irregularity [-],Diameter Ratio [-]
7170.5,95.54979934842085,300.17854768497773,36442.77097088001,215.40746765107997,676.7225179010138,5233363.339350367,1.0665294976258441,1.0465746729132477
10849.0,117.53031873023991,369.23238589698855,55138.08273664001,264.96035054545285,832.397490766171,9739603.820202878,1.1044233941925312,1.066552577739623
72827.0,304.5097967626456,956.6457404556484,370130.07203072,686.4868858217081,2156.662157283213,169392960.33155566,1.3403644657258431,1.234436508283854
11419.0,120.57828312482651,378.8078484474251,58035.004771839995,271.8316814766089,853.984413539875,10517168.62108819,1.1194297377039635,1.064479063186303
9564.0,110.35063663544084,346.6767493728576,48607.302359040004,248.7744752309378,781.5480637861701,8061504.091174468,1.1484243793265765,1.0350629569954246
4805.5,78.2211776453463,245.7390770457621,24423.085684479996,176.3418228836687,553.994175291966,2871207.633363491,1.067836521422247,1.0994465001527178
