Area [-],Diameter [-],Perimeter [-],Area [mym^2],Diameter [mym],Perimeter [mym],Volume [mym^3] ,Irregularity [-],Diameter Ratio [-]
11786.5,122.50321585175222,384.85520296098946,59902.75713663999,276.1712498161902,867.6175695552546,11028946.203907719,1.1057307813161723,1.0559752731539314
8870.5,106.27450955696413,333.8712184880168,45082.713882879994,239.58525434521994,752.679274959385,7200768.981468388,1.1285090520156824,1.0645212120778875
2465.0,56.02263362045894,176.00029421678636,12527.9172224,126.29742523396263,396.7750632823232,1054829.1258222244,1.0804897880529398,1.089415972797262
17127.0,147.6711674047413,463.92265466576384,87044.88367872001,332.90987979724883,1045.867232678498,19318734.50829879,1.098612300098834,1.0189979952059678
