Area [-],Diameter [-],Perimeter [-],Area [mym^2],Diameter [mym],Perimeter [mym],Volume [mym^3] ,Irregularity [-],Diameter Ratio [-]
5412.5,83.01451099584378,260.7977778858919,27508.053536,187.14791358903022,587.9425104659548,3432049.884105163,1.0628108699750956,1.0558179234778877
19931.0,159.30140415613582,500.46012100345484,101295.70716415999,359.1290855295926,1128.2372967901886,24252156.454625458,1.1259041442001332,1.0432492509215552
8429.5,103.59909624289709,325.46615967522746,42841.411045119996,233.5538025699872,733.7309103718327,6670516.304701082,1.0633683112307108,1.0169866900239743
5941.5,86.97673686132384,273.2454775567476,30196.60047744,196.08035558016846,616.0046046039316,3947306.7726191464,1.078493355529573,1.0577540997736588
9626.5,110.71061592003291,347.80765764877657,48924.94731904,249.5860125301222,784.0975834034019,8140655.0097369915,1.0755668897731854,1.0472319088168975
8064.0,101.32819789547405,318.331922109914,40983.82331903999,228.43428933555668,717.6474852045901,6241407.036092612,1.0959541700740363,1.0097833455788077
33730.0,207.23505939854155,651.0481401727026,171426.63201280002,467.1907179080721,1467.7229272053407,53392620.85241529,1.2540778807846646,1.06179744456738
