Area [-],Diameter [-],Perimeter [-],Area [mym^2],Diameter [mym],Perimeter [mym],Volume [mym^3] ,Irregularity [-],Diameter Ratio [-]
13888.0,132.9765046813983,417.75801020712964,70583.25127168001,299.7822321537443,941.7936582109529,14106403.079261897,1.1663324620002715,1.2223399623638675
4738.5,77.6739697886465,244.0199728631674,24082.570287360002,175.10819749152466,550.1186268227245,2811370.315988373,1.074535611441403,1.1054543576823652
