Area [-],Diameter [-],Perimeter [-],Area [mym^2],Diameter [mym],Perimeter [mym],Volume [mym^3] ,Irregularity [-],Diameter Ratio [-]
16464.5,144.78692097110184,454.8615272586995,83677.84710272001,326.407634637252,1025.439827052012,18208725.429557644,1.1091657053570652,1.0823984066878438
70947.5,300.55475807263133,944.2206199624361,360577.8527935999,677.57064659894,2128.650965643316,162877979.24441126,1.1199106991494243,1.0253100173005716
4586.0,76.41385052564395,240.0611914438716,23307.516584959998,172.26738462501172,541.1939499910641,2676749.9494634294,1.0814841112846432,1.1451969836730729
8139.5,101.80144043367882,319.8186573913043,41367.53843072,229.50116731368553,720.9991812229564,6329265.57249599,1.0724130528670648,1.0631056364092935
12304.0,125.16365030799255,393.21320430407127,62532.857405440016,282.1689332543384,886.4598477830982,11763219.778292442,1.0816106859937813,1.0409239629469977
