Area [-],Diameter [-],Perimeter [-],Area [mym^2],Diameter [mym],Perimeter [mym],Volume [mym^3] ,Irregularity [-],Diameter Ratio [-]
10550.5,115.90217347715415,364.1174167309172,53621.01040768,261.2898598868963,820.8663042781798,9340417.530944342,1.0823168089974238,1.067358938791732
5561.5,84.14940123402309,264.3631407207868,28265.319120639993,189.70641014198165,595.9802644409418,3574741.4812627514,1.072471216209544,1.006806636241279
6872.5,93.54324546001388,293.8747727301264,34928.2398016,210.88389256505528,662.5112876427969,4910535.446538067,1.0997157401437134,1.1754052870419343
11052.0,118.62480115225914,372.67080383348735,56169.79356672,267.427751717653,840.1490601622138,10014241.071995081,1.126972896785968,1.0844838641637446
6829.0,93.24673104724062,292.9432452292744,34707.158909440004,210.21543047289924,660.4112520448762,4863986.900426167,1.068047147696366,1.034494456105804
9008.5,107.09798522263019,336.4582435896832,45784.07395456001,241.4416978858975,758.5114643485819,7369456.367814977,1.1294332878413336,1.1035021908437597
