Area [-],Diameter [-],Perimeter [-],Area [mym^2],Diameter [mym],Perimeter [mym],Volume [mym^3] ,Irregularity [-],Diameter Ratio [-]
1310.5,40.84826095901062,128.3285965407465,6660.379521280001,92.08831950599354,289.3039880414589,408895.43825787277,1.0752299860238277,1.0348090283053473
1464.0,43.17432910297829,135.6361551335846,7440.51554304,97.33220752975426,305.77814813315314,482801.20197568764,1.1787583456246555,1.0422860281781603
1473.5,43.31418323329279,136.07551984195482,7488.797576959998,97.64749468113526,306.76865193170295,487508.21437620005,1.3125812187462462,1.2928790483796184
1008.0,35.82492792865108,112.54733039603403,5122.97791488,80.76371752235099,253.72670164481912,275833.82746040734,1.1068102734063963,1.0328004029397964
1313.0,40.887204871906675,128.4509424514028,6673.085319680002,92.17611466322641,289.5798046624425,410066.05172287783,1.0669740535976648,1.0272162191467855
1483.0,43.45358724941183,136.5134704748753,7537.079610880001,97.96176709507404,307.75596783855895,492230.4249453719,1.1600872097843218,1.0769013564332286
2155.0,52.381592367016445,164.56162576355405,10952.3982208,118.08906183220188,370.98772912135627,862238.9538046326,1.126253418190635,1.042680187201555
1759.0,47.32471192927804,148.67496733027312,8939.799754239999,106.68883057336441,335.1728463493678,635851.1875599441,1.0851732232824862,1.090736559890483
1498.0,43.672792880846,137.20212527621442,7613.314401279997,98.45594427057922,309.3084712226978,499717.37227121444,1.2231834923137601,1.2838976437116119
