Area [-],Diameter [-],Perimeter [-],Area [mym^2],Diameter [mym],Perimeter [mym],Volume [mym^3] ,Irregularity [-],Diameter Ratio [-]
1903.0,49.223722468247104,154.64088488858795,9671.653742080001,110.96995993241627,348.62241089283265,715508.6854925477,1.0896837958750365,1.12885351069434
1108.5,37.56841805744458,118.02466617625802,5633.7510105599995,84.69424166870306,266.07480742775607,318097.5130597791,1.1124493516825122,1.1857760266634356
2666.0,58.261965520088175,183.03536286161085,13549.463413759995,131.34577506848677,412.6349220352154,1186443.1825616076,1.1663332460095008,1.167142223798719
1436.5,42.766910176117015,134.35621082602378,7300.751760639999,96.41372230103819,302.89264168618797,469261.7685594403,1.090147120058656,1.0143290362075954
1272.0,40.2437659880773,126.42951958093043,6464.710225920001,90.72554604352146,285.02270894324954,391009.5768398194,1.0905858876090384,1.037230597207381
2816.5,59.88388078395209,188.13075993931085,14314.352477440001,135.0022208393416,424.12198520718243,1288312.916221021,1.3820554403899288,1.4653864733019324
