Area [-],Diameter [-],Perimeter [-],Area [mym^2],Diameter [mym],Perimeter [mym],Volume [mym^3] ,Irregularity [-],Diameter Ratio [-]
1276.0,40.306992682189374,126.62815209866369,6485.039503360001,90.86808430272772,285.47050609122743,392855.410865224,1.1085017725900606,1.0887645974031654
1233.0,39.6220186090822,124.4762425826907,6266.49977088,89.3238787523149,280.6192412784179,373165.3771569961,1.1852792221521404,1.2406557138835703
2024.5,50.77079335913845,159.5011514339948,10289.15554432,114.45767654884172,359.57939579279787,785115.224835,1.168701037792824,1.3509608759423553
1807.5,47.97270554293146,150.7106993064998,9186.2922432,108.14966737598468,339.76220051657316,662329.6336804454,1.1155471457586958,1.1256400778078826
2092.5,51.616409671327666,162.15773342812415,10634.7532608,116.3640339630411,365.5683942403631,825001.8597521955,1.0900023287247385,1.0432991532973956
