Area [-],Diameter [-],Perimeter [-],Area [mym^2],Diameter [mym],Perimeter [mym],Volume [mym^3] ,Irregularity [-],Diameter Ratio [-]
1385.5,42.00087367222934,131.94963617302864,7041.553473279999,94.68676960667382,297.46725978847576,444494.6342650247,1.126264353475034,1.1428438147448128
2165.0,52.50298671839181,164.94299736602218,11003.221414399997,118.3627332579425,371.84749326196044,868247.5741671384,1.1550030585421844,1.2862500094576423
1270.5,40.22003035287298,126.35495188374425,6457.086746879998,90.67203642751684,284.85460352671305,390318.1364858263,1.0576523296103337,1.0193925673422894
