Area [-],Diameter [-],Perimeter [-],Area [mym^2],Diameter [mym],Perimeter [mym],Volume [mym^3] ,Irregularity [-],Diameter Ratio [-]
2271.5,53.77883994533465,168.95120849084466,11544.48842624,121.23901677276244,380.8836044217602,933094.9506279154,1.4078917044858388,1.547584847398305
1518.0,43.963366896860585,138.11499047024992,7714.960788479999,99.1110143322825,311.3664345161314,509758.39285335905,1.097195195603872,1.0348469811277476
1504.0,43.760167678857044,137.4766212997548,7643.808317440001,98.65292201521532,309.9272950581672,502722.68389310845,1.15299361407243,1.2603774235359302
1047.5,36.5201098452631,114.73130879817083,5323.729529599998,82.33093563516113,258.6502625545963,292205.08882700274,1.0806357598784837,1.0664509829920104
1500.5,43.7092202730169,137.31656530384797,7626.020199680001,98.5380661834893,309.56646482099484,500968.8554351295,1.4353363155317584,1.5530661033674642
