Area [-],Diameter [-],Perimeter [-],Area [mym^2],Diameter [mym],Perimeter [mym],Volume [mym^3] ,Irregularity [-],Diameter Ratio [-]
78324.0,315.79299248374224,992.0929452420613,398067.58155263995,711.9237222553485,2236.574335753703,188929169.57875994,1.118672958992623,1.01231072618364
71456.0,301.62991381591416,947.5983213469984,363162.21218816005,679.9944777065969,2136.265655644673,164632199.19977346,1.1380672145066002,1.04678702141404
21948.0,167.16776461940069,525.1730212453369,111546.74531328001,376.8630085579769,1183.9500590954876,28025228.022408742,1.065418398686605,0.984487652834396
