Area [-],Diameter [-],Perimeter [-],Area [mym^2],Diameter [mym],Perimeter [mym],Volume [mym^3] ,Irregularity [-],Diameter Ratio [-]
22522.5,169.34148235532163,532.001956915484,114466.53778560003,381.7634378218371,1199.3452116702672,29132759.32039592,1.0619194262785998,1.0494769709704808
44512.5,238.06527515583605,747.9041195044072,226226.74051200002,536.6943563113168,1686.0750470107357,80943076.5863301,1.1397822324423248,1.0460050133328822
