Area [-],Diameter [-],Perimeter [-],Area [mym^2],Diameter [mym],Perimeter [mym],Volume [mym^3] ,Irregularity [-],Diameter Ratio [-]
74091.5,307.1420318496726,964.9151508675737,376556.66486143996,692.420996601902,2175.3047161158584,173823827.4402978,1.156956200428633,1.0063105312194613
65060.5,287.8152209321843,904.1981836718734,330658.23872127995,648.8506340695162,2038.4243852698712,143031871.90307465,1.171758215035127,1.0338935916461285
128420.0,404.362983388551,1270.3437779971234,652671.4522111999,911.5959097511494,2863.863013116715,396648417.49804837,1.1605349414415986,1.0017994310329907
