Area [-],Diameter [-],Perimeter [-],Area [mym^2],Diameter [mym],Perimeter [mym],Volume [mym^3] ,Irregularity [-],Diameter Ratio [-]
83047.5,325.17589254339475,1021.5701951388329,422073.91704959987,733.0765321498291,2303.0278479209846,206274988.9477435,1.1454797203367595,1.03143424891338
57521.5,270.62640017648624,850.1979106619007,292342.63306624006,610.1001565578706,1916.686169796189,118905524.13483544,1.2016540764298997,1.048479324698892
