Area [-],Diameter [-],Perimeter [-],Area [mym^2],Diameter [mym],Perimeter [mym],Volume [mym^3] ,Irregularity [-],Diameter Ratio [-]
18206.5,152.25385305870174,478.31958624995724,92531.24742784,343.2410863355372,1078.3236752419036,21173683.92474279,1.0911402968392832,1.0990862631481966
17986.5,151.33117019100527,475.42089253120884,91413.13716863998,341.16099007860225,1071.7888601223572,20791064.255096193,1.066427866161613,0.997811619439754
15043.5,138.3979013252131,434.78983007553455,76455.87129216,312.0042287475604,980.1901929222851,15903036.770488746,1.077379262395656,1.0838314639434006
20833.5,162.8681554363529,511.66540062256684,105882.50038655999,367.16996961571397,1153.4984791635145,25917916.299846034,1.080673448300377,1.0770290013825963
20309.0,160.80491881166577,505.1835515998323,103216.82388223997,362.5186089690193,1138.885798726662,24945346.277326595,1.0999390873883241,1.05012727441062
28161.0,189.356010782037,594.8794523859171,143123.19549696,426.88419070702423,1341.0962374588116,40731352.98741532,1.0688102733115386,1.0456494049608642
28510.0,190.52574477062015,598.5542800911043,144896.9249536,429.52123901088606,1349.3807690373853,41490871.1566251,1.0980944179014591,1.1006688348820786
19169.0,156.22653050307537,490.8001205242833,97422.97981184002,352.1970903661331,1106.4597917099443,22874726.683019057,1.066684740764465,1.0019087922712915
20597.5,161.9430502450862,508.75909694988553,104683.07301759999,365.08441247252233,1146.946508163822,25478772.138965767,1.067865640086273,1.0083402833572956
