Area [-],Diameter [-],Perimeter [-],Area [mym^2],Diameter [mym],Perimeter [mym],Volume [mym^3] ,Irregularity [-],Diameter Ratio [-]
20146.0,160.15830877052426,503.15216624484475,102388.40582656,361.0608912922699,1134.306243582378,24645632.710488264,1.0683229356644368,1.0401053415833132
14862.5,137.56279560123207,432.16626806810496,75535.97148799997,310.12156640341755,974.2756347327357,15616889.198441625,1.0991188416303028,1.0935108304748953
18828.5,154.83278324710827,486.4215343839761,95692.45006976,349.0550265522809,1096.5887071152358,22267953.799968593,1.1157355890393073,1.121493641669306
16283.0,143.98666433709286,452.3474468963104,82755.40613887997,324.60353608154213,1019.7720842830421,17908464.975029733,1.0789784688525823,1.0372463351392722
21768.5,166.48277697578027,523.0210690963393,110634.46898815999,375.31877241419903,1179.0986981707872,27682128.724888656,1.0892730685659238,1.072220375155722
29684.5,194.41059453047032,610.7588955569496,150866.10904192002,438.2792443094923,1376.894854143587,44080989.508537434,1.0800561311083965,1.0328598070754045
17210.5,148.03070352012963,465.052170684568,87469.25734528,333.72041801578024,1048.41361359129,19460184.749864466,1.1048878973528395,1.0937502238533097
14891.0,137.69462611391668,432.5804258382739,75680.81758975999,310.41876511121376,975.2093120098048,15661830.625880212,1.113154850674264,1.091282700484034
19178.5,156.2652380048209,490.9217237274059,97471.26184576002,352.28435255806824,1106.7339339710638,22891733.58156767,1.0761711505547946,1.037721747241232
