Area [-],Diameter [-],Perimeter [-],Area [mym^2],Diameter [mym],Perimeter [mym],Volume [mym^3] ,Irregularity [-],Diameter Ratio [-]
17138.5,147.72073631499265,464.07837999005585,87103.33035136001,333.02162794851944,1046.218299849582,19338195.248898394,1.0818343028978812,1.0570413523184894
51137.5,255.16717504196026,801.6313225490832,259897.106272,575.2488794145952,1807.197653554653,99670346.09737597,1.0921195815298266,1.0424457015717097
16695.5,145.79907688022553,458.04130882708995,84851.86287488001,328.6894389187804,1032.6083266197916,18593274.1330384,1.108518478452224,1.0960452345945222
17550.5,149.48575393620112,469.62334638230095,89197.24592767998,337.0006836737718,1058.7188720842591,20039688.572963808,1.0688835090411148,1.0436457890086845
