Area [-],Diameter [-],Perimeter [-],Area [mym^2],Diameter [mym],Perimeter [mym],Volume [mym^3] ,Irregularity [-],Diameter Ratio [-]
61846.5,280.61612481014566,881.58155618239,314323.66429824004,632.6209917719924,1987.4374602575804,132565165.49717295,1.1869451493846068,1.0336388377321406
