Area [-],Diameter [-],Perimeter [-],Area [mym^2],Diameter [mym],Perimeter [mym],Volume [mym^3] ,Irregularity [-],Diameter Ratio [-]
61979.0,280.91656010840774,882.5254015082893,314997.07161344006,633.2982931083944,1989.5652651602875,132991405.1912895,1.090058341955132,1.1398124752185017
1652.0,45.86274880447626,144.0820747175767,8395.991582719998,103.39298090481128,324.8186292433049,578724.3982594167,1.3787405700116282,1.5699318167073593
