Area [-],Diameter [-],Perimeter [-],Area [mym^2],Diameter [mym],Perimeter [mym],Volume [mym^3] ,Irregularity [-],Diameter Ratio [-]
96136.5,349.86396426673036,1099.130059896162,488596.39515264006,788.7333210429169,2477.8788070299074,256914838.26555943,1.1435616670088062,1.0336368721457394
