Area [-],Diameter [-],Perimeter [-],Area [mym^2],Diameter [mym],Perimeter [mym],Volume [mym^3] ,Irregularity [-],Diameter Ratio [-]
18356.5,152.87976224121692,480.28593793956134,93293.59533184001,344.65213599659944,1082.7566184909472,21435891.270614024,1.093225767315101,1.110920719933183
18754.5,154.52822085863673,485.4647234217942,95316.35843712001,348.36842110371066,1094.4316724820928,22136806.196063235,1.0717890943519515,1.0405111065454837
16649.0,145.59589685254087,457.4029999447597,84615.53502464,328.23138986436817,1031.1693230754663,18515649.776836473,1.0974783624165245,1.095102381158179
14700.0,136.80870333281757,429.7972173375251,74710.094592,308.42154079350394,968.9348467657167,15361468.324595375,1.1091290334667632,1.0902650323237753
14928.5,137.86789526056774,433.12476691648664,75871.40456575999,310.8093830754239,976.4364745365275,15721029.630766511,1.070237214934024,1.0185050218643599
14828.0,137.40304206724463,431.664387539345,75360.63147008,309.76141803639626,973.1441952686994,15562544.045526834,1.0740908049872422,1.026178153544774
26974.0,185.3223232092839,582.2072491404795,137090.48241664,417.7906454430096,1312.528022462297,38183414.08862773,1.0828458210258571,1.0198993478173697
19561.5,157.8178549921931,495.7994138487731,99417.79016064,355.7845722944001,1117.730198580674,23580877.300505146,1.1211981591420859,1.1582957052697647
10923.0,117.93046912118251,370.4894954255049,55514.17436927999,265.86244958679384,835.2315184872583,9839422.923070123,1.0749286708815815,1.060419126876804
