Area [-],Diameter [-],Perimeter [-],Area [mym^2],Diameter [mym],Perimeter [mym],Volume [mym^3] ,Irregularity [-],Diameter Ratio [-]
18832.0,154.84717338864337,486.4667423469069,95710.23818752,349.0874676873576,1096.690623946867,22274163.12042346,1.0861121232171986,1.0585528061316938
18942.5,155.30080513682412,487.8918685144267,96271.8344768,350.1101351004563,1099.9034283789235,22470496.65002748,1.0845522491358321,1.088759752174579
23667.0,173.59078404468104,545.3515318856622,120283.25229312,391.34306355032896,1229.440493483037,31381344.29745781,1.074193865498908,1.0069952759837244
17603.5,149.71129658694912,470.331909516962,89466.60885376,337.50914702561806,1060.316256815039,20130532.561004765,1.1052937079578482,1.0780748167788237
16004.0,142.74776941844502,448.4553437213166,81337.43903744001,321.81057137694245,1010.9977268853362,17450165.15398386,1.0989783364923826,1.0853015642385782
17197.0,147.97263412810693,464.86974030919106,87400.64603392003,333.5895063784043,1048.0023425530403,19437292.245072678,1.0742511732744011,1.0252604874477953
