Area [-],Diameter [-],Perimeter [-],Area [mym^2],Diameter [mym],Perimeter [mym],Volume [mym^3] ,Irregularity [-],Diameter Ratio [-]
25261.0,179.3413062837308,563.4173303061657,128384.46935295999,404.3070408860427,1270.16802944222,34604496.59988006,1.0894469109753142,1.1268319236816338
16167.5,143.4750861282395,450.74027655364006,82168.3982528,323.45023416750314,1016.1488794625261,17718258.43735788,1.074674445020879,1.0823747326040651
35226.0,211.78086835887902,665.3292202071214,179029.78177536002,477.43878962825687,1499.9181940349345,56983841.54549256,1.079525225141192,1.0645399179796582
20106.0,159.99923214329868,502.652412281395,102185.11305216001,360.7022689438526,1133.179598247177,24572268.086798802,1.0776256543797773,1.033100794597956
17400.0,148.8434347843123,467.605441253467,88432.356864,335.5526393777537,1054.169706761816,19782473.834740408,1.0769504158519088,1.0630442506386593
22446.0,169.05364480284197,531.0976885751867,114077.74035455998,381.11453684352693,1197.3066291239008,28984456.786256168,1.0735433955077642,1.0122221424380682
28188.0,189.44676372795277,595.1645611740977,143260.41811967996,427.0887841482967,1341.738986710886,40789945.19420716,1.0744425423838904,1.051897594074866
16284.0,143.9910856493116,452.361336858296,82760.48845824,324.6135034878081,1019.8033978133426,17910114.739194393,1.0755968674285517,1.0522871820267243
19896.5,159.16347131745763,500.02679221077466,101120.36714623998,358.8181297380765,1127.2604003599704,24189214.011894304,1.0764561610635703,1.0145539887748798
