Area [-],Diameter [-],Perimeter [-],Area [mym^2],Diameter [mym],Perimeter [mym],Volume [mym^3] ,Irregularity [-],Diameter Ratio [-]
15012.5,138.25523015545065,434.3416153767298,76298.31939199998,311.6825908624479,979.1797377052995,15853905.244366072,1.0656587722259643,1.0183191511098717
26962.0,185.28109618941016,582.0777306377148,137029.49458432003,417.6977032494063,1312.2360359496643,38157936.77686495,1.0753811261391544,1.0151623502600837
19520.0,157.65035969901996,495.2732118662295,99206.8739072,355.4069709054706,1116.5439288312277,23505876.365572613,1.1195339527520425,1.1641018310270064
10845.0,117.50865016096833,369.1643120789512,55117.7534592,264.911500922887,832.2440251507875,9734217.864249548,1.0803274026521479,1.058358312715745
13564.5,131.4186356821593,412.86382040386513,68939.12095871998,296.2701722818599,930.7601967184735,13616403.495599968,1.0748620199004688,1.0761134101498704
