Area [-],Diameter [-],Perimeter [-],Area [mym^2],Diameter [mym],Perimeter [mym],Volume [mym^3] ,Irregularity [-],Diameter Ratio [-]
16386.5,144.44355229570735,453.7828027506073,83281.42619263999,325.6335442954426,1023.007950520969,18079483.99005911,1.111046204964831,1.1149304162639408
15570.5,140.80119435323996,442.3399977968073,79134.25359488,317.42221254994416,997.2112910331224,16745979.909716787,1.0995493822907896,1.1027450653301376
14825.5,137.3914585062374,431.6279967091823,75347.92567167999,309.7353040564616,973.0621557811805,15558608.445294313,1.082091445864484,1.0553785626594625
22273.0,168.40090373833,529.0470420422195,113198.49910528002,379.64299738769114,1192.6836515799796,28650011.66674425,1.0683092590397458,1.0332486117198645
21099.5,163.90459961251716,514.9214860322603,107234.39733631998,369.50652936645866,1160.8389981111277,26415873.325631604,1.0692893614949426,1.0445894325117964
38805.5,222.28067201900475,698.3153262499076,197221.94392448,501.1095469996443,1574.2820714977918,65886532.65225696,1.0734334283006897,1.039226658358536
