Area [-],Diameter [-],Perimeter [-],Area [mym^2],Diameter [mym],Perimeter [mym],Volume [mym^3] ,Irregularity [-],Diameter Ratio [-]
20585.5,161.89586976864385,508.6108751117014,104622.08518528,364.9780488064307,1146.6123568518196,25456509.675322447,1.0675021699989047,1.0460045168363827
11914.5,123.16660487220997,386.9393010341317,60553.29401471999,277.66679402391014,872.3159602513464,11209092.677769683,1.0742986782019333,1.076374144895634
15245.0,139.32170275835549,437.69203787127043,77479.9586432,314.0868466984366,986.732930176992,16223623.928378643,1.0829301297072844,1.081050306946649
17740.0,150.29061688476025,472.15189790864093,90160.34544639998,338.8151667050035,1064.41923864524,20365128.315068472,1.0654277158003305,1.035084423678844
25649.0,180.7133671948818,567.7277867849155,130356.40926463998,407.40021500414156,1279.8855225279133,35404819.4410548,1.0606428467230526,1.0023970457858122
13822.0,132.6601559901443,416.76417148271327,70247.81819391999,299.0690556641813,939.5531481906288,14005965.766483163,1.062374065796013,1.028730913023301
20285.5,160.7118563912605,504.8911873835619,103097.38937728001,362.3088090484577,1138.2266928375018,24902061.57419162,1.0720851784305212,1.062930482179091
35426.0,212.38122353868263,667.215291629537,180046.24564736005,478.79223034560613,1504.1701534496283,57469829.01256826,1.158046124055585,1.1827505090081032
