Area [-],Diameter [-],Perimeter [-],Area [mym^2],Diameter [mym],Perimeter [mym],Volume [mym^3] ,Irregularity [-],Diameter Ratio [-]
15178.5,139.01750404090367,436.73636941529236,77141.98440575998,313.4010611098132,984.578471209835,16117586.512587896,1.0809505084466209,1.0790008138533755
22359.0,168.7257033789858,530.0674302071923,113635.57857023996,380.37522569758556,1194.9840146590943,28816105.897287164,1.0693784890960103,1.0227365909744712
17957.0,151.20701870220614,475.03085912606525,91263.20874752,340.8811029622535,1070.9095688138016,20739935.50515267,1.0705797888713837,1.0156215523176866
20358.5,161.00076792205311,505.7988297262373,103468.39869055996,362.9601312034765,1140.2728817348293,25036602.376092847,1.065528785739748,1.0361123274384347
