Area [-],Diameter [-],Perimeter [-],Area [mym^2],Diameter [mym],Perimeter [mym],Volume [mym^3] ,Irregularity [-],Diameter Ratio [-]
17170,147.8564269,464.5046646,87263.42341,333.3275289,1047.179316,19391534.19,1.071222557,1.013866185
14524.5,135.989587,427.2238874,73818.14754,306.5749249,963.1335318,15087195.36,1.071973417,1.043082386
19496,157.5534137,494.968647,99084.89824,355.1884158,1115.857318,23462538.69,1.121203254,1.11288494
19376.5,157.0698126,493.4493694,98477.56108,354.0981856,1112.432258,23247150.47,1.087566375,1.063155138
19568.5,157.8460897,495.8881158,99453.3664,355.8482246,1117.930168,23593535.91,1.074438085,1.028228508
20839,162.8896524,511.7329355,105910.4531,367.2184325,1153.65073,25928180.39,1.070621231,1.042691702
1204.5,39.16142275,123.029238,6121.653669,88.28551144,277.3571142,360302.2167,1.135011575,1.302302021
19348.5,156.9562848,493.0927112,98335.25614,353.8422484,1111.628208,23196778.75,1.098264549,1.110912024
