Area [-],Diameter [-],Perimeter [-],Area [mym^2],Diameter [mym],Perimeter [mym],Volume [mym^3] ,Irregularity [-],Diameter Ratio [-]
16915.0,146.75437608192567,461.04246978113133,85967.4319744,330.8430654390932,1039.3741438745824,18961152.48155814,1.0557800620131028,1.022116028187551
19779.5,158.69480638977808,498.5544379169814,100525.73578111999,357.7615715251157,1123.941124840043,23976163.474514693,1.0596953032118828,1.0460329721961996
16894.5,146.66542022074668,460.7630067011577,85863.24442752003,330.64252334565134,1038.7441223070898,18926693.20010644,1.0569470223692827,1.0227359644436598
21132.5,164.0327244153307,515.3240019715221,107402.1138752,369.7953739219215,1161.7464300445993,26477869.906989586,1.0574768704386834,1.0169353069022256
16253.0,143.85396178270724,451.9305495263399,82602.93655808,324.30437144293523,1018.8322308521808,17858995.61320586,1.054939631401063,1.0149181725042398
