Area [-],Diameter [-],Perimeter [-],Area [mym^2],Diameter [mym],Perimeter [mym],Volume [mym^3] ,Irregularity [-],Diameter Ratio [-]
23630.0,173.4550386759978,544.9250752326482,120095.20647679998,391.0370391911694,1228.479089604482,31307782.641160008,1.0570522567927547,1.0377328982424532
45574.5,240.88847135455168,756.7734519419349,231624.16367232,543.0589698217013,1706.0700700578982,83857053.13980216,1.0674534212291693,1.10371463546021
18918.5,155.20239149920394,487.58269295346605,96149.85881215998,349.88827139580536,1099.206422994294,22427805.263158266,1.055823114571083,1.025106817003085
17058.0,147.37340382203433,462.987202781825,86694.20364287999,332.2386015763942,1043.7583499513464,19202107.32205973,1.0574544425221333,1.0313936983063285
22335.5,168.63701210420038,529.7887983498889,113516.14406528,380.1752800877093,1194.3558669999895,28770687.909663055,1.0912634861382524,1.1909489573165077
