Area [-],Diameter [-],Perimeter [-],Area [mym^2],Diameter [mym],Perimeter [mym],Volume [mym^3] ,Irregularity [-],Diameter Ratio [-]
2586.5,57.386706495995206,180.2856555415322,13145.419024639998,129.37259112457158,406.43598185283014,1133771.2804239437,1.0867413682610272,1.2087655363864258
43052.5,234.12848075300576,735.5363151297822,218806.5542464,527.8192470095762,1658.1930688285809,76993540.4687299,1.4667057708120974,1.2144536832353356
1093.5,37.31336814290423,117.22340323843936,5557.516220159999,84.11925714136329,264.26844026073763,311662.7573272909,1.2236344858565416,1.3552339719786826
