Area [-],Diameter [-],Perimeter [-],Area [mym^2],Diameter [mym],Perimeter [mym],Volume [mym^3] ,Irregularity [-],Diameter Ratio [-]
1384.5,41.985713637924896,131.90200952062963,7036.471153919999,94.65259282533788,297.3598902633074,444013.49270615,1.1988057727197248,1.3639378376832731
34851.5,210.6521018013766,661.783095482454,177126.45317504002,474.8940983010234,1491.9238104556441,56077538.177212715,1.3428098171642213,1.3006938651042905
1297.5,40.64515111663227,127.69050815205891,6594.309369599999,91.63042867733579,287.8654815780016,402826.26291161316,1.3922862957647002,1.245811580472909
17476.0,149.16814098121523,468.6255358562323,88818.61313535998,336.2846570280516,1056.4694080342902,19912224.57062115,1.19988884151105,1.4500006376252335
11522.0,121.12087365288671,380.51244686428646,58558.48366592001,273.0548975630678,857.8272602108474,10659787.172564246,1.0577188207363595,1.0158163822413604
7111.0,95.15254280686219,298.9305294524266,36140.37296895999,214.5118925037901,673.9089855975504,5168359.867576285,1.0974080533982773,1.188143290885616
5396.5,82.89171975030622,260.412017810986,27426.736426240008,186.87109300509036,587.0728529530868,3416842.8090226636,1.0903808033966778,1.1857377563518567
16189.5,143.57267013429095,451.04684575015915,82280.20927872,323.6702275507455,1016.8400090591587,17754436.040110845,1.1182312349422094,1.2885460709685201
