Area [-],Diameter [-],Perimeter [-],Area [mym^2],Diameter [mym],Perimeter [mym],Volume [mym^3] ,Irregularity [-],Diameter Ratio [-]
1039.0,36.371635747926355,114.26486366472933,5280.529815040001,81.99621563012518,257.59870864576584,288655.64090354997,1.0811644106740939,1.1081460429178944
21591.5,165.80455853247602,520.8903830173256,109734.89846144001,373.78979675561396,1174.2952794742587,27345190.261933062,1.0545143020922958,1.0253035351057747
