Area [-],Diameter [-],Perimeter [-],Area [mym^2],Diameter [mym],Perimeter [mym],Volume [mym^3] ,Irregularity [-],Diameter Ratio [-]
2143.5,52.24164013638757,164.1219528639569,10893.95154816,117.77355352347215,369.9965305365044,855346.2571595559,1.4089375872713146,1.55058793026695
2664.0,58.24010771946145,182.9666945557383,13539.298775039999,131.2964988427539,412.4801162064564,1185108.3506324922,1.4789190316722585,1.6784031708969935
4894.5,78.94220006882412,248.00423579443353,24875.412107520006,177.9672958351571,559.1007491749709,2951339.8837069743,1.0808928908171347,1.1527421318466364
3180.5,63.63598331156819,199.9183376755853,16164.31672448,143.46096077759933,450.6959004558395,1545965.6050715456,1.0797659054539037,1.1556214652378718
50032.5,252.395240688017,792.9230339465018,254281.1433792,568.9998306070655,1787.5656877289937,96457285.00622381,1.0652343308066323,1.0630091961428991
25021.0,178.48732909878646,560.7344818556113,127164.71270655999,402.3818347203042,1264.11981589529,34112513.60703066,1.0943009204566685,1.197665391729376
70658.5,299.9419883438621,942.2955470841924,359109.06249856,676.1892185224027,2124.3110813466037,161883784.22347602,1.05513266999137,1.0068613656510756
1194.0,38.990357992890814,122.49182223130185,6068.289315840002,87.89986305917306,276.1455640382469,355601.1999105194,1.220808877366992,1.2885883065711508
6700.5,92.36526170318557,290.17402761362644,34054.08087168,208.22824598366154,654.1683278521595,4727347.68566379,1.099263450144411,1.2002360303759751
