Area [-],Diameter [-],Perimeter [-],Area [mym^2],Diameter [mym],Perimeter [mym],Volume [mym^3] ,Irregularity [-],Diameter Ratio [-]
1325.0,41.07362166615078,129.03658808270583,6734.073152,92.59637268417032,290.9000841736521,415700.49817670503,1.0840510580029903,1.139301121689214
2389.0,55.152237238142064,173.26586333638852,12141.660951040001,124.33520362966746,390.61056230555425,1006423.9244999602,1.151635412438028,1.2577038474382478
2296.5,54.07397354073678,169.87839802598754,11671.54641024,121.904365950237,382.9738605097863,948541.6431993813,1.4404034581019818,1.1233031110939125
1091.0,37.2706901372387,117.08932632937066,5544.810421759999,84.02304384539093,263.96617727693325,310594.56612128066,1.3554666499834673,1.0669162688304612
1571.0,44.724258795187886,140.50540286821095,7984.32371456,100.82636902787156,316.75538022609476,536686.9128548085,1.2100914394966629,1.3461792065404905
59402.5,275.01565783811384,863.9871702863826,301902.4757824,619.9952990302438,1947.772676693621,124785410.50045335,1.0572810522414577,1.0452169216354783
2669.5,58.300196952244654,183.15547044800985,13567.251531520002,131.43196400914036,412.9056925779934,1188780.3433291274,1.1458298481818454,1.2614732006412495
44063.0,236.86019939969964,744.11826236191,223942.23795968003,533.9776335266829,1677.5402106686897,79720097.51491949,1.228384112068428,1.0408436694376384
