Area [-],Diameter [-],Perimeter [-],Area [mym^2],Diameter [mym],Perimeter [mym],Volume [mym^3] ,Irregularity [-],Diameter Ratio [-]
4589.5,76.44300419634244,240.15278040156315,23325.30470271999,172.3331086602344,541.4004281372839,2679814.8465779466,1.1328872183274905,1.2704093446002762
4525.0,75.90394548326596,238.45927750870848,22997.495103999998,171.11785469747477,537.5825952156324,2623521.3504081056,1.1740600451987209,1.3123394242301334
3058.0,62.39844972273051,196.03051124432224,15541.73260288,140.67106505492367,441.93118454920005,1457514.7186973074,1.2624577027831292,1.3838041973316237
13820.0,132.65055788891334,416.7340181583977,70237.65355520001,299.04741770476625,939.4851705362919,14002925.947549706,1.1877131125246603,1.3604958633453563
1027.5,36.16978894347297,113.63074322670802,5222.0831424,81.54117219416547,256.16914753029056,283876.5204844581,1.2477410652544043,1.5722534741172447
74564.0,308.11983612489587,967.9870135952638,378958.06075904,694.6253585599652,2182.2299234491625,175489252.55595815,1.0560972743506774,1.0158385254791773
