Area [-],Diameter [-],Perimeter [-],Area [mym^2],Diameter [mym],Perimeter [mym],Volume [mym^3] ,Irregularity [-],Diameter Ratio [-]
17970.5,151.26384643616345,475.2093887175857,91331.82005887997,341.00921540568686,1071.312045924925,20763328.199901354,1.0782595393088006,1.1639898377992794
5253.0,81.78219444655304,256.926341267743,26697.423598079997,184.36977916030915,579.2147437539998,3281465.3952848236,1.0792167788912495,1.0571403003568847
2390.5,55.16954895310824,173.3202496929473,12149.284430079999,124.37423115988722,390.7331709077804,1007371.9400893258,1.2387094546298336,1.3592364951035896
1698.0,46.49688964823676,146.0742869336759,8629.77827328,104.82258802298495,329.30987246327896,603063.7951131574,2.0701241992871995,1.9617821116101466
