Area [-],Diameter [-],Perimeter [-],Area [mym^2],Diameter [mym],Perimeter [mym],Volume [mym^3] ,Irregularity [-],Diameter Ratio [-]
72106.0,302.99869737784957,951.8984817295291,366465.71977216005,683.0802633686241,2145.9599372110506,166883666.91835964,1.2359656674802606,1.0413673778633272
