Area [-],Diameter [-],Perimeter [-],Area [mym^2],Diameter [mym],Perimeter [mym],Volume [mym^3] ,Irregularity [-],Diameter Ratio [-]
25764.5,181.11979530225045,569.0046183412371,130943.41715072002,408.31646652939344,1282.7640115884851,35644235.60417759,1.0592922851105777,1.049029454140727
