Area [-],Diameter [-],Perimeter [-],Area [mym^2],Diameter [mym],Perimeter [mym],Volume [mym^3] ,Irregularity [-],Diameter Ratio [-]
14432.5,135.5582152781241,425.8686932514983,73350.5741632,305.60244052300294,960.0783820661777,14944076.318691626,1.0567377518565337,1.0327666214309676
