Area [-],Diameter [-],Perimeter [-],Area [mym^2],Diameter [mym],Perimeter [mym],Volume [mym^3] ,Irregularity [-],Diameter Ratio [-]
10333.5,114.70405762448338,360.3534247700173,52518.147106560005,258.58882750863535,812.380760801527,9053737.38880759,1.06872811980167,1.090699234705611
10638.0,116.38179529846006,365.62419312123325,54065.71335168,262.3711193208484,824.2631809725083,9456854.485973613,1.0785200996268554,1.068910458208875
3336.5,65.17793906690262,204.76253454870445,16957.158544640002,146.93714583242527,461.61665788659934,1661090.9853182163,1.2017140533304482,1.2274091685820736
1485.0,43.482878514786904,136.60549169899198,7547.2442495999985,98.02780132373559,307.9634204862075,493226.50656099635,1.6869804316999377,1.4749977045398017
9731.0,111.30990077175466,349.6903665363533,49456.04969215999,250.9370402998437,788.3419623195548,8273569.823115083,1.0837028813672587,1.1510028361027866
1769.5,47.46574948748698,149.11804988702258,8993.16410752,107.00678564459065,336.1717316653037,641553.0559466794,1.1931746701076278,1.2450174811163546
22594.0,169.61006536684746,532.8457353313726,114829.92361984002,382.3689313630209,1201.2474257310464,29271596.788677026,1.066001363798828,1.0478151802861155
3023.0,62.04033481320356,194.90546007541138,15363.85142528,139.8637308028861,439.3948691940074,1432563.7198939333,1.2832254438375272,1.3299716522342064
