Area [-],Diameter [-],Perimeter [-],Area [mym^2],Diameter [mym],Perimeter [mym],Volume [mym^3] ,Irregularity [-],Diameter Ratio [-]
1919.0,49.430220375260085,155.28961719624158,9752.97085184,111.43548881398634,350.08491300720704,724551.3828422342,1.3222911951654972,1.6106060069909685
1626.0,45.500412083182,142.94376033583282,8263.851279359998,102.5761290003255,322.2524133011015,565115.9165807574,1.14507439136887,1.1708697238663541
2257.0,53.60691795344386,168.41109962413003,11470.794795519998,120.85143583424384,379.6659829926387,924174.6807990422,1.2528565405890788,1.167944362477626
4344.0,74.37037435921341,233.6414217316276,22077.595299840003,167.66057195541072,526.7212211517812,2467694.8369141747,1.2372729365673671,1.1766147514379828
1760.0,47.33816218162558,148.71722254423707,8944.8820736,106.7191528222567,335.2681065037281,636393.4913263884,1.2819752720157134,1.4454998668171042
2098.5,51.690358720236596,162.3900512169164,10665.24717696,116.53074469890137,366.0921314634163,828552.7972860029,1.1869711574873953,1.2458562782107068
1621.0,45.430400636750925,142.72381289005776,8238.43968256,102.41829519549128,321.7565637793462,562511.2982391197,1.1376344828052385,1.0890784040097041
10953.0,118.09230598766474,370.9979209363255,55666.64395008,266.2272946185914,836.3777129588522,9879986.679550782,1.1469191337807816,1.0057431098321947
1042.0,36.424107478619696,114.42970846839668,5295.776773119999,82.11450789980024,257.9703347711535,289906.7357812938,1.1615138162378758,1.0707194410430594
