Area [-],Diameter [-],Perimeter [-],Area [mym^2],Diameter [mym],Perimeter [mym],Volume [mym^3] ,Irregularity [-],Diameter Ratio [-]
1257.5,40.0137317367984,125.7068456670386,6391.016595200001,90.2069568274383,283.3935128717718,384342.77205776545,1.9558601092286056,1.7816996030292316
73803.0,306.543468565372,963.0347088509063,375090.41572607995,691.0715955337746,2171.065447633483,172809554.71016592,1.2334824641481024,1.1055158782570187
