Area [-],Diameter [-],Perimeter [-],Area [mym^2],Diameter [mym],Perimeter [mym],Volume [mym^3] ,Irregularity [-],Diameter Ratio [-]
1768.0,47.445626933277715,149.0548330185473,8985.540628479997,106.96142135838127,336.029215557013,640737.4648638022,1.18323926497054,1.1919592347964623
3319.5,65.01168101770922,204.2402194827583,16870.759115520003,146.56233368632365,460.4391508019303,1648411.8846869525,1.1899545468383848,1.225343432218576
2100.5,51.714984904921025,162.46741665780695,10675.411815680001,116.58626196965396,366.26654411335994,829737.5723845386,1.125729984519273,1.257929744514595
1312.0,40.87163175960233,128.40201807619394,6668.00300032,92.14100663884749,289.4695095509716,409597.6724802267,1.1646164618385986,1.2911449779590545
1368.0,41.73477802981229,131.113672057659,6952.61288448,94.08688359040883,295.58266228678644,436099.78607416427,1.1915263544046855,1.223075135337888
1482.0,43.4389342099632,136.46743659379072,7531.9972915200005,97.92873328294104,307.6521890570418,491732.6358993976,1.2262126240218738,1.3286053321778175
1392.0,42.099280828433955,132.25879137202173,7074.58854912,94.9086186996215,298.1642192690858,447626.2847100923,1.1295806278987202,1.30643561879691
5450.5,83.30541482148087,261.71167920741453,27701.18167168,187.80372717354646,590.0028096051954,3468256.776702024,1.1484061296078523,1.264642982717632
