Area [-],Diameter [-],Perimeter [-],Area [mym^2],Diameter [mym],Perimeter [mym],Volume [mym^3] ,Irregularity [-],Diameter Ratio [-]
1875.0,48.860251190292,153.49900619197328,9529.348800000002,110.15055028339428,346.04815955918457,699775.3427749355,1.1445105979827381,1.2685288160981574
17009.0,147.16158267836204,462.32174703298915,86445.16999424,331.76107199009937,1042.2581465111707,19119428.177103624,1.0618180647315885,1.0330682188559799
1008.5,35.83381197787101,112.5752404597975,5125.51907456,80.7837457229124,253.78962209256747,276039.0864114615,1.2937090662458242,1.0675179827812238
1292.5,40.56676116687402,127.44423886178312,6568.897772799999,91.45370637460078,287.3102920900039,400500.0320789469,1.2537384665353932,1.4074372078292894
1054.5,36.64193089785566,115.11402092204818,5359.305765120001,82.6055690161258,259.51304876666546,295139.00150609406,1.2304288225111857,1.2044345809266688
1580.5,44.85928109604438,140.9295879366525,8032.605748479999,101.13076330292245,317.7116630443894,541562.3671034833,1.1773530484998178,1.405664828030898
