Area [-],Diameter [-],Perimeter [-],Area [mym^2],Diameter [mym],Perimeter [mym],Volume [mym^3] ,Irregularity [-],Diameter Ratio [-]
6497.5,90.95534037051766,285.74462911277743,33022.37004160001,205.04971933129502,644.1826918718455,4514151.805789498,1.2478823588487387,1.070361755574369
1352.0,41.489997161749,130.34467028081204,6871.295774719999,93.53504960144694,293.84902468106264,428471.3274097654,1.097504197506666,1.0122921878317501
1703.5,46.57213291718933,146.31067063464937,8657.731029760002,104.99221644851163,329.84277587875357,605996.246819705,1.1387424509297912,1.2681251241942022
4376.5,74.64806003864695,234.51379702214305,22242.770679039997,168.28658655112568,528.6879040067194,2495439.968676737,1.1813231517232217,1.0927511634372669
1715.0,46.72906824687182,146.8036975134686,8716.177702399998,105.34601145574783,330.95425567436354,612143.0373915761,2.135937272083468,1.522237581533868
5786.5,85.83472855208444,269.65775264210254,29408.840976640004,193.50581204781918,607.916437556356,3793854.436379936,1.5553200483673668,1.3930185191011997
5798.5,85.92368416302249,269.9372149359211,29469.828808959996,193.70635357711788,608.5464573515404,3805662.05275036,1.3117509590541159,1.0780611885654112
2484.0,56.23812789489124,176.67728944623354,12624.48129024,126.78323552624282,398.3012813275889,1067048.389878096,1.8415636766494377,1.2201929718652103
1428.5,42.64765749316344,133.98156747333596,7260.093205759999,96.14487905258767,302.0480457118886,465347.1887855392,1.8350658940159652,1.7115396418855247
