Area [-],Diameter [-],Perimeter [-],Area [mym^2],Diameter [mym],Perimeter [mym],Volume [mym^3] ,Irregularity [-],Diameter Ratio [-]
31003.5,198.68286847435192,624.1806399931711,157569.68827776003,447.91065868857896,1407.152834800605,47051428.577230364,1.0756014781541834,1.1255271896274353
25787.5,181.20062019722232,569.2585372375079,131060.310496,408.498678172618,1283.3364463482378,35691975.73233926,1.0567617174382606,1.0264865528470815
39421.0,224.03655079697342,703.8315821193681,200350.11149056,505.06800011669685,1586.7179187299037,67460286.75579625,1.0573279461434735,1.0352373259220549
22524.5,169.34900095774753,532.0255773016305,114476.70242432001,381.78038775914604,1199.3984614687959,29136639.893963512,1.0596701812768186,1.033368954114246
