Area [-],Diameter [-],Perimeter [-],Area [mym^2],Diameter [mym],Perimeter [mym],Volume [mym^3] ,Irregularity [-],Diameter Ratio [-]
4955.0,79.42859651386729,249.53229529291335,25182.892428799998,179.0638279808624,562.5456065083438,3006230.078620804,1.0570355206114175,0.9970711365233361
33130.0,205.38360722578602,645.2316316283009,168377.24039679999,463.016804129812,1454.6101903428416,51974327.82448227,1.0624919035857072,1.0563754669133714
22614.0,169.68511739289622,533.0815182250444,114931.57000703999,382.5381286505452,1201.77897468654,29310471.80890814,1.0660631289811817,1.0334583594960538
