Area [-],Diameter [-],Perimeter [-],Area [mym^2],Diameter [mym],Perimeter [mym],Volume [mym^3] ,Irregularity [-],Diameter Ratio [-]
24964.0,178.283908401091,560.0954168861431,126875.02050304001,401.92324309941955,1262.679107828121,33996013.13925813,1.0658627530548543,1.025992588958077
34162.0,208.55792798942608,655.20405441949,173622.19397632,470.1729928593621,1477.0920202832983,54421644.37910339,1.0770621994233676,1.0479915948219798
29355.0,193.32859808031688,607.3597034579373,149191.4848128,435.83999151226635,1369.2317154755738,43349076.98300877,1.0868313078678307,1.0185184144397146
17733.0,150.2609624845676,472.0587358628491,90124.76921087997,338.7483138252092,1064.209214129207,20353075.73604781,1.1549110567454677,1.0577700352174004
