Area [-],Diameter [-],Perimeter [-],Area [mym^2],Diameter [mym],Perimeter [mym],Volume [mym^3] ,Irregularity [-],Diameter Ratio [-]
54435.0,263.26563508680465,827.0733851313568,276656.05436159996,593.5060477396923,1864.5542394401305,109464694.2716071,1.098824160107102,1.1293530757947008
26543.5,183.83752026090264,577.5426031058165,134902.54393215998,414.4433056761789,1302.0120444417528,37272970.83424689,1.062381590860897,1.053305574869196
44379.5,237.70934852372582,746.7859430117528,225550.79203712,535.8919553118875,1683.5542299256954,80580569.97794476,1.0571340913646923,1.0264636267582312
39680.0,224.7713174208205,706.1399195469492,201666.4322048,506.72445799349777,1591.9218346266423,68126209.03630649,1.110232928327509,1.0344995784962374
