Area [-],Diameter [-],Perimeter [-],Area [mym^2],Diameter [mym],Perimeter [mym],Volume [mym^3] ,Irregularity [-],Diameter Ratio [-]
6939.5,93.9981160486191,295.3037908296226,35268.755198720006,211.9093528200069,665.7328660463012,4982519.392618673,1.1967476201003093,1.1188775154348864
