Area [-],Diameter [-],Perimeter [-],Area [mym^2],Diameter [mym],Perimeter [mym],Volume [mym^3] ,Irregularity [-],Diameter Ratio [-]
38200.0,220.5396803500069,692.845839612623,194144.59955200003,497.18465538105556,1561.9516608226972,64350477.21490278,1.1075369587351171,1.038361893136719
32152.0,202.329429007065,635.6366477736129,163406.73206272002,456.1314647535273,1432.979258740833,49689968.030903764,1.0610475167928577,0.9997295251222654
29501.0,193.80877123915738,608.8682119262016,149933.50343935998,436.92249388155636,1372.6324969664288,43672880.15941604,1.1418074142773744,1.2881530768396598
41190.0,229.0081589106409,719.4503496457934,209340.7344384,516.2759934481488,1621.9288682414765,72051730.4275667,1.1447319056301644,1.198548105130945
