Area [-],Diameter [-],Perimeter [-],Area [mym^2],Diameter [mym],Perimeter [mym],Volume [mym^3] ,Irregularity [-],Diameter Ratio [-]
49884.5,252.02166190496646,791.7494015861332,253528.96011391998,568.1576345985563,1784.9198509357786,96029609.520371,1.0655875120321712,1.0499549410158924
32769.0,204.26156427832072,641.7066297475317,166542.52310783998,460.4872705090462,1446.6634261028353,51127141.259745985,1.063920685586078,1.0518320588282055
