Area [-],Diameter [-],Perimeter [-],Area [mym^2],Diameter [mym],Perimeter [mym],Volume [mym^3] ,Irregularity [-],Diameter Ratio [-]
25913.0,181.64100947396838,570.642060954053,131698.14157567997,409.4914917581143,1286.4554622148173,35952845.63706436,1.0600795302757307,1.07054217285542
15148.5,138.88005343972407,436.304555616395,76989.51482496,313.09119247451395,983.6049901816009,16069826.003053999,1.0679985904580707,1.023389932291565
