Area [-],Diameter [-],Perimeter [-],Area [mym^2],Diameter [mym],Perimeter [mym],Volume [mym^3] ,Irregularity [-],Diameter Ratio [-]
22263.0,168.36309567253429,528.9282645004693,113147.67591168,379.55776288416126,1192.4158794898576,28630719.163052905,1.0666028907949021,1.0131924254268982
17171.5,147.86288527693435,464.52495412460735,87271.04689023999,333.3420885683208,1047.2250565785148,19394075.36129097,1.0681313381956004,1.095119031483261
33668.5,207.04604708111628,650.4543404648414,171114.06937215995,466.76460853966853,1466.3842651439384,53246661.070750624,1.0994003559900714,1.1049792493924193
28185.0,189.43668221429704,595.1328891648598,143245.1711616,427.06605638391125,1341.66758533326,40783433.56268192,1.1090609808133876,1.0203959868721926
