Area [-],Diameter [-],Perimeter [-],Area [mym^2],Diameter [mym],Perimeter [mym],Volume [mym^3] ,Irregularity [-],Diameter Ratio [-]
19563.0,157.82390571030103,495.81842274032994,99425.41363968002,355.79821303330266,1117.7730522257998,23583589.66873007,1.1053908658988911,1.0834860487731484
37970.0,219.87474960439212,690.7568980670536,192975.66609920003,495.6856355081416,1557.2423510023657,63770177.12532594,1.1056775504454643,1.0847788244955658
