Area [-],Diameter [-],Perimeter [-],Area [mym^2],Diameter [mym],Perimeter [mym],Volume [mym^3] ,Irregularity [-],Diameter Ratio [-]
24253.5,175.7285272749825,552.0674503132386,123264.03259776,396.16239188872055,1244.580859986165,32555049.325185213,1.0690687265719887,1.0905965511299998
26869.5,184.9629961566947,581.0783899118292,136559.38004352,416.9805785356525,1309.9831222172277,37961739.53001133,1.058177947171913,1.0275183450374847
35133.5,211.5026277495219,664.4551015528348,178559.66723455998,476.8115239985222,1497.9475809407106,56759538.03918636,1.071033826231656,1.091150385040908
