Area [-],Diameter [-],Perimeter [-],Area [mym^2],Diameter [mym],Perimeter [mym],Volume [mym^3] ,Irregularity [-],Diameter Ratio [-]
25348.5,179.65164235185625,564.3922798179326,128829.17229695997,405.0066625180247,1272.365955621547,34784448.73796755,1.0788317975917032,1.07616822007637
35570.5,212.8139262971343,668.5746674366768,180780.64079488,479.7677154442595,1507.234730269244,57821810.020472586,1.078277054320177,1.0085109164661363
