Area [-],Diameter [-],Perimeter [-],Area [mym^2],Diameter [mym],Perimeter [mym],Volume [mym^3] ,Irregularity [-],Diameter Ratio [-]
37582.5,218.74991472000454,687.2231250577601,191006.26734720002,493.14980774477823,1549.2758131302141,62796469.3468796,1.085730592871978,1.1291432973409612
46087.0,242.2391192565921,761.0166374685715,234228.85234431998,546.1038704520612,1715.6359075091475,85275521.89118499,1.1140082075497997,1.1907769466562441
40811.5,227.95353842386191,716.1371616722032,207417.07656063998,513.8984570227543,1614.459617273815,71060877.06978893,1.0878514620848632,1.0557144266120186
