Area [-],Diameter [-],Perimeter [-],Area [mym^2],Diameter [mym],Perimeter [mym],Volume [mym^3] ,Irregularity [-],Diameter Ratio [-]
41147.0,228.88859199885377,719.0747191141105,209122.19470592003,516.0064418022159,1621.0820467708506,71938933.06138133,1.207951252087391,1.1003533201201043
12740.0,127.36197156108244,400.1194342030088,64748.7486464,287.1248286873043,902.029252467263,12393982.241876617,1.0579431226386462,1.005009567856851
