Area [-],Diameter [-],Perimeter [-],Area [mym^2],Diameter [mym],Perimeter [mym],Volume [mym^3] ,Irregularity [-],Diameter Ratio [-]
39069.0,223.03406863808513,700.6821915336499,198561.13507584,502.8080043376991,1579.6179325934604,66558752.04434094,1.0563716476553782,1.0145273827607366
104318.5,364.44812998210745,1144.9475677663268,530179.9321561601,821.611864231663,2581.169796772407,290401414.95802623,1.4000394595442294,1.1608225314555687
