Area [-],Diameter [-],Perimeter [-],Area [mym^2],Diameter [mym],Perimeter [mym],Volume [mym^3] ,Irregularity [-],Diameter Ratio [-]
11009.0,118.39380958474732,371.945122421951,55951.253834239986,266.90700432785434,838.5130839880463,9955854.366189579,1.275500800762424,1.1356143323947163
38714.5,222.01989179947245,697.4960610280234,196759.45286271998,500.5216440727307,1572.435119981576,65654909.88913304,1.1241358048169248,1.0064912338167014
47738.0,246.5398738268664,774.527856431438,242619.76160767997,555.7994915552875,1746.0955995390336,89898626.76187573,1.4860654965677027,1.2483922706820612
32838.0,204.47650273323163,642.3818788184537,166893.20314368003,460.9718277617974,1448.1857076083222,51288709.929442085,1.374937016488616,1.1550162115459848
