Area [-],Diameter [-],Perimeter [-],Area [mym^2],Diameter [mym],Perimeter [mym],Volume [mym^3] ,Irregularity [-],Diameter Ratio [-]
29008.0,192.18255049217555,603.7592887743682,147427.91999488,433.25634182956054,1361.1149406129355,42582720.86701522,1.1664245823310038,1.0494937297758409
