Area [-],Diameter [-],Perimeter [-],Area [mym^2],Diameter [mym],Perimeter [mym],Volume [mym^3] ,Irregularity [-],Diameter Ratio [-]
14501.5,135.88187244064957,426.8854922155701,73701.25419903999,306.33209323020037,962.370653650781,15051372.981655343,1.0682759986192734,1.0230738961592785
