Area [-],Diameter [-],Perimeter [-],Area [mym^2],Diameter [mym],Perimeter [mym],Volume [mym^3] ,Irregularity [-],Diameter Ratio [-]
29952.5,195.28621933889744,613.5097520224052,152228.17063039995,440.25325287761035,1383.0963849593102,44679298.199760996,1.120389067567383,1.0091747758900256
47047.5,244.75035746843676,768.9059249863167,239110.42008960008,551.7652058768439,1733.4215172891525,87955206.7786912,1.6751221109437417,1.140488296320009
