Area [-],Diameter [-],Perimeter [-],Area [mym^2],Diameter [mym],Perimeter [mym],Volume [mym^3] ,Irregularity [-],Diameter Ratio [-]
51794.0,256.7998617211719,806.7605590261084,263233.64893183997,578.92960826421,1818.7610042684587,101595835.50537913,1.26875038486257,1.1282308361196105
