Area [-],Diameter [-],Perimeter [-],Area [mym^2],Diameter [mym],Perimeter [mym],Volume [mym^3] ,Irregularity [-],Diameter Ratio [-]
54447.0,263.2946514690251,827.1645427845742,276717.04219392,593.5714622717702,1864.7597452535442,109500892.91370948,1.2827653311701095,1.0598820664980533
49947.0,252.1794907221584,792.2452354387482,253846.60507392004,568.5134438840339,1786.0376587731141,96210138.44589637,1.1129380975698973,1.0143813921139426
42959.0,233.87410630995012,734.7371742482176,218331.35738623998,527.2457852651515,1656.3914856251818,76742858.64874303,1.3521297879135867,1.0549918465174586
