Area [-],Diameter [-],Perimeter [-],Area [mym^2],Diameter [mym],Perimeter [mym],Volume [mym^3] ,Irregularity [-],Diameter Ratio [-]
34670.0,210.1028677004864,660.0576256659963,176204.01221119997,473.6559049439765,1488.033911301422,55640047.23910361,1.1618183974074345,1.029209648817849
20241.0,160.5354840058248,504.3370971931809,102871.22616575999,361.9111951427314,1136.977551912307,24820165.604965612,1.0585621167808719,1.0203722559776798
