Area [-],Diameter [-],Perimeter [-],Area [mym^2],Diameter [mym],Perimeter [mym],Volume [mym^3] ,Irregularity [-],Diameter Ratio [-]
40790.0,227.89348615032262,715.9485018908208,207307.8066944,513.7630751772873,1614.0343026626665,71004730.85038239,1.0924276313221897,1.0030068167108508
42970.0,233.904047073303,734.8312359304098,218387.26289920002,527.3132837220543,1656.603538281516,76772336.48163247,1.3222914086168636,1.0666579248650656
