Area [-],Diameter [-],Perimeter [-],Area [mym^2],Diameter [mym],Perimeter [mym],Volume [mym^3] ,Irregularity [-],Diameter Ratio [-]
52426.5,258.36310300052133,811.6716263451009,266448.2159270399,582.4537794043753,1829.8325144323953,103462513.58817165,1.2392262621202192,1.0754551925058256
57391.5,270.32041604671315,849.2366331676905,291681.93154944,609.4103459357101,1914.5190658132412,118502657.87249355,1.545599667328342,1.113596362544923
