Area [-],Diameter [-],Perimeter [-],Area [mym^2],Diameter [mym],Perimeter [mym],Volume [mym^3] ,Irregularity [-],Diameter Ratio [-]
55979.5,266.97436786047837,838.7247127672578,284505.69661311986,601.8670149046624,1890.8209924625057,114156396.22927332,1.2313123507921724,1.0560612482732084
