Area [-],Diameter [-],Perimeter [-],Area [mym^2],Diameter [mym],Perimeter [mym],Volume [mym^3] ,Irregularity [-],Diameter Ratio [-]
2106.0,51.782646525764335,162.67998190877825,10703.36457216,116.73879832768311,366.7457512151497,832998.612144703,1.1579023359296805,1.2795937299945968
43739.5,235.98911217881144,741.3816611481316,222298.10764672,532.0138544959125,1671.3708168923479,78843782.06418584,1.0654151928057045,1.0440781154267393
