Area [-],Diameter [-],Perimeter [-],Area [mym^2],Diameter [mym],Perimeter [mym],Volume [mym^3] ,Irregularity [-],Diameter Ratio [-]
56824.5,268.98178471748463,845.031198817921,288800.25647231995,606.3925354670973,1905.0383346151211,116750879.8438654,1.2809152355861133,1.097237956970833
