Area [-],Diameter [-],Perimeter [-],Area [mym^2],Diameter [mym],Perimeter [mym],Volume [mym^3] ,Irregularity [-],Diameter Ratio [-]
28325.0,189.90658257317855,596.6091246802412,143956.695872,428.12539975297375,1344.9956106791358,41087678.64487818,1.3037642622759962,1.0739934184283022
47542.0,246.03323847764779,772.9362145402839,241623.62701311999,554.6573328240091,1742.507402059616,89345544.33757354,1.0582759292421917,0.9998649024910071
