Area [-],Diameter [-],Perimeter [-],Area [mym^2],Diameter [mym],Perimeter [mym],Volume [mym^3] ,Irregularity [-],Diameter Ratio [-]
45409.0,240.4506903439435,755.3981223351271,230783.03981823998,542.0720363113862,1702.9695269923106,83400688.22693673,1.256257740522216,1.0821165800719912
44104.5,236.971714558451,744.4685975654071,224153.15421311997,534.2290333005719,1678.3300063514537,79832748.59103273,1.4799629213426362,1.1131284961718724
44632.5,238.38595592104866,748.9115678405467,226836.61883520006,537.4172990284121,1688.3462385397286,81270615.34343375,1.2560212418129495,1.087117968021945
