Area [-],Diameter [-],Perimeter [-],Area [mym^2],Diameter [mym],Perimeter [mym],Volume [mym^3] ,Irregularity [-],Diameter Ratio [-]
55467.5,265.7506621771574,834.8803279823805,281903.5491007999,599.1082928121835,1882.1542114034785,112593836.0263172,1.404799830522921,1.078042503021949
37015.5,217.09352447308146,682.0194216265487,188124.59227008,489.41564157211485,1537.5445841148914,61380745.34756916,1.089364282777653,0.9949628876506768
