Area [-],Diameter [-],Perimeter [-],Area [mym^2],Diameter [mym],Perimeter [mym],Volume [mym^3] ,Irregularity [-],Diameter Ratio [-]
31442.0,200.08297720086782,628.5792112826203,159798.28531712,451.0670638016364,1417.0689739155393,48053162.23901964,1.4316746393304078,1.1274885348737422
29825.0,194.8701347608869,612.2025837688553,151580.174912,439.31523180494344,1380.1495048485074,44394319.78566609,1.2839518920884905,1.0621172406101964
