Area [-],Diameter [-],Perimeter [-],Area [mym^2],Diameter [mym],Perimeter [mym],Volume [mym^3] ,Irregularity [-],Diameter Ratio [-]
38541.0,221.52183931530973,695.9313830026757,195877.67045376,499.39883455243427,1568.907709841232,65214053.55963569,1.2487346233673635,1.140046150843801
