Area [-],Diameter [-],Perimeter [-],Area [mym^2],Diameter [mym],Perimeter [mym],Volume [mym^3] ,Irregularity [-],Diameter Ratio [-]
10720.5,116.83220677250478,367.0392024991847,54485.00469888,263.3865269479348,827.453178114162,9567077.438919941,1.0596111396405814,1.0185547571802382
50690.0,254.048248414795,798.1161108772748,257622.76835839995,572.7263712263139,1799.2729603617283,98364902.17812245,1.082953876955113,1.0273639028357109
29761.5,194.66257655398366,611.5505204308557,151257.44763264,438.8473125833007,1378.6794932593211,44252616.26786227,1.0770709946468129,1.0346542519360913
38239.5,220.65367336824522,693.2039592412809,194345.35116671995,497.441641241372,1562.7590057135437,64450313.63466931,1.0825435021880703,0.9966372347815406
