Area [-],Diameter [-],Perimeter [-],Area [mym^2],Diameter [mym],Perimeter [mym],Volume [mym^3] ,Irregularity [-],Diameter Ratio [-]
119273.5,389.6969807927301,1224.2691719845634,606186.01818496,878.5328734991307,2759.992421322,355036229.6206861,1.4369846803327229,1.0399060820889146
141877.0,425.0216546111394,1335.244907742934,721064.22383872,958.1688181553527,3010.1761200156707,460600836.7797687,1.3237885689791609,1.0672280501878997
124358.0,397.916477799268,1250.0914833965064,632027.0709708799,897.0629075506698,2818.206240169084,377978694.62391406,1.5925057727665548,1.1114594659027348
