Area [-],Diameter [-],Perimeter [-],Area [mym^2],Diameter [mym],Perimeter [mym],Volume [mym^3] ,Irregularity [-],Diameter Ratio [-]
5516.5,83.80826897467531,263.29144212091734,28036.614749440003,188.93736157650804,593.5642271173961,3531442.678864136,1.301350906544764,1.4069798063584154
52013.0,257.34220104815694,808.4643682715174,264346.67687167996,580.152258042965,1822.6020718313086,102240880.99550611,1.586533715107666,1.4955886780628245
