Area [-],Diameter [-],Perimeter [-],Area [mym^2],Diameter [mym],Perimeter [mym],Volume [mym^3] ,Irregularity [-],Diameter Ratio [-]
11373.0,120.33517084490721,378.04408869483314,57801.21808127999,271.2836091527588,852.2625935536319,10453682.036343558,1.5258609376104129,1.2790252992921
90628.0,339.69273389382107,1067.1761972786608,460600.4389580801,765.8032992902303,2405.842019145013,235152890.539084,1.26306303906013,1.0455647425200043
7705.5,99.05022620850896,311.17546299305894,39161.81182847999,223.29882996446258,701.513963771552,5829857.840392022,1.22238002855795,1.2078433155078527
1506.5,43.79652239782884,137.5908330177999,7656.514115840001,98.73488009366532,310.18477395532807,503976.6687752789,1.4019425437603452,1.6577497907889691
17312.0,148.46657198997738,466.4214918673731,87985.11276032,334.703039894205,1051.500611265806,19632589.804209005,1.505159341952255,1.1359855725667867
