Area [-],Diameter [-],Perimeter [-],Area [mym^2],Diameter [mym],Perimeter [mym],Volume [mym^3] ,Irregularity [-],Diameter Ratio [-]
125295.5,399.41355181987075,1254.7946801415121,636791.74537088,900.4379112227166,2828.8091269110246,382260952.72374874,1.3030264432437484,1.0878345968664176
121837.0,393.86252222304427,1237.3556063402625,619214.54386432,887.923670099631,2789.4944789334877,366543500.24471736,1.302028512223694,1.0711599776657512
97377.5,352.1148729710921,1106.2014981456862,494903.5534784,793.80776962603,2493.8206574196347,261905523.97779024,1.1945989605713319,1.0269357899689218
