Area [-],Diameter [-],Perimeter [-],Area [mym^2],Diameter [mym],Perimeter [mym],Volume [mym^3] ,Irregularity [-],Diameter Ratio [-]
9858.5,112.0367442037281,351.97381252255104,50104.04541056,252.57563613288463,793.489762950839,8436707.428268753,1.2203926229202857,1.3901134916027762
10481.0,115.51979773341556,362.91614790347717,53267.78921216001,260.42783201021206,818.158163833599,9248276.57366653,1.4197349209775392,1.3850188796149263
7341.0,96.67911614149578,303.72640102567755,37309.306421760004,217.9533994293881,684.7207984722875,5421126.776650195,1.2472354103589904,1.379213643313686
1246.0,39.830346128799995,125.13072278817673,6332.569922559998,89.7935323127667,282.09470145366555,379082.54797616386,1.2589961959343707,1.421146843096886
