Area [-],Diameter [-],Perimeter [-],Area [mym^2],Diameter [mym],Perimeter [mym],Volume [mym^3] ,Irregularity [-],Diameter Ratio [-]
10787.0,117.19400568739938,368.17582731229436,54822.97893631999,264.20216642167316,830.0155850928363,9656233.20311033,1.5875555058938375,1.177534628930579
14303.0,134.94867620079506,423.9537697640855,72692.41380607999,304.2282956270724,955.7613785561543,14743392.771494389,1.7525713443779016,1.354378654099281
23168.0,171.75102262410041,539.5717509224082,117747.17493247999,387.19550540377196,1216.410555279477,30394117.938565295,1.7375240513790562,1.3641223782691616
