Area [-],Diameter [-],Perimeter [-],Area [mym^2],Diameter [mym],Perimeter [mym],Volume [mym^3] ,Irregularity [-],Diameter Ratio [-]
7206.0,95.78603321654772,300.9206982696142,36623.19330816001,215.9400332833852,678.3956221790183,5272275.721271948,1.1976308653654861,1.2021356391274098
