Area [-],Diameter [-],Perimeter [-],Area [mym^2],Diameter [mym],Perimeter [mym],Volume [mym^3] ,Irregularity [-],Diameter Ratio [-]
24896.0,178.04092705253646,559.3320684665648,126529.42278655998,401.3754659472382,1260.9582151510238,33857204.01799374,1.4048084122232967,1.1602107777188382
123649.5,396.7813416564979,1246.5253480295555,628426.2477043199,894.5038566304088,2810.1667445978296,374753134.78619385,1.4211827447465903,1.1249250577615486
112892.5,379.12952312371345,1191.0705246044597,573755.7383488,854.7095969300996,2685.149390668294,326929690.573623,1.473222493701808,1.1182645407238225
124973.5,398.8999902782148,1253.1812789750795,635155.2385369599,899.2801380832074,2825.171875321419,380788327.0771932,1.6425066927367455,1.1126683244075832
