Area [-],Diameter [-],Perimeter [-],Area [mym^2],Diameter [mym],Perimeter [mym],Volume [mym^3] ,Irregularity [-],Diameter Ratio [-]
12058.0,123.90610328154376,389.262503804236,61282.60684287999,279.33391923791226,877.5533885762698,11412207.167025179,1.4972998990087407,1.1776765353780612
26878.5,184.99397045083407,581.1756985267476,136605.12091776,417.05040698436034,1310.2024947586997,37980814.18326638,1.5688225395490123,1.3838792001567848
