Area [-],Diameter [-],Perimeter [-],Area [mym^2],Diameter [mym],Perimeter [mym],Volume [mym^3] ,Irregularity [-],Diameter Ratio [-]
16013.5,142.79013078506696,448.58842587949215,81385.72107135999,321.90607084185496,1011.2977473027271,17465705.128475104,1.5358568307460476,1.1905561215748899
4531.5,75.95844256544095,238.63048514171152,23030.530179840003,171.24071291953007,537.9685657034744,2629176.2712737033,1.2872567937833148,1.3146948728149355
121899.5,393.96353115922284,1237.6729352721081,619532.18882432,888.151384645352,2790.2098652774403,366825580.8911236,1.317265903542515,1.099581491844077
