Area [-],Diameter [-],Perimeter [-],Area [mym^2],Diameter [mym],Perimeter [mym],Volume [mym^3] ,Irregularity [-],Diameter Ratio [-]
11203.0,119.43241862939907,375.20800896658085,56937.223790079996,269.2484445581172,845.8689354142598,10220172.62862431,1.7184703341646383,1.3125899537639505
3776.0,69.33795873055375,217.83162176281994,19190.837903360003,156.31549416216038,491.07960810210125,1999883.5401664244,1.3906891485103603,1.0937401231298922
7327.5,96.59017943894143,303.44699813429827,37240.695110399996,217.75290052714956,684.090912593962,5406179.585291224,1.3430557783381958,1.0227239265860901
136527.0,416.93113978696476,1309.8278058075475,693873.8152627199,939.9295615357333,2952.875805412535,434795007.29400986,1.1484100889103295,1.0091787743549585
