Area [-],Diameter [-],Perimeter [-],Area [mym^2],Diameter [mym],Perimeter [mym],Volume [mym^3] ,Irregularity [-],Diameter Ratio [-]
12810.5,127.71388016903175,401.2249877004773,65107.052161279986,287.91817145306516,904.521612271956,12497002.271316713,1.7384554197164919,1.308284979689797
1068.0,36.875735026940866,115.84853825636124,5427.917076479998,83.13265704473548,261.16894464514075,300824.7791908499,1.2735517098916127,1.2248862041275381
52722.5,259.0914353993578,813.9597500586569,267952.5824575999,584.0957319643122,1834.9908605322362,104339973.1881997,1.6716589707374898,1.3119823909075028
