Area [-],Diameter [-],Perimeter [-],Area [mym^2],Diameter [mym],Perimeter [mym],Volume [mym^3] ,Irregularity [-],Diameter Ratio [-]
4601.0,76.53871664279774,240.4534699202042,23383.75137536,172.54888279952323,542.0783025881084,2689893.4503201223,1.1718046728866576,1.1889407608529985
334730.0,652.8334188820307,2050.936672777696,1701204.7593728,1471.74765952765,4623.631635110038,1669162748.6561449,1.4384138853037025,1.0655917888752713
