Area [-],Diameter [-],Perimeter [-],Area [mym^2],Diameter [mym],Perimeter [mym],Volume [mym^3] ,Irregularity [-],Diameter Ratio [-]
6764.5,92.80532797,291.5565366,34379.34931,209.2203314,657.2850561,4795239.237,1.170197442,1.024329634
10418,115.1720868,361.8237818,52947.60309,259.6439525,815.6955336,9165016.627,1.340552342,1.179886446
