Area [-],Diameter [-],Perimeter [-],Area [mym^2],Diameter [mym],Perimeter [mym],Volume [mym^3] ,Irregularity [-],Diameter Ratio [-]
16548.5,145.1557943,456.0203769,84104.76193,327.2392226,1028.052338,18348251.27,1.434580732,1.427204848
4175,72.90936222,229.0515167,21218.68333,164.3668662,516.3737393,2325098.989,1.504177124,1.538924182
