Area [-],Diameter [-],Perimeter [-],Area [mym^2],Diameter [mym],Perimeter [mym],Volume [mym^3] ,Irregularity [-],Diameter Ratio [-]
12897.5,128.1468182524317,402.58510280274584,65549.2139456,288.894187068282,907.5878557585102,12624524.583852671,1.460346573263246,1.1068705110156722
10253.0,114.25640048666693,358.9470683945261,52109.02039807999,257.5796292571419,809.2102709886195,8948148.103393525,1.3685715020947848,1.1949196815072032
9489.0,109.91710531119331,345.3147705495005,48226.12840704,247.7971222135542,778.4776187267939,7966863.889843899,1.6680846858679663,1.1096167947978786
