Area [-],Diameter [-],Perimeter [-],Area [mym^2],Diameter [mym],Perimeter [mym],Volume [mym^3] ,Irregularity [-],Diameter Ratio [-]
1339.0,41.29004420438882,129.71649953890574,6805.22562304,93.08427565437415,292.43287656050904,422306.33185684355,1.6580636136049705,2.309353721898095
8144.0,101.82957749260852,319.9070525689315,41390.40886784,229.56459949933665,721.1984593113991,6334515.089906321,1.4107335240816408,1.0802362408700414
1148.5,38.24023557888124,120.13524316615633,5837.043784960001,86.20878708902987,270.83289219378287,335469.6432579745,1.476990382469285,1.5398874346025386
