Area [-],Diameter [-],Perimeter [-],Area [mym^2],Diameter [mym],Perimeter [mym],Volume [mym^3] ,Irregularity [-],Diameter Ratio [-]
152009.0,439.9362112348191,1382.1003692634351,772558.2835942401,991.7921946077762,3115.807072467488,510811517.0322321,1.3124409282024492,1.0183321553097229
