Area [-],Diameter [-],Perimeter [-],Area [mym^2],Diameter [mym],Perimeter [mym],Volume [mym^3] ,Irregularity [-],Diameter Ratio [-]
12857.0,127.94546035971729,401.95251832625195,65343.38001152,288.44024583494667,906.1617573147024,12565107.062806113,1.063923548177282,1.023873763333962
8884.5,106.3583411641962,334.1345832494357,45153.86635392,239.77424432056392,753.2730044775278,7217822.78877527,1.0673380570825313,1.109456942524436
6622.0,91.82261303859876,288.4692465554802,33655.11880192,207.00489883421704,650.3250694346746,4644516.308563337,1.1493893826041395,1.2914617858145625
