Area [-],Diameter [-],Perimeter [-],Area [mym^2],Diameter [mym],Perimeter [mym],Volume [mym^3] ,Irregularity [-],Diameter Ratio [-]
6601.0,91.67690131541755,288.01147967639224,33548.39009536,206.67640632547733,649.2930797824587,4622440.468609494,1.070064659074297,1.1338155307127762
16071.5,143.04848598713363,449.40007268432146,81680.49559423998,322.48850680939404,1013.1275238595343,17560680.706425164,1.0953645784519601,1.2133111070475933
22927.0,170.8553863422019,536.7580265589074,116522.33596671997,385.17638296985996,1210.0672950744008,29921101.268573347,1.0656837015083849,1.0808965752079958
