Area [-],Diameter [-],Perimeter [-],Area [mym^2],Diameter [mym],Perimeter [mym],Volume [mym^3] ,Irregularity [-],Diameter Ratio [-]
16254.5,143.86059981766272,451.9514035281903,82610.56003711998,324.3193362289388,1018.8792441139523,17861467.99782643,1.0635190826958123,1.0076204245348355
10331.5,114.69295687369532,360.3185507328922,52507.98246784002,258.56380197605876,812.3021407722322,9051109.053984633,1.0659745377953675,0.9860104602999559
14229.5,134.60149368342462,422.8630637180597,72318.86333312,303.44560735991246,953.3024908459938,14629894.271798067,1.0916761102341437,1.185097091108212
6809.0,93.11008570558683,292.5139612277876,34605.51252224,209.90737721467494,659.4434741919243,4842634.91380866,1.073619765393511,1.1543348517563592
18779.0,154.62912212963514,485.78171411350064,95440.87526143999,348.59589292904946,1095.1462962974758,22180198.0891278,1.0863521504865323,1.177009851012529
