Area [-],Diameter [-],Perimeter [-],Area [mym^2],Diameter [mym],Perimeter [mym],Volume [mym^3] ,Irregularity [-],Diameter Ratio [-]
34103.5,208.379281153083,654.6428188308477,173324.87829375998,469.77025143151036,1475.826770772263,54281914.436930366,1.0692808589464846,1.0515812578365313
14058.5,133.79027670073518,420.3145504047753,71449.78672255998,301.61679979413736,947.5571224325254,14366970.67815479,1.0710399162742197,1.1204598358447286
9572.0,110.39677949199867,346.8217114320354,48647.960913920004,248.8784996867618,781.8748662523806,8071621.016717761,1.0596355476054995,1.0056068921571009
