Area [-],Diameter [-],Perimeter [-],Area [mym^2],Diameter [mym],Perimeter [mym],Volume [mym^3] ,Irregularity [-],Diameter Ratio [-]
5456.5,83.35125419480751,261.8556878459027,27731.675587840007,187.90706745677406,590.327462679803,3473985.2235824172,1.0711717733353192,1.00869686723987
8727.5,105.41441138039966,331.16914037515585,44355.9422144,237.64624901597298,746.5877100617513,7027348.859214273,1.0969076801320934,1.2303055968278318
