Area [-],Diameter [-],Perimeter [-],Area [mym^2],Diameter [mym],Perimeter [mym],Volume [mym^3] ,Irregularity [-],Diameter Ratio [-]
10559,115.9488523,364.2640626,53664.21012,261.3950927,821.1969028,9351707.451,1.071566156,1.009841064
17279.5,148.3271476,465.9834772,87819.93738,334.3887215,1050.513151,19577331.06,1.080356963,1.133131463
