Area [-],Diameter [-],Perimeter [-],Area [mym^2],Diameter [mym],Perimeter [mym],Volume [mym^3] ,Irregularity [-],Diameter Ratio [-]
12332.5,125.3085259886429,393.6683446780862,62677.70350719999,282.49554098879656,887.4859162422775,11804114.506801235,1.0859074013921395,1.1906574013910567
7270.5,96.2137625810206,302.26444969876684,36951.00290688,216.90430636265285,681.4249754009,5343221.103280784,1.0749488667183371,1.1146858858017614
10701.0,116.72590273033221,366.70523850124846,54385.89947135999,263.1468751152609,826.7002896772144,9540986.330814067,1.152631985204058,1.3252082279145045
15133.0,138.80898396889597,436.08128428894696,76910.73887487999,312.93097345947905,983.1016473010019,16045168.257069329,1.0746100069820768,1.1182474587803592
