Area [-],Diameter [-],Perimeter [-],Area [mym^2],Diameter [mym],Perimeter [mym],Volume [mym^3] ,Irregularity [-],Diameter Ratio [-]
10713.5,116.79405747948039,366.9193529604796,54449.428463360004,263.3005231817406,827.1829893141052,9557708.667566298,1.0721814090965198,1.1060193124722288
7886.5,100.20680450724822,314.8089608796796,40081.71163264001,225.9062200811404,709.7053214071497,6036471.979541319,1.0989149236038258,1.1946376660521396
