Area [-],Diameter [-],Perimeter [-],Area [mym^2],Diameter [mym],Perimeter [mym],Volume [mym^3] ,Irregularity [-],Diameter Ratio [-]
10810.0,117.31887946356763,368.5681298501305,54939.8722816,264.48368186266686,830.8999919341342,9687133.13473483,1.0667267091902672,1.0613645262653242
6217.5,88.9739673690618,279.5199622473825,31599.32062079999,200.5829120368129,630.1498028904991,4225522.499003314,1.078502521043814,1.11493299827299
