Area [-],Diameter [-],Perimeter [-],Area [mym^2],Diameter [mym],Perimeter [mym],Volume [mym^3] ,Irregularity [-],Diameter Ratio [-]
7173.5,95.5697853620991,300.2413355987239,36458.017928960006,215.4525241203162,676.8640669737631,5236647.991478785,1.1274011316024604,1.2446845078861264
5079.0,80.41631456184679,252.63530305626378,25813.10002944,181.2905395482274,569.5410272100411,3119780.554499695,1.0658811938698725,1.0818700219479693
