Area [-],Diameter [-],Perimeter [-],Area [mym^2],Diameter [mym],Perimeter [mym],Volume [mym^3] ,Irregularity [-],Diameter Ratio [-]
12880.0,128.05985060193103,402.31188587083295,65460.27335679999,288.6981271969933,906.9719155072058,12598838.8826076,1.0983323155354205,1.1978774645935772
32503.5,203.43240042407052,639.1017346743971,165193.16731776003,458.6180035160246,1440.790950649961,50507040.393173136,1.158629802857395,1.056526324977366
11120.5,118.99184996136239,373.82392167567497,56517.93244287999,268.25522655289535,842.7486490256416,10107487.181177339,1.0715624618403774,1.0509111181468849
16615.5,145.44934395021207,456.94259042344123,84445.27732607997,327.90100100135805,1030.1313758506058,18459793.97670594,1.0824118333139505,1.1058120013384813
