Area [-],Diameter [-],Perimeter [-],Area [mym^2],Diameter [mym],Perimeter [mym],Volume [mym^3] ,Irregularity [-],Diameter Ratio [-]
34973.0,211.0189721281545,662.9356526058795,177743.95497728002,475.7211707657115,1494.5221352346948,56371041.572213046,1.1238032308279498,1.0731281962553616
25170.5,179.0197641623863,562.4071759399302,127924.51945087998,403.58215632768366,1267.8907374389785,34418702.27144591,1.0663319931096573,1.0253617173290326
8273.5,102.63599453099468,322.4404864124551,42048.569224959996,231.3825860706744,726.9098325682387,6486204.458562012,1.0925780908033182,1.217018949610573
