Area [-],Diameter [-],Perimeter [-],Area [mym^2],Diameter [mym],Perimeter [mym],Volume [mym^3] ,Irregularity [-],Diameter Ratio [-]
4814.0,78.29032614796718,245.95631347360256,24466.285399039996,176.4977112679772,554.4839130948897,2878828.917439792,1.0664847438665226,1.0090646429380248
20538.5,161.71094703062974,508.02992319647456,104383.21617536,364.5611589858517,1145.3026588541322,25369377.51170663,1.0732192312603603,1.0305711247661746
6828.0,93.23990353626333,292.9217959709458,34702.076590079996,210.20003853215204,660.3628968369003,4862918.557587004,1.0944659330589561,1.2042449586317465
7733.0,99.22681794473213,311.7302422942623,39301.575610880005,223.69693837460412,702.764658228185,5861094.758301246,1.0784674060980266,1.1673085778017989
4682.0,77.20950426242894,242.56081137815656,23795.419243520002,174.0611064092198,546.8290931709162,2761238.000665555,1.0774126786366167,1.1138525084644098
