Area [-],Diameter [-],Perimeter [-],Area [mym^2],Diameter [mym],Perimeter [mym],Volume [mym^3] ,Irregularity [-],Diameter Ratio [-]
11976.0,123.4840750370197,387.93666297163185,60865.856655359996,278.3824987634572,874.5644130032467,11295992.843398346,1.111270561233451,1.2043398861789725
8220.5,102.3067235204774,321.4060510247739,41779.20629888,230.64027750456427,724.5778014302504,6423978.489796081,1.083206973081162,1.1631689091888602
7876.5,100.14325376233043,314.60931032631566,40030.88843903999,225.7629512817977,709.255229199646,6024994.34428671,1.0972437467228182,1.2074227720133799
