Area [-],Diameter [-],Perimeter [-],Area [mym^2],Diameter [mym],Perimeter [mym],Volume [mym^3] ,Irregularity [-],Diameter Ratio [-]
13881.0,132.9429882335612,417.6527151808302,70547.67503616,299.7066726737404,941.5562811036637,14095739.299970543,1.0649025641881205,1.105432639850332
26629.0,184.13336426827337,578.4720244659809,135337.08223744002,415.1102564063955,1304.1073319561074,37453207.27258477,1.0656361252245488,1.0985747030979511
