Area [-],Diameter [-],Perimeter [-],Area [mym^2],Diameter [mym],Perimeter [mym],Volume [mym^3] ,Irregularity [-],Diameter Ratio [-]
12076.5,124.00111839009433,389.56100257123853,61376.62975103998,279.54812129862864,878.2263241966001,11438481.025696496,1.1147340681071638,1.2382048632721212
8970.0,106.86888563222885,335.73850599953795,45588.4046592,240.92521576929673,756.8888879253584,7322264.152730516,1.0658526012579992,1.0454199949040563
11234.0,119.59754615189568,375.72677237816174,57094.77569024,269.62070804483363,847.0384356493278,10262622.56484231,1.0908132986317463,1.1653904500494336
15524.0,140.59079163468945,441.67899816191374,78897.92574464,316.9478806612439,995.7211334562184,16671020.235554563,1.09191102161118,1.0667559177677732
