Area [-],Diameter [-],Perimeter [-],Area [mym^2],Diameter [mym],Perimeter [mym],Volume [mym^3] ,Irregularity [-],Diameter Ratio [-]
19613.0,158.0254637420525,496.45163597215236,99679.52960768002,356.25260546008315,1119.2005681356202,23674061.422514334,1.0737072445250122,1.0188096269872724
17401.0,148.84771183305628,467.6188779983801,88437.43918336,335.5622815564421,1054.1999985595482,19784179.244918246,1.0990382220232724,1.1684780072738439
8471.0,103.85380196916992,326.26634131371344,43052.32729856,234.12801115929668,735.5348398576356,6719837.177460632,1.1130828476059433,1.2479030096979153
18328.5,152.76312053528636,479.9194972131077,93151.29038976,344.38917893474957,1081.93051451723,21386864.276027914,1.1352434436665684,1.2043005971631802
18181.0,152.14719242506578,477.98450198689926,92401.64828416002,343.0006306030683,1077.5682612792657,21129215.75348654,1.1366552710197086,1.1948932425364849
