Area [-],Diameter [-],Perimeter [-],Area [mym^2],Diameter [mym],Perimeter [mym],Volume [mym^3] ,Irregularity [-],Diameter Ratio [-]
6774.0,92.87047257355802,291.76119437250225,34427.631344639994,209.36719336982918,657.746436593369,4805344.365998956,1.0820685912647805,1.1573131265683052
7957.0,100.65369867748373,316.21292032182356,40440.01514752,226.9136982985193,712.870407573519,6117595.597581268,1.1239937743696824,1.3170313003602327
13037.5,128.84044615137236,404.76419911438273,66260.73865599999,290.45790180365384,912.5004104834644,12830636.747988008,1.305037691362166,1.472013149580335
17193.0,147.95542400544716,464.8156731142757,87380.31675648,333.5507078778801,1047.8804534688231,19430511.005811524,1.1064045294805336,1.1860775227594385
13656.5,131.86355009128093,414.2615602430379,69406.69433984003,297.27318732578374,933.9112614119045,13755166.165433785,1.1053735592946974,1.2065428955225403
