Area [-],Diameter [-],Perimeter [-],Area [mym^2],Diameter [mym],Perimeter [mym],Volume [mym^3] ,Irregularity [-],Diameter Ratio [-]
11977.0,123.48923041015782,387.9528590540091,60870.938974720004,278.3941210366598,874.6009254513581,11297407.701695556,1.084348722327258,1.1731595813769224
15318.5,139.65715150333546,438.7458811841554,77853.50911616003,314.84308234911947,989.10871454156,16341092.521218061,1.0873286416890426,1.1643165516859129
14821.0,137.37060563497508,431.56248548201836,75325.05523456002,309.6882933434878,972.9144672706622,15551525.201063229,1.0893718674374162,1.1864540924381846
14267.5,134.7811010657983,423.4273169510554,72511.99146880001,303.8505142427357,954.5745433344592,14688537.264373163,1.1056189738335398,1.2390461175893857
16013.0,142.78790155277218,448.5814225396917,81383.17991168,321.9010452605696,1011.281958973481,17464887.120132525,1.0789343272479275,1.1485566929449422
28553.0,190.6693701694719,599.0054925890058,145115.46468608,429.84502811005746,1350.3979824926546,41584773.99812807,1.0717020351500723,1.1030348318563472
