Area [-],Diameter [-],Perimeter [-],Area [mym^2],Diameter [mym],Perimeter [mym],Volume [mym^3] ,Irregularity [-],Diameter Ratio [-]
10186.0,113.88247451944643,357.7723453229197,51768.50500095999,256.73665055664003,806.5619752959902,8860581.718847426,1.1072181399821066,1.183648981713883
8837.0,106.07364355401691,333.24017932880184,44912.45618432,239.1324220281757,751.2566602788509,7160016.28439384,1.103071889929109,1.2016904257640026
