Area [-],Diameter [-],Perimeter [-],Area [mym^2],Diameter [mym],Perimeter [mym],Volume [mym^3] ,Irregularity [-],Diameter Ratio [-]
9114.0,107.72328072759515,338.42266735440387,46320.25864704,242.85136407229052,762.9400612837682,7499291.997743317,1.128736140312233,1.2160271174180433
7013.5,94.49796583524993,296.87411524720045,35644.84683135999,213.03621417898742,669.2730054132886,5062428.815961872,1.090718635215361,1.1542781249346734
5537.0,83.96384554794162,263.78020034056146,28140.80229632,189.2880934032796,594.6660836477618,3551145.8756726966,1.0618979178497312,1.000430595476213
14936.5,137.9048311696757,433.2408044971939,75912.06312063998,310.8926513889169,976.6980696584739,15733668.38398572,1.1555572598258728,1.2773983846337658
