Area [-],Diameter [-],Perimeter [-],Area [mym^2],Diameter [mym],Perimeter [mym],Volume [mym^3] ,Irregularity [-],Diameter Ratio [-]
18302.0,152.6526454004088,479.572429340972,93016.60892672,344.14012379068157,1081.1480847062871,21340498.207087222,1.0799849794776517,1.1136393971692333
1577.5,44.81668642168583,140.79577282060563,8017.358790399999,101.03473786904853,317.4099902467733,540021.1625267839,1.141741004271503,1.2464427738123292
14353.5,135.1866998093975,424.7015429842519,72949.07093376,304.76489605030577,957.4471585036976,14821544.013395831,1.172604970491672,1.2502498479303583
