Area [-],Diameter [-],Perimeter [-],Area [mym^2],Diameter [mym],Perimeter [mym],Volume [mym^3] ,Irregularity [-],Diameter Ratio [-]
17716.5,150.19103966049542,471.83906683242566,90040.91094144,338.5906798106209,1063.7139922670206,20324675.497619826,1.1419687359001605,1.1857844043656802
17580.5,149.6134613469541,470.02455104573147,89349.71550847999,337.2885872605733,1059.623347877497,20091092.87732624,1.0704637070829333,1.0387552850023316
17069.5,147.42307285108686,463.1432426386074,86752.65031552,332.3505754354902,1044.1101262044765,19221528.835277956,1.1127124102297508,1.0974014071805012
7719.0,99.13695600436156,311.4479326825568,39230.42313983999,223.4943536162327,702.1282194395561,5845185.374486558,1.0725669859179412,1.0973664153582932
19749.0,158.5724054461391,498.1699040116527,100370.72504063998,357.485630837776,1123.07423160387,23920727.972532097,1.0850885059847588,1.1427299003715807
