Area [-],Diameter [-],Perimeter [-],Area [mym^2],Diameter [mym],Perimeter [mym],Volume [mym^3] ,Irregularity [-],Diameter Ratio [-]
34556.5,209.758676406104,658.976316824135,175627.16896384,472.87996008992087,1485.59620864833,55367045.7668843,1.098364245691304,1.0593931440351942
