Area [-],Diameter [-],Perimeter [-],Area [mym^2],Diameter [mym],Perimeter [mym],Volume [mym^3] ,Irregularity [-],Diameter Ratio [-]
26151.5,182.47499542167856,573.2621050805765,132910.27474304,411.37162967863213,1292.3620896936516,36450344.21471941,1.088604854874899,1.0189629353234562
24477.5,176.5381572245925,554.6109778150596,124402.47213439998,397.98762164712133,1250.3149883862704,33007096.00786142,1.0906461681769384,0.9994555845208601
29591.5,194.1058164714045,609.801407045613,150393.45334144,437.5921526531343,1374.73629204363,43873996.661746286,1.1338984648455128,1.0519862773072521
26564.5,183.91022779094487,577.7710205480578,135009.27263872,414.6072175319061,1302.5269887235415,37317212.579830796,1.091088050688076,1.0276753080575856
24465.0,176.49307482716074,554.4693472864818,124338.9431424,397.88598789035115,1249.9956965226445,32981815.483637348,1.0829105155068095,1.0014334183112221
