Area [-],Diameter [-],Perimeter [-],Area [mym^2],Diameter [mym],Perimeter [mym],Volume [mym^3] ,Irregularity [-],Diameter Ratio [-]
15912.0,142.33688079983315,447.1644990556419,80869.86565632,320.88426407514385,1008.0876466710391,17299911.55132266,1.0650983410199424,1.0397867310871511
