Area [-],Diameter [-],Perimeter [-],Area [mym^2],Diameter [mym],Perimeter [mym],Volume [mym^3] ,Irregularity [-],Diameter Ratio [-]
85767.5,330.45812541541943,1038.164819124136,435897.82570880005,744.9847979365215,2340.4387682334527,216491502.4044263,1.2679061770308684,1.0928693371852642
69611.0,297.7103927452977,935.2847827459593,353785.33296896,671.1583094049992,2108.5060142224906,158297310.64515463,1.1724479406247934,1.0923884452520274
