Area [-],Diameter [-],Perimeter [-],Area [mym^2],Diameter [mym],Perimeter [mym],Volume [mym^3] ,Irregularity [-],Diameter Ratio [-]
24724.5,177.42663589158346,557.4022158681497,125657.80501631998,399.9906079539857,1256.6075554531567,33507961.21509415,1.0807259809967003,1.022394457538596
32746.0,204.189867848279,641.481388769624,166425.62976255998,460.32563807716014,1446.1556428422402,51073322.80856243,1.0918193791438802,1.0138316966347691
