Area [-],Diameter [-],Perimeter [-],Area [mym^2],Diameter [mym],Perimeter [mym],Volume [mym^3] ,Irregularity [-],Diameter Ratio [-]
77407.0,313.9389326593864,986.2682445185491,393407.09469952,707.7439297873207,2223.443130442617,185620988.80590057,1.2852756308734428,1.068129655950251
67513.0,293.1897361499973,921.0827211967613,343122.62695168005,660.966941176554,2076.488886665979,151195142.12314385,1.0950499551241362,1.0574434127433696
195733.5,499.21501622990064,1568.3302275495653,994780.1564505601,1125.430332588688,3535.64366498774,746370508.217854,1.2837781483155744,1.203897770851642
