Area [-],Diameter [-],Perimeter [-],Area [mym^2],Diameter [mym],Perimeter [mym],Volume [mym^3] ,Irregularity [-],Diameter Ratio [-]
25585.5,180.48952981217914,567.024580907818,130033.68198527998,406.89559600857666,1278.3002151985847,35273421.68839348,1.0785610537348553,1.001982166097145
32720.5,204.11034888879811,641.2315725906977,166296.03061887997,460.14637053490645,1445.592457248469,51013676.61575953,1.0949853391771078,1.0128141295253035
12940.0,128.35778008704034,403.2478589525402,65765.21251840002,289.36977942822375,909.0819732226066,12686976.693666449,1.0625603262613443,1.0361662527180802
