Area [-],Diameter [-],Perimeter [-],Area [mym^2],Diameter [mym],Perimeter [mym],Volume [mym^3] ,Irregularity [-],Diameter Ratio [-]
19404.5,157.18325847816448,493.80577010230706,98619.86602111999,354.353937913174,1113.235728118641,23297558.587368995,1.0844088943488508,1.0973922135856669
12291.5,125.10005541210704,393.0134150463515,62469.32841344,282.0255649210541,886.0094428804949,11745298.424026182,1.0692574855459538,1.0469159094279261
