Area [-],Diameter [-],Perimeter [-],Area [mym^2],Diameter [mym],Perimeter [mym],Volume [mym^3] ,Irregularity [-],Diameter Ratio [-]
29070.5,192.3894752454602,604.4093620591332,147745.56495488,433.7228329933655,1362.5804658261097,42720416.66295723,1.0903644359831768,1.005628243396479
26905.0,185.0851424374727,581.4621237701847,136739.80238080004,417.2559451110385,1310.8482118275044,38036996.9844649,1.0750949250899835,1.0358384523484123
26034.5,182.06634759726356,571.9783000774888,132315.64337792003,410.45037402327097,1289.467879694691,36206003.542398,1.0889999457994726,1.0079869796611347
