Area [-],Diameter [-],Perimeter [-],Area [mym^2],Diameter [mym],Perimeter [mym],Volume [mym^3] ,Irregularity [-],Diameter Ratio [-]
33321.5,205.97633720865298,647.0937477880382,169350.50455424,464.3530546031873,1458.8081450133532,52425616.05890154,1.1012692591595579,1.08559451069055
16889.5,146.64371548349604,460.694819258063,85837.83283072003,330.5935921859935,1038.5904005353773,18918291.667312358,1.0614447298066683,1.016068090669519
