Area [-],Diameter [-],Perimeter [-],Area [mym^2],Diameter [mym],Perimeter [mym],Volume [mym^3] ,Irregularity [-],Diameter Ratio [-]
34190.5,208.64490565136637,655.4773028032681,173767.04007807997,470.36907530044033,1477.7080314396876,54489761.306147344,1.6394379225357019,1.980632304641774
7480.0,97.5901213987308,306.58840844918876,38015.74881279999,220.0071696812987,691.1729080078511,5575824.866412877,1.676753397957489,1.750364802813478
62431.0,281.93903244737317,885.7375930968818,317294.2799641599,635.603354749358,1996.8068298776102,134448872.5253347,1.2286804298999348,1.108053724448446
