Area [-],Diameter [-],Perimeter [-],Area [mym^2],Diameter [mym],Perimeter [mym],Volume [mym^3] ,Irregularity [-],Diameter Ratio [-]
32083.0,202.11220723582787,634.9542254528947,163056.05202688,455.6417599924503,1431.4408058610056,49530097.68196543,1.1436742556287722,1.0188827914885061
