Area [-],Diameter [-],Perimeter [-],Area [mym^2],Diameter [mym],Perimeter [mym],Volume [mym^3] ,Irregularity [-],Diameter Ratio [-]
27054.5,185.59865102698743,583.0753585825594,137499.60912511998,418.41359887524044,1314.485088388522,38354470.8653202,1.2162554944359627,1.324087098354725
1923.5,49.48814266365313,155.4715854319363,9775.841288959997,111.5660688209396,350.49514219775716,727101.4546844625,1.0694367421959001,1.0048837765754548
1415.0,42.445658856946196,133.3469700417607,7191.481894399998,95.6894933270995,300.6174092621453,458766.1724974303,1.54973001456165,1.6398807693559339
5261.0,81.84444541232894,257.12190844450345,26738.08215296,184.51011773755437,579.6556303972886,3288964.4574127006,1.1425105757867071,1.3363263347358716
