Area [-],Diameter [-],Perimeter [-],Area [mym^2],Diameter [mym],Perimeter [mym],Volume [mym^3] ,Irregularity [-],Diameter Ratio [-]
15376.5,139.92129165934765,439.57570195780136,78148.28363903998,315.4385599168333,990.9794624936673,16433988.03404733,1.0787076236526985,1.0579354503282934
12652.0,126.9213406799238,398.73515146381595,64301.504542719995,286.1314704288202,898.9085254600267,12265789.363729289,1.1126351611283,1.1352939707774963
12759.0,127.45690782094135,400.4176852595408,64845.312714240004,287.3388529915302,902.7016296491088,12421718.518124541,1.1013982376924345,1.0437161969927478
43731.5,235.96752986499175,741.3138583095882,222257.44909184,531.9651993276374,1671.2179621731354,78822152.13879526,1.2679683985618642,1.1808673950357251
47962.5,247.11890187591933,776.3469266965651,243760.74230400004,557.1048523890726,1750.1965115447365,90533528.23968047,1.1626874615038778,1.1405176746994168
