Area [-],Diameter [-],Perimeter [-],Area [mym^2],Diameter [mym],Perimeter [mym],Volume [mym^3] ,Irregularity [-],Diameter Ratio [-]
7434.0,97.28958205050117,305.64423624067587,37781.962122239995,219.32963377464984,689.0443661809796,5524469.27703906,1.2450228289503096,1.272287030416556
16226.5,143.73663928395263,451.56197002615164,82468.25509503996,324.03987960174277,1018.0013052269561,17815335.634641707,1.2289414293117826,1.1898935207361694
5049.0,80.17846631962873,251.88808076584226,25660.630448640008,180.754334470971,567.8564892785148,3092180.1192329726,1.0756208541674979,1.04208732209662
3537.5,67.11247938722454,210.84007220710103,17978.704736,151.298373530559,475.3178587836885,1813432.523161972,1.0863047779446928,1.003714983599367
4264.0,73.68238201056433,231.4800300233856,21671.009751039997,166.1095620046162,521.8485796847206,2399841.291962014,1.1352769272568315,1.1007992700001523
