Area [-],Diameter [-],Perimeter [-],Area [mym^2],Diameter [mym],Perimeter [mym],Volume [mym^3] ,Irregularity [-],Diameter Ratio [-]
5724.5,85.37364801,268.2092254,29093.73718,192.4663521,604.6508777,3733043.642,1.079243205,1.056662541
1194.5,38.99852095,122.5174669,6070.830476,87.91826563,276.2033774,355824.5909,1.139752663,1.153889914
2611.5,57.66337721,181.1548422,13272.47701,129.9963176,408.3954763,1150248.758,1.083421362,0.985605729
