Area [-],Diameter [-],Perimeter [-],Area [mym^2],Diameter [mym],Perimeter [mym],Volume [mym^3] ,Irregularity [-],Diameter Ratio [-]
3464.0,66.41160879667503,208.63822230871355,17605.154263039996,149.71833087122417,470.35400837276376,1757209.5406618435,1.0790788023512903,1.1225793328958515
11748.0,122.30297695292904,384.22613390748364,59707.087841280016,275.71983124268326,866.1993962810312,10974952.122393193,1.0869816304505293,1.1161765817240858
