Area [-],Diameter [-],Perimeter [-],Area [mym^2],Diameter [mym],Perimeter [mym],Volume [mym^3] ,Irregularity [-],Diameter Ratio [-]
31877.0,201.46229664014749,632.912471100015,162009.09423872,454.17660154554846,1426.8378748478738,49053826.56054288,1.1353589238580102,1.0225238341641552
18648.5,154.09090709705646,484.0908617210999,94777.63258496,347.38254095960406,1091.3344386640474,21949396.555666115,1.1718592594316217,0.9800463777946525
13814.0,132.62175941741813,416.6435450919138,70207.15963903998,298.9824944306274,939.2812080552103,13993807.81051296,1.2555158944514986,1.3982746964392154
