Area [-],Diameter [-],Perimeter [-],Area [mym^2],Diameter [mym],Perimeter [mym],Volume [mym^3] ,Irregularity [-],Diameter Ratio [-]
10416.0,115.16103116055125,361.78904947381307,52937.438453760005,259.6190286483467,815.6172331337641,9162377.566997873,1.1452337813809128,1.0826042389442658
14096.0,133.9685956580379,420.87475593103335,71640.37369856001,302.0188020514807,948.8200497709216,14424493.228639668,1.174397274110144,1.0905231557835255
13627.5,131.72346752146495,413.821477870808,69259.30707840002,296.9573851803906,932.9191397119496,13711375.152938256,1.1031733033059452,1.0637007361076498
9772.5,111.54700108440557,350.4352391367412,49666.96594559999,251.4715592446839,790.0212031098694,8326552.912861764,1.1730012199892723,1.1337861394398947
14045.5,133.72840395958417,420.1201714557178,71383.71657088,301.47731388648657,947.1189145297703,14347047.418015456,1.1043807984774405,1.0032579002388795
