Area [-],Diameter [-],Perimeter [-],Area [mym^2],Diameter [mym],Perimeter [mym],Volume [mym^3] ,Irregularity [-],Diameter Ratio [-]
18480.0,153.39317711914637,481.8988783483082,93921.2617728,345.80957849740355,1086.392831348426,21652581.297064174,1.1203017260100854,1.1085258266072502
32347.5,202.94362806779787,637.5662110306531,164400.3254976,457.5161151160435,1437.3292661475045,50143865.49698333,1.324671167538999,1.09090940321938
4355.5,74.46875074213345,233.9504802534959,22136.041972479998,167.88235167306564,527.4179626834812,2477500.5220490857,1.078040748072666,1.0270467344471428
17256.5,148.22839877608587,465.67324864832966,87703.04403584,334.166102200808,1049.8137717527943,19538256.251068316,1.2414601600338613,1.3264851664073876
