Area [-],Diameter [-],Perimeter [-],Area [mym^2],Diameter [mym],Perimeter [mym],Volume [mym^3] ,Irregularity [-],Diameter Ratio [-]
5492.0,83.62195632539049,262.70612367065326,27912.097925119997,188.5173383399603,592.2446852031208,3507942.938885301,1.3046329386368685,1.2047829517527904
11397.5,120.46471562710393,378.45106563089325,57925.7349056,271.5756549097431,853.1800823582857,10487479.59541099,1.3225403550847599,1.0392647507968504
12616.5,126.74315254147335,398.1753569171032,64121.08220544,285.7297630894975,897.6465246339174,12214201.085068377,1.2556594518551156,1.1086396296121332
15363.5,139.86213120619416,439.3898439127913,78082.21348736,315.30518859124413,990.5604641169969,16413151.36616922,1.1074449575034815,1.0455928603690456
