Area [-],Diameter [-],Perimeter [-],Area [mym^2],Diameter [mym],Perimeter [mym],Volume [mym^3] ,Irregularity [-],Diameter Ratio [-]
8587.5,104.56550382613383,328.50221863909746,43644.417504,235.7324718256361,740.5754016999813,6858937.613071986,1.1549514351949486,1.0429292307769253
15551.5,140.71526136119311,442.07003134029196,79037.68952704003,317.2284852126738,996.6026786535542,16715337.682248345,1.0887106670744306,1.1161488246881701
9562.0,110.33909790621648,346.6404993858946,48597.137720319995,248.74846231977443,781.4663418155608,8058975.520714606,1.0723087037980095,1.120987861191379
11994.5,123.57941462608531,388.2361811242366,60959.87956351998,278.5974323330467,875.239646726479,11322177.281152291,1.1097882513714803,1.1142284043532082
10185.5,113.8796794116492,357.76356423279793,51765.96384128,256.73034926562195,806.5421792064196,8859929.318028914,1.0703125358058112,1.0760174470519834
