Area [-],Diameter [-],Perimeter [-],Area [mym^2],Diameter [mym],Perimeter [mym],Volume [mym^3] ,Irregularity [-],Diameter Ratio [-]
7956.5,100.65053620167814,316.2029851110656,40437.47398784,226.9065688130632,712.8480096343861,6117018.982698846,1.1115106451079935,1.0432135184019948
11760.5,122.36802550445064,384.4304899590706,59770.61683328,275.8664766972335,866.6600965637286,10992472.983878206,1.2485290915916851,1.1631802853918294
10710.0,116.77497815933683,366.8594135084811,54431.64034559998,263.2575107624089,827.0478618135197,9553025.42939824,1.238826536373703,1.1665278799223961
