Area [-],Diameter [-],Perimeter [-],Area [mym^2],Diameter [mym],Perimeter [mym],Volume [mym^3] ,Irregularity [-],Diameter Ratio [-]
13527.5,131.23927743402473,412.3003498491648,68751.07514239998,295.8658270472653,929.489908699957,13560729.138263239,1.133994294292244,1.0210357952280187
10358.5,114.84272647468443,360.7890658110906,52645.20509056,258.90144256452857,813.3628699645227,9086613.028034298,1.0928585381483393,1.13198287771979
