Area [-],Diameter [-],Perimeter [-],Area [mym^2],Diameter [mym],Perimeter [mym],Volume [mym^3] ,Irregularity [-],Diameter Ratio [-]
13180.0,129.5426462583247,406.9702258117342,66984.9691648,292.0409417247672,917.4736770699735,13041568.984195126,1.46943005318103,1.1610876743486407
21972.0,167.25913809690937,525.4600794910111,111668.72097792002,377.06900092567247,1184.5972032045356,28071208.70252799,1.2314315179570463,1.0938373038964584
11777.0,122.4538366828333,384.7000737266734,59854.475102719975,276.05992941777936,867.2678462094125,11015614.781463405,1.2154608390970947,1.0969263936326707
17004.0,147.13995113046866,462.25378952104154,86419.75839743999,331.71230582852854,1042.104943096236,19110998.218106106,1.338316118098995,1.1437406782916715
