Area [-],Diameter [-],Perimeter [-],Area [mym^2],Diameter [mym],Perimeter [mym],Volume [mym^3] ,Irregularity [-],Diameter Ratio [-]
15907.5,142.31675255525823,447.1012643103557,80846.99521919999,320.83888696057414,1007.9450902612658,17292573.30682332,1.1135942343597562,1.140684624820317
10811.5,117.32701878895676,368.5937002949782,54947.49576064002,264.50203115782415,830.9576379449989,9689149.490483476,1.0763011328457972,1.097765179739345
15836.0,141.99655429068002,446.09533179466456,80483.60938496001,320.11703199290906,1005.6773159978919,17176116.106926695,1.1482193480092828,1.1942600395762242
14181.0,134.3719092068329,422.1418028130209,72072.37084416,302.9280321158841,951.6764802616743,14555160.97983174,1.1746577616137446,1.275079405638631
