Area [-],Diameter [-],Perimeter [-],Area [mym^2],Diameter [mym],Perimeter [mym],Volume [mym^3] ,Irregularity [-],Diameter Ratio [-]
10068.0,113.22091563131619,355.6939967800527,51168.79131648,255.2452321992392,801.8765463409508,8707060.013952902,1.2678326367163155,1.2053818922709043
17967.0,151.24911537016231,475.163109708857,91314.03194112002,340.97600569049393,1071.2077145276473,20757262.583184853,1.252468818048642,1.1765215619508282
