Area [-],Diameter [-],Perimeter [-],Area [mym^2],Diameter [mym],Perimeter [mym],Volume [mym^3] ,Irregularity [-],Diameter Ratio [-]
10634.5,116.36264838205638,365.56404130932054,54047.92523392,262.3279545125079,824.1275747277323,9452187.78150613,1.1204743165671116,1.1767230045764758
14707.5,136.84359906182095,429.9068455034038,74748.21198719997,308.5002097249691,969.1819925028734,15373226.049745096,1.1955442342559195,1.055746514272061
11469.0,120.84198086165081,379.6362793202006,58289.120739839986,272.42616165450556,855.8520280994601,10586320.95291376,1.1250310269300734,1.167300199834511
8296.5,102.77855750542172,322.888361205589,42165.46257024,231.70398004022272,727.9195215018798,6513270.331841099,1.1111478002231021,1.0142910935754479
