Area [-],Diameter [-],Perimeter [-],Area [mym^2],Diameter [mym],Perimeter [mym],Volume [mym^3] ,Irregularity [-],Diameter Ratio [-]
9187.5,108.1567765664931,339.7845346972474,46693.809120000005,243.82863709150203,766.0102550214746,7590191.8922269,1.0672485644840966,1.0725171707450527
10333.5,114.70405762448338,360.3534247700173,52518.147106560005,258.58882750863535,812.380760801527,9053737.38880759,1.0963152723933827,1.1645562782237937
8374.5,103.2605663716049,324.4026367185552,42561.88348031999,232.79062082814607,731.3333042183108,6605338.1859992705,1.0679122399503505,1.116913442145697
