Area [-],Diameter [-],Perimeter [-],Area [mym^2],Diameter [mym],Perimeter [mym],Volume [mym^3] ,Irregularity [-],Diameter Ratio [-]
17795.0,150.5234124598636,472.88324677717384,90439.87301119999,339.3399810495165,1066.0679915344606,20459909.86249419,1.0852273938203394,1.154761450013971
11202.0,119.42708813382035,375.19126272083076,56932.14147072,269.2364274888846,845.8311826778408,10218804.25257895,1.092970962777136,1.1937736314198253
10032.0,113.01831317438405,355.0575023897554,50985.82781951998,254.78848522033138,800.4416333874647,8660401.225226752,1.0725539380437779,1.1079603558816988
9374.0,109.2490159788518,343.21590601107476,47641.661680640005,246.2909816227235,773.745938511367,7822474.414308346,1.0615272626069518,1.0274747256661534
5395.5,82.88403925737796,260.3878888308266,27421.654106880007,186.8537781018329,587.0184565802156,3415893.114448114,1.0517578452930545,1.001399072048865
6423.5,90.43591220088577,284.1127973909943,32646.278408960006,203.87872046567688,640.5038904382575,4437254.313323347,1.0734388085910334,1.1274801824855727
11025.0,118.47981254502882,372.21530869015834,56032.570944,267.100889401513,839.122191911093,9977566.356397182,1.0750015418053624,1.1399191192434062
