Area [-],Diameter [-],Perimeter [-],Area [mym^2],Diameter [mym],Perimeter [mym],Volume [mym^3] ,Irregularity [-],Diameter Ratio [-]
14809.5,137.31730057700446,431.3950227034987,75266.60856191997,309.56812242079883,972.5369391827674,15533428.462329857,1.0639948626996152,0.9945013485318618
3944.0,70.8636491047101,222.6247194339222,20044.66755584,159.75501054165846,501.8851674918342,2134824.0511248386,1.307483772286398,1.4119594988705833
17458.5,149.09343577689407,468.39084253515205,88729.67254655999,336.11624161543,1055.9403154112467,19882322.704078365,1.1261692613901573,1.256490310396974
