Area [-],Diameter [-],Perimeter [-],Area [mym^2],Diameter [mym],Perimeter [mym],Volume [mym^3] ,Irregularity [-],Diameter Ratio [-]
5664.5,84.92505755754499,266.7999369284737,28788.79801472,191.45504975772943,601.473777811551,3674507.1709156265,1.1621667491093337,1.157796870667085
12421.5,125.75987040756611,395.0862849888141,63130.02993024,283.51305184681706,890.6825208787826,11932124.965802165,1.2419032518865536,1.1532625526719384
