Area [-],Diameter [-],Perimeter [-],Area [mym^2],Diameter [mym],Perimeter [mym],Volume [mym^3] ,Irregularity [-],Diameter Ratio [-]
15962.5,142.56256953644962,447.87352113259413,81126.52278399997,321.393056762972,1009.6860660413201,17382334.094733763,1.194855685996168,1.1202082607354737
