Area [-],Diameter [-],Perimeter [-],Area [mym^2],Diameter [mym],Perimeter [mym],Volume [mym^3] ,Irregularity [-],Diameter Ratio [-]
9334.5,109.01859717649268,342.4920239943344,47440.910065920005,245.7715254746851,772.1140188928274,7773083.224539001,1.0791641657432771,1.1022572068991843
8744.5,105.51702800466202,331.4915200080747,44442.34164352,237.87758793371006,747.3144827062035,7047891.354857608,1.2048697621954898,1.1642307487341166
9589.5,110.49764981318762,347.1386048920478,48736.90150272,249.10590173885018,782.5892708686326,8093766.5311950585,1.0790378152326077,1.0879915089958245
