Area [-],Diameter [-],Perimeter [-],Area [mym^2],Diameter [mym],Perimeter [mym],Volume [mym^3] ,Irregularity [-],Diameter Ratio [-]
10686.0,116.64406446553528,366.4481360097799,54309.66468096,262.9623789311027,826.1206778204477,9520932.41563715,1.2387319668280221,1.0437538890701485
10760.0,117.04724474053351,367.71476419978666,54685.7563136,263.8713085430588,828.9761644119991,9620001.384757647,1.1864472373215382,1.1588668015072239
