Area [-],Diameter [-],Perimeter [-],Area [mym^2],Diameter [mym],Perimeter [mym],Volume [mym^3] ,Irregularity [-],Diameter Ratio [-]
13549.0,131.34352892935655,412.627865581025,68860.34500864,296.1008516183414,930.2282601658627,13593071.199860737,1.2087391301939563,1.134692369977579
16299.5,144.05959863685163,452.5765767566273,82839.26440832,324.76795916691833,1020.2886346401406,17935692.560519215,1.2144453177411945,1.0870485459038353
