Area [-],Diameter [-],Perimeter [-],Area [mym^2],Diameter [mym],Perimeter [mym],Volume [mym^3] ,Irregularity [-],Diameter Ratio [-]
7359.0,96.79757130065848,304.0985388834829,37400.78817024,218.22044474020447,685.5597460589238,5441077.752095967,1.0912507543787684,1.1798179702711633
12968.0,128.4965774490729,403.6839037254393,65907.51746048,289.68268420118994,910.0649925586304,12728177.711325759,1.1280778345243128,1.233221104468045
11791.0,122.52659903862632,384.92866340909063,59925.62757376001,276.2239648726792,867.7831787894539,11035262.963938357,1.1470411047549596,1.2562929783250367
12235.0,124.81220224735527,392.1090976586548,62182.17736960001,281.37662874643775,883.9707497616714,11664407.624247389,1.1168601363110735,1.1052413052128678
9871.0,112.1077497146419,352.19688291400223,50167.574402559985,252.73571095668868,793.9926528413265,8452758.38906905,1.0832140561786725,1.0770679610698057
