Area [-],Diameter [-],Perimeter [-],Area [mym^2],Diameter [mym],Perimeter [mym],Volume [mym^3] ,Irregularity [-],Diameter Ratio [-]
11052.0,118.62480115225914,372.67080383348735,56169.79356672,267.427751717653,840.1490601622138,10014241.071995081,1.2206525921497988,1.0912616720544341
12276.5,125.02369883722535,392.7735337916499,62393.093623040004,281.85342665864084,885.4686545798957,11723804.824991478,1.192842099616152,1.039863764589189
12260.5,124.94220038972206,392.5174988676946,62311.776513280005,281.6696965585894,884.8914494473307,11700892.788348144,1.1338627304986624,1.1013107563319622
1016.5,35.97565839874641,113.02086413355767,5166.177629440001,81.1035242941339,254.7942361026924,279330.14191806543,1.0762580002387987,1.069066335607365
