Area [-],Diameter [-],Perimeter [-],Area [mym^2],Diameter [mym],Perimeter [mym],Volume [mym^3] ,Irregularity [-],Diameter Ratio [-]
19392.5,157.13464885656708,493.65305847220293,98558.87818879996,354.2443523822448,1112.8914550197342,23275950.650341336,1.2661249888716186,1.1014697079580444
12310.5,125.1967068874506,393.3170546112495,62565.89248128,282.24345600706863,886.6939679156008,11772542.481388757,1.2276608575904793,1.1098291952210002
10624.0,116.30518872030761,365.3835264580929,53994.56088064,262.19841745106146,823.7206220471245,9438192.27591253,1.3097427831778905,1.1176557786460022
