Area [-],Diameter [-],Perimeter [-],Area [mym^2],Diameter [mym],Perimeter [mym],Volume [mym^3] ,Irregularity [-],Diameter Ratio [-]
10723.5,116.84855265670824,367.0905546089147,54500.25165695998,263.423377109283,827.5689463103372,9571093.563188134,1.0810955160418345,1.1586450880967896
8789.5,105.78817976716356,332.3433683931574,44671.04601472,238.48887246709353,749.2348897055341,7102364.930650816,1.0660402605749961,1.0935833713135854
11890.0,123.03990485570559,386.54126119307176,60428.77719039998,277.38116150670265,871.4186192336609,11174536.270335257,1.0670922304637855,1.0162440743544816
11440.0,120.68910635086442,379.1560098801929,58141.733478400005,272.08152135738874,854.7693086739068,10546194.199439263,1.0948068403681193,1.1278974803998023
16468.5,144.8045076731765,454.91677751273807,83698.17638016,326.44728209840906,1025.5643832247167,18215361.46393099,1.0825231250653857,1.0303513773378126
7423.5,97.2208504403324,305.42830951910025,37728.59776896,219.17468523268536,688.5575809798596,5512769.026854935,1.0922534321485677,1.1911026303171723
18669.0,154.17557867788514,484.3568653373991,94881.82013183998,347.57342457142425,1091.9341172166326,21985599.43519569,1.2143038697915969,1.0952547945407405
