Area [-],Diameter [-],Perimeter [-],Area [mym^2],Diameter [mym],Perimeter [mym],Volume [mym^3] ,Irregularity [-],Diameter Ratio [-]
22319.0,168.5747116234938,529.593075617386,113432.28579584003,380.03482988400447,1193.9146296718352,28738812.957183894,1.0565262747748896,1.0381153751628944
19474.5,157.46651553249322,494.69564838326374,98975.62837632,354.9925126164527,1115.2418697152298,23423738.003401402,1.0584881962732449,1.062180571974634
14946.0,137.9486797168126,433.37855877074975,75960.34515455998,310.9915035535823,977.0086228927781,15748681.300043784,1.058565169069366,1.0454760871543183
18581.5,153.81385048329173,483.22046269866814,94437.11718784,346.7579445295329,1089.3722111078775,21831213.762233347,1.0553622823848814,1.0067778928280926
