Area [-],Diameter [-],Perimeter [-],Area [mym^2],Diameter [mym],Perimeter [mym],Volume [mym^3] ,Irregularity [-],Diameter Ratio [-]
20884.5,163.06738261228548,512.291291254872,106141.69867392,367.6191073611364,1154.9094870049835,26013144.34686746,1.0549816888627894,1.0118516490346177
22195.0,168.10577531838976,528.1198687662696,112802.0781952,378.97765987777785,1190.5934321466782,28499645.08251134,1.0579048532247857,1.0469598659930552
1821.5,48.15813358857566,151.29323869246514,9257.44471424,108.56769636208496,341.07547730829344,670039.6312162644,1.0748013135353718,1.0590111409985894
22321.5,168.5841525701806,529.6227352261402,113444.99159423997,380.05611355421513,1193.9814942938106,28743641.73833163,1.060053613174445,1.066410118926006
22155.0,167.9542262451515,527.6437633111259,112598.78542079999,378.6360076470695,1189.5201000086022,28422636.38509385,1.0544186534370086,1.006226540279624
13850.0,132.7944565657091,417.1860891842806,70390.123136,299.3718228817346,940.5043194570421,14048546.317396052,1.0561649186722226,1.010313843126443
26424.0,183.42323116247283,576.241075517727,134295.20676864003,413.50933233267875,1299.077880647164,37021547.524252914,1.0671331740439776,1.0956932768143675
20224.5,160.47003823921867,504.13149325360257,102787.36789631999,361.76365420649455,1136.5140383909215,24789822.544293363,1.056869258546916,1.046924409337749
24663.0,177.20583199151014,556.7085399577954,125345.24237567997,399.4928276416604,1255.0437324808538,33383016.87205978,1.0585934049218444,1.0157679235332602
