Area [-],Diameter [-],Perimeter [-],Area [mym^2],Diameter [mym],Perimeter [mym],Volume [mym^3] ,Irregularity [-],Diameter Ratio [-]
16576.0,145.27635283668866,456.3991228120598,84244.52571136,327.5110098350309,1028.9061824675075,18394006.459200494,1.057757176135047,1.0256314747073616
21886.5,166.93339179399112,524.4367172988292,111234.18267264,376.3346384603736,1182.2901354784804,27907517.28036209,1.0559360580155153,1.0340917031017782
1507.5,43.811055838546714,137.63649116839056,7661.596435200001,98.76764428241971,310.2877056900197,504478.5542315257,1.4330326689677861,1.6568010777075215
45870.0,241.66815660529608,759.2229053977858,233125.9890432,544.8166922509795,1711.5921179287684,84673953.48550287,1.110015697219289,1.2052968187583684
