Area [-],Diameter [-],Perimeter [-],Area [mym^2],Diameter [mym],Perimeter [mym],Volume [mym^3] ,Irregularity [-],Diameter Ratio [-]
25067.0,178.651324282459,561.249687919861,127398.49939712002,402.7515454623756,1265.2812964465347,34206628.347851746,1.0613300061119424,1.0711400907421869
29751.0,194.6282345791993,611.4426319351635,151204.08327936003,438.7698920353469,1378.4362694346325,44229199.530525595,1.0545287470540994,1.0224621336685953
26738.5,184.51155943978455,579.6601596384236,135893.59620736,415.9628596010503,1306.7858638888622,37684459.25325594,1.0573166494056803,1.0060382515280126
