Area [-],Diameter [-],Perimeter [-],Area [mym^2],Diameter [mym],Perimeter [mym],Volume [mym^3] ,Irregularity [-],Diameter Ratio [-]
23618.0,173.4109903309334,544.786693275391,120034.21864448002,390.93773660205625,1228.1671213200416,31283937.16777957,1.0627734674183618,1.077989762125538
28291.0,189.79257087700375,596.2509463731151,143783.89701376,427.86837178511723,1344.1881335035507,41013721.26946432,1.0593060916185875,1.0674166663098035
1061.0,36.754688911266925,115.4682606686144,5392.340840960001,82.85977068156015,260.31164685132427,297872.0836791712,1.1654158532187167,1.1971261709281416
28696.0,191.14623191609147,600.5035979489638,145842.23635455998,430.9200652316366,1353.775311216144,41897564.00228984,1.0576572406337992,1.0358561506298338
