Area [-],Diameter [-],Perimeter [-],Area [mym^2],Diameter [mym],Perimeter [mym],Volume [mym^3] ,Irregularity [-],Diameter Ratio [-]
15485.0,140.41408173763767,441.12384764751926,78699.71528959998,316.54950586933035,994.4696021365673,16608237.324653238,1.0562362990453422,1.0041727884775624
14602.0,136.3519117292561,428.36216419155494,74212.02729472,307.39174980243496,965.6996629534414,15208109.951006697,1.0558219280658265,1.036432028954594
18996.5,155.52200812605759,488.5867982003546,96546.27972224,350.6088151193842,1101.4700778628794,22566651.158399463,1.0560511506026409,1.015933383987261
24455.5,176.45880450198786,554.3616838846825,124290.66110848,397.8087288692814,1249.7529801496285,32962606.603924707,1.0665013488796,1.087248834412455
19222.5,156.44438995589348,491.4845461807718,97694.88389760001,352.6882327165663,1108.002760909932,22970557.29819645,1.0658127892273082,1.1122162964683873
41233.5,229.1290526490199,719.8301485261499,209561.81533055997,516.5485362919504,1622.785086837352,72165899.31445652,1.1678094533196346,1.191468287603762
39776.0,225.04305395054038,706.9936050324292,202154.33486335998,507.33706082609825,1593.8463831851084,68373590.72188793,1.0575704145016527,1.0285973935518258
30959.0,198.5402303450258,623.7325290939584,157343.52506624,447.58909528982616,1406.1426135894199,46950164.0227403,1.0588524021059036,1.0426098511131607
