Area [-],Diameter [-],Perimeter [-],Area [mym^2],Diameter [mym],Perimeter [mym],Volume [mym^3] ,Irregularity [-],Diameter Ratio [-]
16814.5,146.3177580642534,459.6707938243872,85456.65887872,329.8587537800529,1036.2818375976985,18792417.99996112,1.0525587475368057,1.029360625847834
17015.0,147.18753633942242,462.4032828639102,86475.66391039999,331.8195819235939,1042.441960888399,19129545.763542764,1.0555140366189841,1.0136695513519507
