Area [-],Diameter [-],Perimeter [-],Area [mym^2],Diameter [mym],Perimeter [mym],Volume [mym^3] ,Irregularity [-],Diameter Ratio [-]
18186.5,152.1702039833227,478.05679492926686,92429.60104064,343.05250786000266,1077.731238488539,21138804.291660707,1.0559437348020013,1.0315927315757936
32001.0,201.85375565262575,634.1422758577983,162639.30183935998,455.0591067432795,1429.6103466938202,49340330.277579844,1.114326743493773,1.2077302243081929
22045.0,167.53675944009024,526.3322526632279,112039.7302912,377.69487048173943,1186.563430403981,28211220.9474292,1.0563940889888739,1.0266403658207666
24021.0,174.88421056254148,549.4149511321308,122082.39334656,394.2589642921935,1238.6010658322757,32088051.972751286,1.06047659600044,1.0512542125452569
23641.0,173.49540650139411,545.0518944963546,120151.11198976003,391.1280444167429,1228.764990952582,31329646.311367944,1.0637762678135014,1.0723099333285542
19059.5,155.77968129021139,489.3963023198874,96866.46584192,351.18971350065254,1103.2950239499542,22679004.25789642,1.06008377060842,1.0191367828445557
25012.0,178.45522545702013,560.6336252904847,127118.97183231999,402.3094602703062,1263.8924448548687,34094109.96531794,1.0764072952848842,1.0318725645375437
28368.0,190.05067588684628,597.0618071758911,144175.23560447997,428.45024371930623,1346.0161380973288,41181276.5553519,1.0595916361837854,1.0617675595856724
18545.5,153.66477793198402,482.75213746662797,94254.15369088002,346.4218753698648,1088.3164187047662,21767800.455329407,1.058812967695539,1.0282122040350383
