Area [-],Diameter [-],Perimeter [-],Area [mym^2],Diameter [mym],Perimeter [mym],Volume [mym^3] ,Irregularity [-],Diameter Ratio [-]
23640.0,173.49173708721474,545.0403666917257,120146.02967039998,391.1197720894169,1228.7390026698265,31327658.494756777,1.0577190186588863,1.0152578903047313
1661.0,45.98750791035654,144.47401700807862,8441.732456959999,103.67423783310778,325.70222394301237,583460.1189775575,1.1181187270220354,1.1128025157528665
