Area [-],Diameter [-],Perimeter [-],Area [mym^2],Diameter [mym],Perimeter [mym],Volume [mym^3] ,Irregularity [-],Diameter Ratio [-]
11678.5,121.94067419523971,383.08792622555154,59353.86664576,274.9030559057484,863.6334208828832,10877706.213827796,1.0964363446039938,1.0348826672803417
19442.0,157.33506674845577,494.2826898490084,98810.45299711998,354.69617447771867,1114.3108959956044,23365126.450992595,1.0555295997794527,1.0296496728158029
22641.5,169.78825975938733,533.4055495258867,115071.33378943999,382.7706528015628,1202.509470851159,29363953.03555365,1.056285399723721,1.0167041918530562
24936.0,178.18389738558312,559.7812230145455,126732.71556095999,401.6977782660586,1261.9707891639914,33938833.51630799,1.0578354392640004,1.0158044731074825
