Area [-],Diameter [-],Perimeter [-],Area [mym^2],Diameter [mym],Perimeter [mym],Volume [mym^3] ,Irregularity [-],Diameter Ratio [-]
19468.0,157.44023455554222,494.6130842591453,98942.59330048,354.93326478201436,1115.055737153817,23412011.777425617,1.0598492189272524,1.0708794883228314
19372.5,157.0535993869034,493.3984340537301,98457.2318016,354.061634457835,1112.3174297307291,23239952.277245615,1.0548430957952475,1.0310330045928948
26350.0,183.16621414379765,575.4336327400096,133919.11513599998,412.9299131657774,1297.2575816490776,36866139.05623082,1.0611852738963006,1.059642379412965
30890.5,198.32046328264147,623.0421105052708,156995.38619007997,447.0936524243869,1404.5861339230823,46794427.083666675,1.0604152049713638,1.0587672913375104
27406.0,186.8004361959893,586.8508780406889,139286.04438016,421.1229033602383,1322.996619454929,39104362.27129065,1.0604032039599045,1.0597330053276108
36686.0,216.12511639824322,678.9770779329598,186449.96804096003,487.2324624081995,1530.6859244920647,60562984.69635137,1.0578261027952158,1.0641983857914514
37155.0,217.50221903381808,683.303373456121,188833.5758208,490.33700258983947,1540.439125119479,61728059.704194844,1.0779733434635637,1.1373967728716359
