Area [-],Diameter [-],Perimeter [-],Area [mym^2],Diameter [mym],Perimeter [mym],Volume [mym^3] ,Irregularity [-],Diameter Ratio [-]
17875.5,150.86349287323756,473.9516409054592,90848.99971968,340.10665833342676,1068.4765792572673,20598899.80506319,1.05809818111751,1.0061367647649875
23787.0,174.0303107237797,546.7323456717753,120893.13061631999,392.33393249568894,1232.5534000824503,31620318.23094386,1.0587314107467751,1.0435165855288304
1009.0,35.84269382507095,112.60314360571114,5128.060234240002,80.80376895923996,253.8525269447152,276244.3962510633,1.0633816305318637,1.0043887933115958
27839.5,188.2720167886204,591.473984819664,141489.22982272,424.4404346482658,1333.4189513774506,40035833.46933576,1.0576469050760242,1.0463583667942475
19062.5,155.79194081053757,489.4348167388807,96881.71280000001,351.2173513632759,1103.3818508561326,22684359.043435723,1.0559140049098796,1.0121500100245198
48095.5,247.46129500148103,777.4225864244694,244436.69077887997,557.8767434513388,1752.6214788353238,90910363.35449564,1.0646439779885934,1.1086882167708612
26973.5,185.3206055999006,582.2018531114592,137087.94125695998,417.7867732644159,1312.5158576544736,38182352.42080473,1.058493575516262,1.057626589150889
