Area [-],Diameter [-],Perimeter [-],Area [mym^2],Diameter [mym],Perimeter [mym],Volume [mym^3] ,Irregularity [-],Diameter Ratio [-]
21666.0,166.09036087693963,521.7882575630712,110113.53125376,374.4341095609727,1176.3194478501875,27486841.35041064,1.0608306938791268,1.058188704748961
17511.5,149.31957101341337,469.10126733291884,88999.03547263998,336.6260408926391,1057.5418970753321,19972928.636278894,1.0625806544325767,1.041815823374652
26255.0,182.83573022530825,574.3953868895537,133436.29479679998,412.1848702199349,1294.9169602038098,36666947.90229865,1.056139570433209,1.0063678460072165
2038.5,50.946038235986805,160.05169945168086,10360.30801536,114.85274859920865,360.8205512438693,793273.2345990055,1.1771768863156638,1.3771650303783995
17613.0,149.75168814213887,470.4588033300132,89514.89088767997,337.60020574763786,1060.6023262271817,20146830.38743874,1.060155413834039,1.0484022046615014
18816.5,154.78343546229095,486.2665037457231,95631.46223743998,348.9437769061887,1096.239206044358,22246669.082795914,1.058680936316935,1.0378610058421809
20102.0,159.9833157809471,502.6024095543594,102164.78377471997,360.6663870965671,1133.0668720993478,24564935.635020155,1.065912139715464,1.0964366781693689
