Area [-],Diameter [-],Perimeter [-],Area [mym^2],Diameter [mym],Perimeter [mym],Volume [mym^3] ,Irregularity [-],Diameter Ratio [-]
25097.0,178.75819660708814,561.585437229788,127550.96897791998,402.9924784310195,1266.038209690834,34268054.07646004,1.0559120726861635,1.0232277908704581
20757.5,162.57081487721018,510.7312777063498,105496.2441152,366.4996450591826,1151.392592461195,25776224.015531793,1.0542881455311142,1.0333958166285289
17124.5,147.66038935278917,463.888794416931,87032.17788031998,332.8855817569279,1045.790898133529,19314504.77684183,1.055922283362593,1.0090722410599247
