Area [-],Diameter [-],Perimeter [-],Area [mym^2],Diameter [mym],Perimeter [mym],Volume [mym^3] ,Irregularity [-],Diameter Ratio [-]
17914.0,151.02586932173475,474.461761563174,91044.66901503998,340.47271979891883,1069.6265952680194,20665484.05516201,1.0557259262951184,1.0263142380581107
36584.0,215.82445529779798,678.0325232285809,185931.57146624,486.55465202335574,1528.5565203665126,60310580.703274734,1.0626687102996057,0.9983772580728106
13595.5,131.56872056247605,413.3353259612831,69096.67285888002,296.608523636046,931.8231588471167,13663108.083223501,1.1435241858511258,1.0969372600032634
15042.0,138.39100126780758,434.7681529058801,76448.24781312,311.9886732581454,980.141323911016,15900658.272083485,1.0532763662636335,0.9963495980104612
27480.5,187.05416143217622,587.647979378724,139664.67717247998,421.69490153269805,1324.7936047113953,39263921.52523001,1.067010344913406,1.104053610379078
18051.5,151.6043655103203,476.27916093936403,91743.48792704001,341.7768816064661,1073.7237404217024,20903868.807602804,1.0620462882092052,1.091058962590048
