Area [-],Diameter [-],Perimeter [-],Area [mym^2],Diameter [mym],Perimeter [mym],Volume [mym^3] ,Irregularity [-],Diameter Ratio [-]
23999.0,174.80410702869418,549.1632984586695,121970.58232063998,394.0783788854881,1238.0337400452245,32043979.56842452,1.0570618309998743,1.033581469907993
25693.5,180.87006452880172,568.2200659779953,130582.57247615997,407.7534734737306,1280.9953167407925,35496998.3348596,1.0586930407712796,1.059512078151662
39696.0,224.8166296513828,706.2822721176015,201747.74931455997,506.8266098860774,1592.2427542619207,68167418.55816309,1.0604955805896354,1.056284976938921
