Area [-],Diameter [-],Perimeter [-],Area [mym^2],Diameter [mym],Perimeter [mym],Volume [mym^3] ,Irregularity [-],Diameter Ratio [-]
23635.5,173.4752237628992,544.9884885533696,120123.15923328,391.0825444510799,1228.6220485947163,31318713.840302248,1.058894564507795,1.0087895908362385
21074.5,163.8074686500014,514.6163401139847,107107.33935232,369.2875573245631,1160.1510771529672,26368938.48063421,1.2441915587914971,1.450789351573219
1813.5,48.05226232319575,150.96063430292136,9216.78615936,108.32902018141249,340.3256539725059,665630.2759100485,1.1634795390777235,1.3060082876001742
30434.5,196.85123551616917,618.4263953476712,154677.84856191993,443.78142534765175,1394.18046567179,45762104.06967804,1.0572881512816241,1.0497284906541704
1925.5,49.51386415326071,155.55239187472685,9786.005927680002,111.62405534711095,350.67731224238423,728235.7781990055,1.2959025040004668,1.5014096092471587
15966.0,142.5781980922806,447.9226196887789,81144.31090175996,321.42828977923733,1009.7967538263832,17388051.385644954,1.0580644946869375,1.009972084980336
1852.0,48.559650295791066,152.55464063014665,9412.45545472,109.47287562683138,343.9191818366026,686939.0435584355,1.136236123681426,1.3445974584933573
