Area [-],Diameter [-],Perimeter [-],Area [mym^2],Diameter [mym],Perimeter [mym],Volume [mym^3] ,Irregularity [-],Diameter Ratio [-]
1577.0,44.809583372838354,140.77345793452832,8014.817630719997,101.01872475572678,317.3596835676006,539764.4374700332,1.3390994950947654,1.505149835086575
14454.0,135.659147791817,426.18578209502425,73459.84402944,305.8299827818722,960.7932271550227,14977481.889788436,1.057326008717078,1.0172553952039805
13058.0,128.9416999079497,405.0822971721945,66364.92620288,290.6861682724818,913.2175307449952,12860910.73706747,1.0569013598327812,1.0453577625035593
15451.5,140.26211471910497,440.646429178509,78529.45759103999,316.20691142275024,993.3933099400306,16554371.493711067,1.0568300315369035,1.0266492865046324
20222.5,160.46210360520277,504.10656586566927,102777.20325759998,361.7457663675691,1136.4578420875648,24786145.438357282,1.0688237645939735,1.06025369927229
26372.0,183.24266226442933,575.6738015941668,134030.92616192,413.1022578089295,1297.7990183138897,36912318.80914072,1.0662518745724179,1.0692247898208553
