Area [-],Diameter [-],Perimeter [-],Area [mym^2],Diameter [mym],Perimeter [mym],Volume [mym^3] ,Irregularity [-],Diameter Ratio [-]
32883.0,204.61655834640158,642.8218765038824,167121.90751488003,461.28756913612773,1449.1776383903527,51394172.31128784,1.0615410529120093,1.0655006381117849
