Area [-],Diameter [-],Perimeter [-],Area [mym^2],Diameter [mym],Perimeter [mym],Volume [mym^3] ,Irregularity [-],Diameter Ratio [-]
16668.0,145.6789508873732,457.6639218904399,84712.09909247998,328.4186268804941,1031.7575455098076,18547354.176077753,1.0548339605667336,1.029661451337383
17567.5,149.55813485777017,469.8507377537623,89283.64535679999,337.16385922335706,1059.2315031920818,20068812.289352167,1.0570568527311182,1.036386286492574
19088.5,155.8981496031212,489.7684815014081,97013.85310336002,351.4567884652764,1104.1340646967744,22730784.832232665,1.0627813474767074,1.0891321439371757
17884.0,150.89935724861007,474.0643121636551,90892.19943424,340.18751098126654,1068.730585341744,20613594.06209799,1.0580587096363836,1.0404285535911129
