Area [-],Diameter [-],Perimeter [-],Area [mym^2],Diameter [mym],Perimeter [mym],Volume [mym^3] ,Irregularity [-],Diameter Ratio [-]
16418.0,144.58231857824768,454.218749884402,83441.51925248001,325.94637900280156,1023.9907497393958,18131640.705892276,1.0573631454654984,1.044387733471566
12149.0,124.37277527251489,390.72859710270706,61745.09790464,280.38598457435756,880.8585493083427,11541640.045755059,1.0590186844434881,1.0290542109763765
14336.0,135.10426386063207,424.44256281321873,72860.13034496001,304.57905244740897,956.8633136061203,14794446.307775088,1.0745226694954637,1.0851547916938906
52240.5,257.9043823527186,810.2305129279138,265502.90452607995,581.4196395759687,1826.5836683446887,102912402.03728415,1.1214695360751108,1.1473518645755971
