Area [-],Diameter [-],Perimeter [-],Area [mym^2],Diameter [mym],Perimeter [mym],Volume [mym^3] ,Irregularity [-],Diameter Ratio [-]
30570.0,197.28895783229717,619.8015405603313,155366.5028352,444.7682265371307,1397.2805930392108,46068055.952858664,1.0591143192533425,1.0064217233744814
