Area [-],Diameter [-],Perimeter [-],Area [mym^2],Diameter [mym],Perimeter [mym],Volume [mym^3] ,Irregularity [-],Diameter Ratio [-]
18209.5,152.2663964565227,478.3589924964026,92546.49438592,343.26936417158475,1078.41251268389,21178917.52277593,1.0849635861180336,1.1340213196222464
20549.0,161.75227789667403,508.1597679416058,104436.58052864001,364.65433529026194,1145.595380847556,25388834.568439424,1.0571199992027358,1.0579130306814397
17118.5,147.63451881775103,463.8075197341107,87001.68396415998,332.8272592227379,1045.607672488579,19304354.68103613,1.0571536152263146,1.0106005365179003
10487.5,115.55561312809525,363.02866528428825,53300.82428799999,260.5085742359779,818.4118230168995,9256881.160579506,1.0612439466689292,1.025594148976499
