Area [-],Diameter [-],Perimeter [-],Area [mym^2],Diameter [mym],Perimeter [mym],Volume [mym^3] ,Irregularity [-],Diameter Ratio [-]
15482.5,140.40274659479476,441.08823724603656,78687.00949119999,316.52395192330533,994.3893220474649,16604215.472787505,1.057649620480509,1.038381580933884
18030.5,151.51615627169053,476.00204344330604,91636.75922047997,341.57802269889913,1073.0990067385892,20867402.014044445,1.0654244668023325,1.0655240406585504
19557.5,157.80171860964614,495.7487199079081,99397.46088319998,355.74819443358626,1117.615914160388,23573644.82698761,1.0650005319364673,1.0661047993515342
20145.0,160.15433378054385,503.1396784455242,102383.32350719997,361.05193007485803,1134.2780910875897,24643797.70650209,1.0775465326335443,1.093360642693845
