Area [-],Diameter [-],Perimeter [-],Area [mym^2],Diameter [mym],Perimeter [mym],Volume [mym^3] ,Irregularity [-],Diameter Ratio [-]
34897.0,210.7895642403176,662.2149464707755,177357.69870592002,475.20399362337196,1492.8973753237162,56187391.14993595,1.0949135279679834,1.099566581864964
