Area [-],Diameter [-],Perimeter [-],Area [mym^2],Diameter [mym],Perimeter [mym],Volume [mym^3] ,Irregularity [-],Diameter Ratio [-]
18236.0,152.37715162645097,478.7069401245964,92681.17584896,343.51905062667106,1079.19692581689,21225166.35906553,1.0564501313948058,1.0040875444047932
16210.5,143.66575667127276,451.3392857308893,82386.93798528,323.8800818397173,1017.4992857517169,17788992.14479747,1.0550237391882722,1.0092871353594732
