Area [-],Diameter [-],Perimeter [-],Area [mym^2],Diameter [mym],Perimeter [mym],Volume [mym^3] ,Irregularity [-],Diameter Ratio [-]
17191.5,147.94896969331876,464.7953962947092,87372.69327744,333.5361572766178,1047.8347414067923,19427968.244443946,1.0571215586793024,1.0476585292976168
