Area [-],Diameter [-],Perimeter [-],Area [mym^2],Diameter [mym],Perimeter [mym],Volume [mym^3] ,Irregularity [-],Diameter Ratio [-]
17167.5,147.84566237885002,464.4708467945121,87250.7176128,333.3032612668795,1047.103077013548,19387299.15214787,1.058905027993368,1.0479289344283604
23654.0,173.54310182535502,545.2017337757208,120217.18214144002,391.23556875508035,1229.102788623985,31355491.752826244,1.0574059583306568,1.0227072888476219
