Area [-],Diameter [-],Perimeter [-],Area [mym^2],Diameter [mym],Perimeter [mym],Volume [mym^3] ,Irregularity [-],Diameter Ratio [-]
18476.0,153.37657522753227,481.84672196757765,93900.93249535999,345.77215119294874,1086.275250003707,21645551.61862966,1.056148271881651,1.0040646674470524
