Area [-],Diameter [-],Perimeter [-],Area [mym^2],Diameter [mym],Perimeter [mym],Volume [mym^3] ,Irregularity [-],Diameter Ratio [-]
14937.5,137.90944746275179,433.25530700960854,75917.14544000001,310.9030583600276,976.7307641224614,15735248.466172682,1.0602183663219154,1.049591147084723
