Area [-],Diameter [-],Perimeter [-],Area [mym^2],Diameter [mym],Perimeter [mym],Volume [mym^3] ,Irregularity [-],Diameter Ratio [-]
1859.5,48.657876376132926,152.86322696253956,9450.57284992,109.69431650235407,344.6148588643492,691116.0862184524,1.0975938944456451,1.108454918819738
108678.5,371.98624149624186,1168.629243521072,552338.8445657599,838.6057828291276,2634.557766593905,308796366.08933663,1.1163334008109649,1.0388256067038344
1028.0,36.17858830838687,113.65838724687778,5224.62430208,81.56100948242737,256.23146820936125,284083.7548293783,1.2204174304110007,1.1395768839026068
5035.0,80.06722867529227,251.53861739959223,25589.4779776,180.5035603255789,567.0686590656406,3079327.9212198625,1.1481097423203714,1.2489504339602393
116491.0,385.12458738146523,1209.9045744344114,592044.46456576,868.2248697927752,2727.608872604937,342685152.10609347,1.149247123992579,1.055877875818973
2039.5,50.95853266615283,160.09095186170123,10365.390334720003,114.88091604257494,360.90904187701926,793857.0245276574,1.1488711750550926,1.2166755351097664
4559.0,76.18857581322548,239.3534700622982,23170.29396224,171.75952531333553,539.598462908445,2653145.794883191,1.1431727487025378,1.0409410427382062
1860.5,48.67095820897479,152.90432475249102,9455.65516928,109.72380818631277,344.7075097220158,691673.6627133304,1.1004726393497266,1.2122218705182708
2598.0,57.51414032411467,180.68600071977113,13203.865697280002,129.6598779466841,407.338520022652,1141341.0764891559,1.1318511983673183,1.2139158998689772
