Area [-],Diameter [-],Perimeter [-],Area [mym^2],Diameter [mym],Perimeter [mym],Volume [mym^3] ,Irregularity [-],Diameter Ratio [-]
44917.5,239.14584932764706,751.2988433842276,228285.0798527999,539.1304027242475,1693.7281125254024,82050284.691318,1.0555731122999081,1.0303336221306842
68180.0,294.63447211764515,925.6214930991007,346512.5339648,664.2239539420192,2086.7210940426125,153441283.60037845,1.0583818951459958,1.0419690465731295
