Area [-],Diameter [-],Perimeter [-],Area [mym^2],Diameter [mym],Perimeter [mym],Volume [mym^3] ,Irregularity [-],Diameter Ratio [-]
67954.5,294.1468283743777,924.0895150976828,345366.47094912006,663.1246098871972,2083.267402836216,152680670.87750217,1.0632423279637138,1.0777310474009778
75262.5,309.559673141755,972.5103949897951,382508.060832,697.8713271307724,2192.427434464994,177960938.7006974,1.0551948305321377,1.0257201890115433
