Area [-],Diameter [-],Perimeter [-],Area [mym^2],Diameter [mym],Perimeter [mym],Volume [mym^3] ,Irregularity [-],Diameter Ratio [-]
75293.5,309.62341911024265,972.7106588560919,382665.61273215996,698.015036042131,2192.8789093251735,178070900.97554848,1.0594425771906568,1.0455120862166074
