Area [-],Diameter [-],Perimeter [-],Area [mym^2],Diameter [mym],Perimeter [mym],Volume [mym^3] ,Irregularity [-],Diameter Ratio [-]
3537.0,67.1077362882125,210.82517132208955,17976.163576320007,151.28768068814625,475.2842662285187,1813048.0634214578,1.4058658860151463,1.7126046876187526
2915.0,60.92202617200941,191.39218986378987,14814.9609344,137.34261580217802,431.47455282892787,1356483.658491717,1.1146645726298414,1.1583859702678951
84941.0,328.8620382004427,1033.1505632550768,431697.28875775984,741.386578919078,2329.134629802245,213369717.36050466,1.08273821096098,1.088010339562144
77219.0,313.55746587333005,985.0698312658859,392451.6186598401,706.8839510648353,2220.7414276058134,184945167.20003852,1.12853462768152,1.223798740115063
84178.5,327.3826431203843,1028.5029065398082,427822.02024576,738.0514306505943,2318.6569525033437,210503102.73747376,1.0594464810847688,1.001468962383696
68180.0,294.63447211764515,925.6214930991007,346512.5339648,664.2239539420192,2086.7210940426125,153441283.60037845,1.0720875964388275,1.0499786110408127
135903.0,415.97725159934265,1306.8310776849678,690702.44798208,937.7791160055581,2946.1199815329915,431817554.0610066,1.0847103343617797,1.0567680311639793
1192.0,38.95768906550174,122.38918976901567,6058.124677119999,87.82621422926712,275.91418941526894,354708.1038135672,1.2461040614020045,1.2926506148870072
