Area [-],Diameter [-],Perimeter [-],Area [mym^2],Diameter [mym],Perimeter [mym],Volume [mym^3] ,Irregularity [-],Diameter Ratio [-]
64396.5,286.3427497642256,899.5722790679915,327283.57866624,645.5310950684701,2027.99574593088,140847817.95623043,1.0704343948973367,1.0058070422120424
