Area [-],Diameter [-],Perimeter [-],Area [mym^2],Diameter [mym],Perimeter [mym],Volume [mym^3] ,Irregularity [-],Diameter Ratio [-]
77104,313.3238929,984.3360401,391867.1519,706.3573841,2219.087169,184532170.9,1.102708415,1.156987055
1359.5,41.60491751,130.7057032,6909.41317,93.79412604,294.6629373,432041.5798,1.189225833,1.241424238
