Area [-],Diameter [-],Perimeter [-],Area [mym^2],Diameter [mym],Perimeter [mym],Volume [mym^3] ,Irregularity [-],Diameter Ratio [-]
2085.0,51.523824108588975,161.86686730439578,10596.6358656,116.15530907040298,364.91266565102984,820570.3427168569,1.2754357627167177,1.2740004030430983
52727.0,259.10249222122684,813.9944860890128,267975.45289471996,584.1206584635338,1835.0691694390705,104353331.99795169,1.0568426152175259,1.0093316856300947
