Area [-],Diameter [-],Perimeter [-],Area [mym^2],Diameter [mym],Perimeter [mym],Volume [mym^3] ,Irregularity [-],Diameter Ratio [-]
63791.5,284.99449190812993,895.3366020921368,324208.77545344,642.491582557688,2018.4468357565129,138867606.1467805,1.0625718999230163,1.090151684201494
69152.0,296.7272501768686,932.1961492755511,351452.54838272,668.9419127987326,2101.5429989268023,156734226.64875054,1.0650468828361122,1.0859672773306175
43504.0,235.35295441986386,739.3831126060977,221101.22143743996,530.579700444141,1666.8652890591866,78207879.89207374,1.0569547723426012,1.0260985735480728
71719.5,302.1855448704215,949.343887785945,364501.40333952004,681.2470923558782,2140.200860624634,165543680.78979012,1.0576207620527596,1.0186580254881026
