Area [-],Diameter [-],Perimeter [-],Area [mym^2],Diameter [mym],Perimeter [mym],Volume [mym^3] ,Irregularity [-],Diameter Ratio [-]
42629.5,232.9754604508544,731.9139950191036,216656.73315711998,525.2198780404061,1650.026910371067,75861615.31027691,1.0576110051019967,1.0046222118619574
1511.0,43.861884958296436,137.79617555758475,7679.384552960001,98.88223344998349,310.64769817701904,506236.46407865867,1.2859279832731088,1.5205523024043601
