Area [-],Diameter [-],Perimeter [-],Area [mym^2],Diameter [mym],Perimeter [mym],Volume [mym^3] ,Irregularity [-],Diameter Ratio [-]
58190.5,272.19560196283754,855.1277034659018,295742.70471808006,613.637765065021,1927.7998946935293,120985928.2383247,1.062519619795563,1.085875802343548
