Area [-],Diameter [-],Perimeter [-],Area [mym^2],Diameter [mym],Perimeter [mym],Volume [mym^3] ,Irregularity [-],Diameter Ratio [-]
36197.5,214.68136486558643,674.4413987243563,183967.25503359997,483.97766895297804,1520.4606892841887,59357362.169893146,1.1579473021047688,1.2801552204718532
8649.0,104.93926253988266,329.67641626842595,43956.980144639994,236.57507346991147,743.2225128355394,6932750.538155764,1.064738985150635,1.059826315488969
5978.5,87.24713530081759,274.09495930780326,30384.64629376,196.68994182216318,617.9196762635116,3984236.2078711074,1.064616914335523,1.069812562189519
3212.5,63.955312816541756,200.9215409024847,16326.950944000002,144.18085721361174,452.95752181056156,1569355.8551936718,1.0578820749484417,1.0503449584173534
3820.5,69.74533447235513,219.11143040051383,19417.00111488,157.2338820344774,493.96480869491836,2035340.308506905,1.1280959316027397,1.2465567962166542
