Area [-],Diameter [-],Perimeter [-],Area [mym^2],Diameter [mym],Perimeter [mym],Volume [mym^3] ,Irregularity [-],Diameter Ratio [-]
3038.5,62.199182926126866,195.40449614000786,15442.62737536,140.2218379886604,440.5198960980337,1443595.7292979881,1.0912624453309125,1.1643429594744246
10560.0,115.95434270609842,364.281311197312,53669.292441599995,261.40747019662825,821.2357879632201,9353035.976267783,1.0842182831275953,1.162508267773473
3573.5,67.45310603012365,211.91018236604984,18161.668232959997,152.06628223431076,477.7303151260228,1841184.9115728075,1.0658525341975424,1.0970584507547005
5141.5,80.90958607764496,254.18496122652041,26130.744989439998,182.4025708534428,573.0345765890676,3177543.376259716,1.0682058361738664,1.062914843211162
3004.5,61.85020785863857,194.30815863170062,15269.828517119999,139.4351085965148,438.04831281930586,1419433.4650231905,1.0700728237312367,1.113660272268754
4454.5,75.31032832236747,236.59437419698497,22639.191589120008,169.77960416994523,533.3783571896829,2562448.657818899,1.1024588739290484,1.1750481669105413
