Area [-],Diameter [-],Perimeter [-],Area [mym^2],Diameter [mym],Perimeter [mym],Volume [mym^3] ,Irregularity [-],Diameter Ratio [-]
1841.0,48.415224897313394,152.1009148592974,9356.54994176,109.14728300850331,342.89630245880005,680828.0029843159,1.3468216971587117,1.1212372592749693
7424.5,97.22739840130566,305.44888054518987,37733.68008832,219.1894469559035,688.6039563010761,5513882.980113232,1.3475417510547305,1.216585453098056
4211.5,73.22737427118453,230.05058105202355,21404.18798464,165.0837925569584,518.6260299236819,2355656.352737634,1.215045220801186,1.1302422372701688
1322.5,41.034854671513735,128.91479797715235,6721.3673536,92.50897637146056,290.62552055969223,414524.5424653925,1.1270735838726147,1.1998269847980485
2592.5,57.453228975627724,180.49464207484428,13175.912940799997,129.52255940265513,406.90712109352893,1137718.6443726534,1.1978646471665617,1.1252897105611075
9256.0,108.55922450933714,341.0488621979386,47041.94799615999,244.73591573384965,768.8605549390327,7675236.1471629,1.2891019388339051,1.3614006843458144
4166.5,72.83510529366355,228.81823171401246,21175.483613439996,164.19946137403508,515.8478215760696,2318002.002441035,1.5600929176964433,1.7428452218854071
2832.5,60.053734359008416,188.66437068289378,14395.669587199996,135.38513873894857,425.32495726751574,1299306.482868756,1.1646230219309834,1.114028018035128
1556.0,44.510231763134115,139.8330171166412,7908.088924159999,100.34386648680955,315.23955378775594,529018.8127811522,1.2731212476474962,1.1896445577334884
