Area [-],Diameter [-],Perimeter [-],Area [mym^2],Diameter [mym],Perimeter [mym],Volume [mym^3] ,Irregularity [-],Diameter Ratio [-]
1280.5,40.37800437160529,126.85124190045174,6507.909940480001,91.02817305534697,285.9734397403784,394935.43486041756,1.082342287811959,1.0837935624769828
1683.5,46.297934873616626,145.44925207533268,8556.08464256,104.37406437908132,327.90079387863,595355.5528769509,1.138813757061149,1.187957954283234
9195.5,108.20385498498743,339.9324359109318,46734.46767488,243.93477067815564,766.3436835176046,7600107.770025019,1.148980328278965,1.0390571823100034
37772.5,219.30216757594744,688.9580785729142,191971.90802559996,494.3948065832159,1553.1870923347776,63273276.225151606,1.170205352656658,1.0180328260668234
2152.0,52.34511916377754,164.44704181620583,10937.151262719999,118.00683664282008,370.7294110704544,860439.0815984082,1.3904281846560809,1.2923355991576684
1398.0,42.18991447656368,132.5435253751541,7105.08246528,95.11294319596516,298.8061236057474,450523.53661521646,1.194834154387591,1.1835202276894248
1384.5,41.985713637924896,131.90200952062963,7036.471153919999,94.65259282533788,297.3598902633074,444013.49270615,1.1522398757783445,1.1053628173748087
1857.0,48.62515639638805,152.76043411454742,9437.867051520001,109.62055258001722,344.3831226678357,689722.8009095737,1.332021803160953,1.4788154167407792
3453.0,66.30607926857473,208.30669151849688,17549.248750079998,149.48042510307488,469.60660535929935,1748846.1089343755,1.4917190602816177,1.2093296171493957
