Area [-],Diameter [-],Perimeter [-],Area [mym^2],Diameter [mym],Perimeter [mym],Volume [mym^3] ,Irregularity [-],Diameter Ratio [-]
45936.5,241.8432722792321,759.7730475125517,233463.96328063996,545.2114730263008,1712.8323583122963,84858154.21253061,1.095995330786373,1.017867842368062
