Area [-],Diameter [-],Perimeter [-],Area [mym^2],Diameter [mym],Perimeter [mym],Volume [mym^3] ,Irregularity [-],Diameter Ratio [-]
32230.0,202.57470357084148,636.4072005412856,163803.1529728,456.684411730105,1434.7163929002743,49870897.70327971,1.1173545615487852,1.09045367854248
45990.0,241.9840628272245,760.2153540638194,233735.86736640002,545.528871237695,1713.8294942014745,85006442.5947705,1.0963151821643586,1.0048980444512134
