Area [-],Diameter [-],Perimeter [-],Area [mym^2],Diameter [mym],Perimeter [mym],Volume [mym^3] ,Irregularity [-],Diameter Ratio [-]
23280.0,172.1656661516302,540.8743919823544,118316.39470079997,388.1302777722351,1219.3472292850195,30614783.426820602,1.1723563737809475,1.0859238398024864
