Area [-],Diameter [-],Perimeter [-],Area [mym^2],Diameter [mym],Perimeter [mym],Volume [mym^3] ,Irregularity [-],Diameter Ratio [-]
28743.5,191.30436705442756,601.0003941378349,146083.64652415997,431.27656508750147,1354.8952885443348,42001635.525597624,1.0912719968873812,1.0795862881396945
44326.5,237.56736450889713,746.3398870738398,225281.42911104,535.5718665488577,1682.5486414192642,80436263.65852924,1.0865139824913093,1.040403077971956
52676.5,258.97838303271914,813.6045855741539,267718.79576704,583.840866708962,1834.1901777183728,104203449.1699388,1.118011643534794,1.069587340673928
