Area [-],Diameter [-],Perimeter [-],Area [mym^2],Diameter [mym],Perimeter [mym],Volume [mym^3] ,Irregularity [-],Diameter Ratio [-]
48759.0,249.16237067772053,782.7666732721437,247808.80967424004,561.7116484558532,1764.6691882247208,92798063.32266676,1.088784296204512,1.039659789701759
52827.0,259.34807774441754,814.7660157644966,268483.68483071995,584.6743064670148,1836.8085059394812,104650341.48407318,1.0762494521066726,1.00601650698466
