Area [-],Diameter [-],Perimeter [-],Area [mym^2],Diameter [mym],Perimeter [mym],Volume [mym^3] ,Irregularity [-],Diameter Ratio [-]
35569.0,212.80943909207835,668.5605704662379,180773.01731583997,479.7575994891814,1507.2029500590866,57818152.55990908,1.0748208222679132,0.99619641358235
79179.0,317.5119429448055,997.4931873824225,402412.9646054399,715.7989241747696,2248.7486416349334,192031178.09236905,1.182104573615437,1.2215150333406088
