Area [-],Diameter [-],Perimeter [-],Area [mym^2],Diameter [mym],Perimeter [mym],Volume [mym^3] ,Irregularity [-],Diameter Ratio [-]
34563.5,209.77992040339277,659.0430568099503,175662.74519936,472.92785255740864,1485.746667272352,55383869.907648385,1.1113438404357596,1.0099918365525868
50039.5,252.4128962608194,792.9785005643128,254316.71961471997,569.0396333303912,1787.6907316721865,96477528.58623211,1.0872470761875637,1.0517626417769228
41008.0,228.50165699727333,717.8591269557286,208415.75231488,515.134135534653,1618.3416158089944,71574712.26702003,1.092306131698201,1.0552370440307783
