Area [-],Diameter [-],Perimeter [-],Area [mym^2],Diameter [mym],Perimeter [mym],Volume [mym^3] ,Irregularity [-],Diameter Ratio [-]
118154.5,387.86464364312815,1218.5127150564745,600498.90282112,874.4020526290681,2747.0150648233157,350051648.81886035,1.22119013040017,1.128801218917929
