Area [-],Diameter [-],Perimeter [-],Area [mym^2],Diameter [mym],Perimeter [mym],Volume [mym^3] ,Irregularity [-],Diameter Ratio [-]
60727.0,278.0647727295427,873.5662472292469,308634.00777472,626.8692236414811,1969.3677477536141,128982107.22873174,1.322653586242767,1.0958795369636924
