Area [-],Diameter [-],Perimeter [-],Area [mym^2],Diameter [mym],Perimeter [mym],Volume [mym^3] ,Irregularity [-],Diameter Ratio [-]
54816.5,264.18655435879975,829.9665383508059,278594.95919743995,595.5821681464781,1871.0765640580566,110617459.88899393,1.099963752785284,1.1275139424126341
38027.5,220.04117066452906,691.2797252469824,193267.8994624,496.0608151461143,1558.421012596797,63915087.832596935,1.1031215719178509,1.0701022541520795
